<?xml version="1.0" encoding="UTF-8"?>
<gpx creator="StravaGPX" version="1.1" xmlns="http://www.topografix.com/GPX/1/1" xmlns:xsi="http://www.w3.org/2001/XMLSchema-instance" xsi:schemaLocation="http://www.topografix.com/GPX/1/1 http://www.topografix.com/GPX/1/1/gpx.xsd">
 <metadata>
  <time>2026-07-16T02:16:39Z</time>
 </metadata>
 <trk>
  <name>Lunch Run</name>
  <type>running</type>
  <trkseg>
   <trkpt lat="37.4414660" lon="126.9964610">
    <ele>39.9</ele>
    <time>2026-07-16T02:16:39Z</time>
   </trkpt>
   <trkpt lat="37.4414660" lon="126.9964610">
    <ele>39.9</ele>
    <time>2026-07-16T02:16:40Z</time>
   </trkpt>
   <trkpt lat="37.4414660" lon="126.9964610">
    <ele>39.9</ele>
    <time>2026-07-16T02:16:41Z</time>
   </trkpt>
   <trkpt lat="37.4414600" lon="126.9964600">
    <ele>39.9</ele>
    <time>2026-07-16T02:16:42Z</time>
   </trkpt>
   <trkpt lat="37.4414590" lon="126.9964600">
    <ele>39.9</ele>
    <time>2026-07-16T02:16:43Z</time>
   </trkpt>
   <trkpt lat="37.4414590" lon="126.9964600">
    <ele>39.9</ele>
    <time>2026-07-16T02:16:44Z</time>
   </trkpt>
   <trkpt lat="37.4414590" lon="126.9964600">
    <ele>39.9</ele>
    <time>2026-07-16T02:16:45Z</time>
   </trkpt>
   <trkpt lat="37.4414590" lon="126.9964600">
    <ele>39.9</ele>
    <time>2026-07-16T02:16:46Z</time>
   </trkpt>
   <trkpt lat="37.4414600" lon="126.9964620">
    <ele>39.9</ele>
    <time>2026-07-16T02:16:47Z</time>
   </trkpt>
   <trkpt lat="37.4414580" lon="126.9964630">
    <ele>39.9</ele>
    <time>2026-07-16T02:16:48Z</time>
   </trkpt>
   <trkpt lat="37.4414600" lon="126.9964630">
    <ele>39.9</ele>
    <time>2026-07-16T02:16:49Z</time>
   </trkpt>
   <trkpt lat="37.4414600" lon="126.9964630">
    <ele>39.9</ele>
    <time>2026-07-16T02:16:50Z</time>
   </trkpt>
   <trkpt lat="37.4414600" lon="126.9964630">
    <ele>39.9</ele>
    <time>2026-07-16T02:16:51Z</time>
   </trkpt>
   <trkpt lat="37.4414600" lon="126.9964630">
    <ele>39.9</ele>
    <time>2026-07-16T02:16:52Z</time>
   </trkpt>
   <trkpt lat="37.4414600" lon="126.9964630">
    <ele>39.9</ele>
    <time>2026-07-16T02:16:53Z</time>
   </trkpt>
   <trkpt lat="37.4414570" lon="126.9964730">
    <ele>39.9</ele>
    <time>2026-07-16T02:16:54Z</time>
   </trkpt>
   <trkpt lat="37.4414570" lon="126.9964720">
    <ele>39.9</ele>
    <time>2026-07-16T02:16:55Z</time>
   </trkpt>
   <trkpt lat="37.4414580" lon="126.9964710">
    <ele>39.9</ele>
    <time>2026-07-16T02:16:56Z</time>
   </trkpt>
   <trkpt lat="37.4414720" lon="126.9964600">
    <ele>39.9</ele>
    <time>2026-07-16T02:16:57Z</time>
   </trkpt>
   <trkpt lat="37.4414890" lon="126.9964620">
    <ele>39.9</ele>
    <time>2026-07-16T02:16:58Z</time>
   </trkpt>
   <trkpt lat="37.4415140" lon="126.9964550">
    <ele>39.9</ele>
    <time>2026-07-16T02:16:59Z</time>
   </trkpt>
   <trkpt lat="37.4415410" lon="126.9964490">
    <ele>39.9</ele>
    <time>2026-07-16T02:17:00Z</time>
   </trkpt>
   <trkpt lat="37.4415740" lon="126.9964540">
    <ele>40.0</ele>
    <time>2026-07-16T02:17:01Z</time>
   </trkpt>
   <trkpt lat="37.4416090" lon="126.9964560">
    <ele>40.0</ele>
    <time>2026-07-16T02:17:02Z</time>
   </trkpt>
   <trkpt lat="37.4416440" lon="126.9964540">
    <ele>40.0</ele>
    <time>2026-07-16T02:17:03Z</time>
   </trkpt>
   <trkpt lat="37.4416840" lon="126.9964570">
    <ele>40.0</ele>
    <time>2026-07-16T02:17:04Z</time>
   </trkpt>
   <trkpt lat="37.4417260" lon="126.9964600">
    <ele>40.1</ele>
    <time>2026-07-16T02:17:05Z</time>
   </trkpt>
   <trkpt lat="37.4417750" lon="126.9964590">
    <ele>40.1</ele>
    <time>2026-07-16T02:17:06Z</time>
   </trkpt>
   <trkpt lat="37.4418260" lon="126.9964640">
    <ele>40.1</ele>
    <time>2026-07-16T02:17:07Z</time>
   </trkpt>
   <trkpt lat="37.4418820" lon="126.9964710">
    <ele>40.2</ele>
    <time>2026-07-16T02:17:08Z</time>
   </trkpt>
   <trkpt lat="37.4419350" lon="126.9964730">
    <ele>40.2</ele>
    <time>2026-07-16T02:17:09Z</time>
   </trkpt>
   <trkpt lat="37.4419910" lon="126.9964820">
    <ele>40.2</ele>
    <time>2026-07-16T02:17:10Z</time>
   </trkpt>
   <trkpt lat="37.4420430" lon="126.9964910">
    <ele>40.3</ele>
    <time>2026-07-16T02:17:11Z</time>
   </trkpt>
   <trkpt lat="37.4420930" lon="126.9964930">
    <ele>40.3</ele>
    <time>2026-07-16T02:17:12Z</time>
   </trkpt>
   <trkpt lat="37.4421380" lon="126.9964920">
    <ele>40.4</ele>
    <time>2026-07-16T02:17:13Z</time>
   </trkpt>
   <trkpt lat="37.4421820" lon="126.9964940">
    <ele>40.4</ele>
    <time>2026-07-16T02:17:14Z</time>
   </trkpt>
   <trkpt lat="37.4422140" lon="126.9964960">
    <ele>40.4</ele>
    <time>2026-07-16T02:17:15Z</time>
   </trkpt>
   <trkpt lat="37.4422390" lon="126.9965000">
    <ele>40.3</ele>
    <time>2026-07-16T02:17:16Z</time>
   </trkpt>
   <trkpt lat="37.4422610" lon="126.9965200">
    <ele>40.3</ele>
    <time>2026-07-16T02:17:17Z</time>
   </trkpt>
   <trkpt lat="37.4422820" lon="126.9965630">
    <ele>40.2</ele>
    <time>2026-07-16T02:17:18Z</time>
   </trkpt>
   <trkpt lat="37.4423020" lon="126.9966120">
    <ele>40.1</ele>
    <time>2026-07-16T02:17:19Z</time>
   </trkpt>
   <trkpt lat="37.4423260" lon="126.9966610">
    <ele>40.1</ele>
    <time>2026-07-16T02:17:20Z</time>
   </trkpt>
   <trkpt lat="37.4423400" lon="126.9967150">
    <ele>40.1</ele>
    <time>2026-07-16T02:17:21Z</time>
   </trkpt>
   <trkpt lat="37.4423580" lon="126.9967720">
    <ele>40.0</ele>
    <time>2026-07-16T02:17:22Z</time>
   </trkpt>
   <trkpt lat="37.4423760" lon="126.9968300">
    <ele>40.0</ele>
    <time>2026-07-16T02:17:23Z</time>
   </trkpt>
   <trkpt lat="37.4423870" lon="126.9968920">
    <ele>40.0</ele>
    <time>2026-07-16T02:17:24Z</time>
   </trkpt>
   <trkpt lat="37.4423950" lon="126.9969610">
    <ele>39.9</ele>
    <time>2026-07-16T02:17:25Z</time>
   </trkpt>
   <trkpt lat="37.4424020" lon="126.9970320">
    <ele>39.9</ele>
    <time>2026-07-16T02:17:26Z</time>
   </trkpt>
   <trkpt lat="37.4423970" lon="126.9971090">
    <ele>39.9</ele>
    <time>2026-07-16T02:17:27Z</time>
   </trkpt>
   <trkpt lat="37.4423860" lon="126.9971750">
    <ele>40.0</ele>
    <time>2026-07-16T02:17:28Z</time>
   </trkpt>
   <trkpt lat="37.4423760" lon="126.9972350">
    <ele>40.1</ele>
    <time>2026-07-16T02:17:29Z</time>
   </trkpt>
   <trkpt lat="37.4423620" lon="126.9972980">
    <ele>40.2</ele>
    <time>2026-07-16T02:17:30Z</time>
   </trkpt>
   <trkpt lat="37.4423420" lon="126.9973540">
    <ele>40.3</ele>
    <time>2026-07-16T02:17:31Z</time>
   </trkpt>
   <trkpt lat="37.4423140" lon="126.9974020">
    <ele>40.3</ele>
    <time>2026-07-16T02:17:32Z</time>
   </trkpt>
   <trkpt lat="37.4422870" lon="126.9974520">
    <ele>40.4</ele>
    <time>2026-07-16T02:17:33Z</time>
   </trkpt>
   <trkpt lat="37.4422580" lon="126.9975090">
    <ele>40.5</ele>
    <time>2026-07-16T02:17:34Z</time>
   </trkpt>
   <trkpt lat="37.4422260" lon="126.9975580">
    <ele>40.5</ele>
    <time>2026-07-16T02:17:35Z</time>
   </trkpt>
   <trkpt lat="37.4421890" lon="126.9975960">
    <ele>40.6</ele>
    <time>2026-07-16T02:17:36Z</time>
   </trkpt>
   <trkpt lat="37.4421440" lon="126.9976380">
    <ele>40.6</ele>
    <time>2026-07-16T02:17:37Z</time>
   </trkpt>
   <trkpt lat="37.4420940" lon="126.9976730">
    <ele>40.6</ele>
    <time>2026-07-16T02:17:38Z</time>
   </trkpt>
   <trkpt lat="37.4420430" lon="126.9977050">
    <ele>40.6</ele>
    <time>2026-07-16T02:17:39Z</time>
   </trkpt>
   <trkpt lat="37.4419920" lon="126.9977350">
    <ele>40.6</ele>
    <time>2026-07-16T02:17:40Z</time>
   </trkpt>
   <trkpt lat="37.4419300" lon="126.9977530">
    <ele>40.5</ele>
    <time>2026-07-16T02:17:41Z</time>
   </trkpt>
   <trkpt lat="37.4418750" lon="126.9977650">
    <ele>40.5</ele>
    <time>2026-07-16T02:17:42Z</time>
   </trkpt>
   <trkpt lat="37.4418180" lon="126.9977790">
    <ele>40.5</ele>
    <time>2026-07-16T02:17:43Z</time>
   </trkpt>
   <trkpt lat="37.4417560" lon="126.9977880">
    <ele>40.5</ele>
    <time>2026-07-16T02:17:44Z</time>
   </trkpt>
   <trkpt lat="37.4417030" lon="126.9977850">
    <ele>40.5</ele>
    <time>2026-07-16T02:17:45Z</time>
   </trkpt>
   <trkpt lat="37.4416470" lon="126.9977750">
    <ele>40.5</ele>
    <time>2026-07-16T02:17:46Z</time>
   </trkpt>
   <trkpt lat="37.4415890" lon="126.9977770">
    <ele>40.4</ele>
    <time>2026-07-16T02:17:47Z</time>
   </trkpt>
   <trkpt lat="37.4415300" lon="126.9977840">
    <ele>40.4</ele>
    <time>2026-07-16T02:17:48Z</time>
   </trkpt>
   <trkpt lat="37.4414710" lon="126.9977880">
    <ele>40.4</ele>
    <time>2026-07-16T02:17:49Z</time>
   </trkpt>
   <trkpt lat="37.4414130" lon="126.9977880">
    <ele>40.4</ele>
    <time>2026-07-16T02:17:50Z</time>
   </trkpt>
   <trkpt lat="37.4413560" lon="126.9977840">
    <ele>40.4</ele>
    <time>2026-07-16T02:17:51Z</time>
   </trkpt>
   <trkpt lat="37.4413000" lon="126.9977790">
    <ele>40.4</ele>
    <time>2026-07-16T02:17:52Z</time>
   </trkpt>
   <trkpt lat="37.4412420" lon="126.9977790">
    <ele>40.3</ele>
    <time>2026-07-16T02:17:53Z</time>
   </trkpt>
   <trkpt lat="37.4411830" lon="126.9977790">
    <ele>40.3</ele>
    <time>2026-07-16T02:17:54Z</time>
   </trkpt>
   <trkpt lat="37.4411290" lon="126.9977820">
    <ele>40.3</ele>
    <time>2026-07-16T02:17:55Z</time>
   </trkpt>
   <trkpt lat="37.4410780" lon="126.9977820">
    <ele>40.3</ele>
    <time>2026-07-16T02:17:56Z</time>
   </trkpt>
   <trkpt lat="37.4410310" lon="126.9977790">
    <ele>40.3</ele>
    <time>2026-07-16T02:17:57Z</time>
   </trkpt>
   <trkpt lat="37.4409870" lon="126.9977740">
    <ele>40.3</ele>
    <time>2026-07-16T02:17:58Z</time>
   </trkpt>
   <trkpt lat="37.4409450" lon="126.9977640">
    <ele>40.3</ele>
    <time>2026-07-16T02:17:59Z</time>
   </trkpt>
   <trkpt lat="37.4409010" lon="126.9977570">
    <ele>40.3</ele>
    <time>2026-07-16T02:18:00Z</time>
   </trkpt>
   <trkpt lat="37.4408520" lon="126.9977470">
    <ele>40.3</ele>
    <time>2026-07-16T02:18:01Z</time>
   </trkpt>
   <trkpt lat="37.4408020" lon="126.9977260">
    <ele>40.3</ele>
    <time>2026-07-16T02:18:02Z</time>
   </trkpt>
   <trkpt lat="37.4407510" lon="126.9976950">
    <ele>40.3</ele>
    <time>2026-07-16T02:18:03Z</time>
   </trkpt>
   <trkpt lat="37.4407110" lon="126.9976550">
    <ele>40.4</ele>
    <time>2026-07-16T02:18:04Z</time>
   </trkpt>
   <trkpt lat="37.4406700" lon="126.9976110">
    <ele>40.4</ele>
    <time>2026-07-16T02:18:05Z</time>
   </trkpt>
   <trkpt lat="37.4406260" lon="126.9975660">
    <ele>40.4</ele>
    <time>2026-07-16T02:18:06Z</time>
   </trkpt>
   <trkpt lat="37.4405860" lon="126.9975140">
    <ele>40.4</ele>
    <time>2026-07-16T02:18:07Z</time>
   </trkpt>
   <trkpt lat="37.4405520" lon="126.9974630">
    <ele>40.3</ele>
    <time>2026-07-16T02:18:08Z</time>
   </trkpt>
   <trkpt lat="37.4405220" lon="126.9974060">
    <ele>40.3</ele>
    <time>2026-07-16T02:18:09Z</time>
   </trkpt>
   <trkpt lat="37.4405020" lon="126.9973460">
    <ele>40.2</ele>
    <time>2026-07-16T02:18:10Z</time>
   </trkpt>
   <trkpt lat="37.4404840" lon="126.9972860">
    <ele>40.2</ele>
    <time>2026-07-16T02:18:11Z</time>
   </trkpt>
   <trkpt lat="37.4404680" lon="126.9972290">
    <ele>40.1</ele>
    <time>2026-07-16T02:18:12Z</time>
   </trkpt>
   <trkpt lat="37.4404590" lon="126.9971730">
    <ele>40.0</ele>
    <time>2026-07-16T02:18:13Z</time>
   </trkpt>
   <trkpt lat="37.4404570" lon="126.9971120">
    <ele>39.9</ele>
    <time>2026-07-16T02:18:14Z</time>
   </trkpt>
   <trkpt lat="37.4404580" lon="126.9970550">
    <ele>39.9</ele>
    <time>2026-07-16T02:18:15Z</time>
   </trkpt>
   <trkpt lat="37.4404530" lon="126.9970000">
    <ele>39.8</ele>
    <time>2026-07-16T02:18:16Z</time>
   </trkpt>
   <trkpt lat="37.4404540" lon="126.9969420">
    <ele>39.7</ele>
    <time>2026-07-16T02:18:17Z</time>
   </trkpt>
   <trkpt lat="37.4404570" lon="126.9968900">
    <ele>39.6</ele>
    <time>2026-07-16T02:18:18Z</time>
   </trkpt>
   <trkpt lat="37.4404690" lon="126.9968370">
    <ele>39.6</ele>
    <time>2026-07-16T02:18:19Z</time>
   </trkpt>
   <trkpt lat="37.4404790" lon="126.9967860">
    <ele>39.5</ele>
    <time>2026-07-16T02:18:20Z</time>
   </trkpt>
   <trkpt lat="37.4404880" lon="126.9967330">
    <ele>39.4</ele>
    <time>2026-07-16T02:18:21Z</time>
   </trkpt>
   <trkpt lat="37.4405040" lon="126.9966720">
    <ele>39.3</ele>
    <time>2026-07-16T02:18:22Z</time>
   </trkpt>
   <trkpt lat="37.4405190" lon="126.9966060">
    <ele>39.3</ele>
    <time>2026-07-16T02:18:23Z</time>
   </trkpt>
   <trkpt lat="37.4405450" lon="126.9965270">
    <ele>39.2</ele>
    <time>2026-07-16T02:18:24Z</time>
   </trkpt>
   <trkpt lat="37.4405510" lon="126.9964680">
    <ele>39.2</ele>
    <time>2026-07-16T02:18:25Z</time>
   </trkpt>
   <trkpt lat="37.4405700" lon="126.9964040">
    <ele>39.2</ele>
    <time>2026-07-16T02:18:26Z</time>
   </trkpt>
   <trkpt lat="37.4405860" lon="126.9963480">
    <ele>39.2</ele>
    <time>2026-07-16T02:18:27Z</time>
   </trkpt>
   <trkpt lat="37.4406080" lon="126.9962950">
    <ele>39.2</ele>
    <time>2026-07-16T02:18:28Z</time>
   </trkpt>
   <trkpt lat="37.4406450" lon="126.9962640">
    <ele>39.2</ele>
    <time>2026-07-16T02:18:29Z</time>
   </trkpt>
   <trkpt lat="37.4406880" lon="126.9962480">
    <ele>39.2</ele>
    <time>2026-07-16T02:18:30Z</time>
   </trkpt>
   <trkpt lat="37.4407330" lon="126.9962370">
    <ele>39.2</ele>
    <time>2026-07-16T02:18:31Z</time>
   </trkpt>
   <trkpt lat="37.4407810" lon="126.9962300">
    <ele>39.3</ele>
    <time>2026-07-16T02:18:32Z</time>
   </trkpt>
   <trkpt lat="37.4408320" lon="126.9962170">
    <ele>39.3</ele>
    <time>2026-07-16T02:18:33Z</time>
   </trkpt>
   <trkpt lat="37.4408800" lon="126.9962020">
    <ele>39.3</ele>
    <time>2026-07-16T02:18:34Z</time>
   </trkpt>
   <trkpt lat="37.4409300" lon="126.9961830">
    <ele>39.4</ele>
    <time>2026-07-16T02:18:35Z</time>
   </trkpt>
   <trkpt lat="37.4409830" lon="126.9961650">
    <ele>39.4</ele>
    <time>2026-07-16T02:18:36Z</time>
   </trkpt>
   <trkpt lat="37.4410380" lon="126.9961510">
    <ele>39.5</ele>
    <time>2026-07-16T02:18:37Z</time>
   </trkpt>
   <trkpt lat="37.4410980" lon="126.9961260">
    <ele>39.5</ele>
    <time>2026-07-16T02:18:38Z</time>
   </trkpt>
   <trkpt lat="37.4411530" lon="126.9961170">
    <ele>39.5</ele>
    <time>2026-07-16T02:18:39Z</time>
   </trkpt>
   <trkpt lat="37.4412120" lon="126.9961100">
    <ele>39.6</ele>
    <time>2026-07-16T02:18:40Z</time>
   </trkpt>
   <trkpt lat="37.4412700" lon="126.9961040">
    <ele>39.6</ele>
    <time>2026-07-16T02:18:41Z</time>
   </trkpt>
   <trkpt lat="37.4413280" lon="126.9960970">
    <ele>39.6</ele>
    <time>2026-07-16T02:18:42Z</time>
   </trkpt>
   <trkpt lat="37.4413810" lon="126.9960930">
    <ele>39.7</ele>
    <time>2026-07-16T02:18:43Z</time>
   </trkpt>
   <trkpt lat="37.4414410" lon="126.9960960">
    <ele>39.7</ele>
    <time>2026-07-16T02:18:44Z</time>
   </trkpt>
   <trkpt lat="37.4414920" lon="126.9960980">
    <ele>39.7</ele>
    <time>2026-07-16T02:18:45Z</time>
   </trkpt>
   <trkpt lat="37.4415410" lon="126.9961030">
    <ele>39.8</ele>
    <time>2026-07-16T02:18:46Z</time>
   </trkpt>
   <trkpt lat="37.4415870" lon="126.9961040">
    <ele>39.8</ele>
    <time>2026-07-16T02:18:47Z</time>
   </trkpt>
   <trkpt lat="37.4416380" lon="126.9961000">
    <ele>39.9</ele>
    <time>2026-07-16T02:18:48Z</time>
   </trkpt>
   <trkpt lat="37.4416930" lon="126.9961050">
    <ele>39.9</ele>
    <time>2026-07-16T02:18:49Z</time>
   </trkpt>
   <trkpt lat="37.4417480" lon="126.9961230">
    <ele>40.0</ele>
    <time>2026-07-16T02:18:50Z</time>
   </trkpt>
   <trkpt lat="37.4418040" lon="126.9961400">
    <ele>40.0</ele>
    <time>2026-07-16T02:18:51Z</time>
   </trkpt>
   <trkpt lat="37.4418560" lon="126.9961680">
    <ele>40.1</ele>
    <time>2026-07-16T02:18:52Z</time>
   </trkpt>
   <trkpt lat="37.4419090" lon="126.9961920">
    <ele>40.1</ele>
    <time>2026-07-16T02:18:53Z</time>
   </trkpt>
   <trkpt lat="37.4419580" lon="126.9962180">
    <ele>40.2</ele>
    <time>2026-07-16T02:18:54Z</time>
   </trkpt>
   <trkpt lat="37.4420070" lon="126.9962370">
    <ele>40.2</ele>
    <time>2026-07-16T02:18:55Z</time>
   </trkpt>
   <trkpt lat="37.4420490" lon="126.9962530">
    <ele>40.3</ele>
    <time>2026-07-16T02:18:56Z</time>
   </trkpt>
   <trkpt lat="37.4420930" lon="126.9962690">
    <ele>40.3</ele>
    <time>2026-07-16T02:18:57Z</time>
   </trkpt>
   <trkpt lat="37.4421330" lon="126.9962810">
    <ele>40.4</ele>
    <time>2026-07-16T02:18:58Z</time>
   </trkpt>
   <trkpt lat="37.4421740" lon="126.9962730">
    <ele>40.6</ele>
    <time>2026-07-16T02:18:59Z</time>
   </trkpt>
   <trkpt lat="37.4422130" lon="126.9962540">
    <ele>40.7</ele>
    <time>2026-07-16T02:19:00Z</time>
   </trkpt>
   <trkpt lat="37.4422440" lon="126.9962350">
    <ele>40.7</ele>
    <time>2026-07-16T02:19:01Z</time>
   </trkpt>
   <trkpt lat="37.4422730" lon="126.9961980">
    <ele>40.8</ele>
    <time>2026-07-16T02:19:02Z</time>
   </trkpt>
   <trkpt lat="37.4422970" lon="126.9961520">
    <ele>40.8</ele>
    <time>2026-07-16T02:19:03Z</time>
   </trkpt>
   <trkpt lat="37.4423240" lon="126.9961070">
    <ele>40.8</ele>
    <time>2026-07-16T02:19:04Z</time>
   </trkpt>
   <trkpt lat="37.4423420" lon="126.9960470">
    <ele>40.8</ele>
    <time>2026-07-16T02:19:05Z</time>
   </trkpt>
   <trkpt lat="37.4423520" lon="126.9959860">
    <ele>40.8</ele>
    <time>2026-07-16T02:19:06Z</time>
   </trkpt>
   <trkpt lat="37.4423560" lon="126.9959310">
    <ele>40.8</ele>
    <time>2026-07-16T02:19:07Z</time>
   </trkpt>
   <trkpt lat="37.4423750" lon="126.9958800">
    <ele>40.8</ele>
    <time>2026-07-16T02:19:08Z</time>
   </trkpt>
   <trkpt lat="37.4424140" lon="126.9958520">
    <ele>40.8</ele>
    <time>2026-07-16T02:19:09Z</time>
   </trkpt>
   <trkpt lat="37.4424630" lon="126.9958420">
    <ele>40.7</ele>
    <time>2026-07-16T02:19:10Z</time>
   </trkpt>
   <trkpt lat="37.4425040" lon="126.9958630">
    <ele>40.6</ele>
    <time>2026-07-16T02:19:11Z</time>
   </trkpt>
   <trkpt lat="37.4425380" lon="126.9958990">
    <ele>40.5</ele>
    <time>2026-07-16T02:19:12Z</time>
   </trkpt>
   <trkpt lat="37.4425710" lon="126.9959190">
    <ele>40.4</ele>
    <time>2026-07-16T02:19:13Z</time>
   </trkpt>
   <trkpt lat="37.4426100" lon="126.9959370">
    <ele>40.4</ele>
    <time>2026-07-16T02:19:14Z</time>
   </trkpt>
   <trkpt lat="37.4426450" lon="126.9959560">
    <ele>40.3</ele>
    <time>2026-07-16T02:19:15Z</time>
   </trkpt>
   <trkpt lat="37.4426840" lon="126.9959660">
    <ele>40.2</ele>
    <time>2026-07-16T02:19:16Z</time>
   </trkpt>
   <trkpt lat="37.4427130" lon="126.9959750">
    <ele>40.2</ele>
    <time>2026-07-16T02:19:17Z</time>
   </trkpt>
   <trkpt lat="37.4427500" lon="126.9959880">
    <ele>40.2</ele>
    <time>2026-07-16T02:19:18Z</time>
   </trkpt>
   <trkpt lat="37.4427900" lon="126.9960010">
    <ele>40.2</ele>
    <time>2026-07-16T02:19:19Z</time>
   </trkpt>
   <trkpt lat="37.4428290" lon="126.9960180">
    <ele>40.1</ele>
    <time>2026-07-16T02:19:20Z</time>
   </trkpt>
   <trkpt lat="37.4428670" lon="126.9960320">
    <ele>40.1</ele>
    <time>2026-07-16T02:19:21Z</time>
   </trkpt>
   <trkpt lat="37.4429100" lon="126.9960470">
    <ele>40.1</ele>
    <time>2026-07-16T02:19:22Z</time>
   </trkpt>
   <trkpt lat="37.4429530" lon="126.9960570">
    <ele>40.1</ele>
    <time>2026-07-16T02:19:23Z</time>
   </trkpt>
   <trkpt lat="37.4429890" lon="126.9960470">
    <ele>40.1</ele>
    <time>2026-07-16T02:19:24Z</time>
   </trkpt>
   <trkpt lat="37.4430190" lon="126.9960270">
    <ele>40.1</ele>
    <time>2026-07-16T02:19:25Z</time>
   </trkpt>
   <trkpt lat="37.4430540" lon="126.9960230">
    <ele>40.1</ele>
    <time>2026-07-16T02:19:26Z</time>
   </trkpt>
   <trkpt lat="37.4430990" lon="126.9960350">
    <ele>40.1</ele>
    <time>2026-07-16T02:19:27Z</time>
   </trkpt>
   <trkpt lat="37.4431360" lon="126.9960570">
    <ele>40.1</ele>
    <time>2026-07-16T02:19:28Z</time>
   </trkpt>
   <trkpt lat="37.4431790" lon="126.9960850">
    <ele>40.2</ele>
    <time>2026-07-16T02:19:29Z</time>
   </trkpt>
   <trkpt lat="37.4432210" lon="126.9961070">
    <ele>40.2</ele>
    <time>2026-07-16T02:19:30Z</time>
   </trkpt>
   <trkpt lat="37.4432630" lon="126.9961280">
    <ele>40.2</ele>
    <time>2026-07-16T02:19:31Z</time>
   </trkpt>
   <trkpt lat="37.4432970" lon="126.9961510">
    <ele>40.1</ele>
    <time>2026-07-16T02:19:32Z</time>
   </trkpt>
   <trkpt lat="37.4433320" lon="126.9961650">
    <ele>39.9</ele>
    <time>2026-07-16T02:19:33Z</time>
   </trkpt>
   <trkpt lat="37.4433700" lon="126.9961710">
    <ele>39.7</ele>
    <time>2026-07-16T02:19:34Z</time>
   </trkpt>
   <trkpt lat="37.4434150" lon="126.9961890">
    <ele>39.3</ele>
    <time>2026-07-16T02:19:35Z</time>
   </trkpt>
   <trkpt lat="37.4434740" lon="126.9962060">
    <ele>38.7</ele>
    <time>2026-07-16T02:19:36Z</time>
   </trkpt>
   <trkpt lat="37.4435410" lon="126.9962220">
    <ele>37.9</ele>
    <time>2026-07-16T02:19:37Z</time>
   </trkpt>
   <trkpt lat="37.4436130" lon="126.9962460">
    <ele>37.9</ele>
    <time>2026-07-16T02:19:38Z</time>
   </trkpt>
   <trkpt lat="37.4436850" lon="126.9962630">
    <ele>37.9</ele>
    <time>2026-07-16T02:19:39Z</time>
   </trkpt>
   <trkpt lat="37.4437530" lon="126.9962760">
    <ele>37.8</ele>
    <time>2026-07-16T02:19:40Z</time>
   </trkpt>
   <trkpt lat="37.4438200" lon="126.9962790">
    <ele>37.8</ele>
    <time>2026-07-16T02:19:41Z</time>
   </trkpt>
   <trkpt lat="37.4438820" lon="126.9962830">
    <ele>37.8</ele>
    <time>2026-07-16T02:19:42Z</time>
   </trkpt>
   <trkpt lat="37.4439420" lon="126.9962830">
    <ele>37.8</ele>
    <time>2026-07-16T02:19:43Z</time>
   </trkpt>
   <trkpt lat="37.4440030" lon="126.9962750">
    <ele>37.8</ele>
    <time>2026-07-16T02:19:44Z</time>
   </trkpt>
   <trkpt lat="37.4440530" lon="126.9962700">
    <ele>37.8</ele>
    <time>2026-07-16T02:19:45Z</time>
   </trkpt>
   <trkpt lat="37.4441110" lon="126.9962690">
    <ele>37.8</ele>
    <time>2026-07-16T02:19:46Z</time>
   </trkpt>
   <trkpt lat="37.4441610" lon="126.9962670">
    <ele>37.9</ele>
    <time>2026-07-16T02:19:47Z</time>
   </trkpt>
   <trkpt lat="37.4442080" lon="126.9962630">
    <ele>37.9</ele>
    <time>2026-07-16T02:19:48Z</time>
   </trkpt>
   <trkpt lat="37.4442530" lon="126.9962580">
    <ele>37.9</ele>
    <time>2026-07-16T02:19:49Z</time>
   </trkpt>
   <trkpt lat="37.4442950" lon="126.9962560">
    <ele>37.9</ele>
    <time>2026-07-16T02:19:50Z</time>
   </trkpt>
   <trkpt lat="37.4443390" lon="126.9962480">
    <ele>37.9</ele>
    <time>2026-07-16T02:19:51Z</time>
   </trkpt>
   <trkpt lat="37.4443860" lon="126.9962430">
    <ele>37.9</ele>
    <time>2026-07-16T02:19:52Z</time>
   </trkpt>
   <trkpt lat="37.4444310" lon="126.9962320">
    <ele>37.9</ele>
    <time>2026-07-16T02:19:53Z</time>
   </trkpt>
   <trkpt lat="37.4444820" lon="126.9962190">
    <ele>37.9</ele>
    <time>2026-07-16T02:19:54Z</time>
   </trkpt>
   <trkpt lat="37.4445390" lon="126.9962110">
    <ele>37.9</ele>
    <time>2026-07-16T02:19:55Z</time>
   </trkpt>
   <trkpt lat="37.4445980" lon="126.9962060">
    <ele>37.9</ele>
    <time>2026-07-16T02:19:56Z</time>
   </trkpt>
   <trkpt lat="37.4446590" lon="126.9962060">
    <ele>37.8</ele>
    <time>2026-07-16T02:19:57Z</time>
   </trkpt>
   <trkpt lat="37.4447180" lon="126.9962130">
    <ele>37.7</ele>
    <time>2026-07-16T02:19:58Z</time>
   </trkpt>
   <trkpt lat="37.4447750" lon="126.9962310">
    <ele>37.6</ele>
    <time>2026-07-16T02:19:59Z</time>
   </trkpt>
   <trkpt lat="37.4448210" lon="126.9962680">
    <ele>37.6</ele>
    <time>2026-07-16T02:20:00Z</time>
   </trkpt>
   <trkpt lat="37.4448680" lon="126.9962980">
    <ele>37.6</ele>
    <time>2026-07-16T02:20:01Z</time>
   </trkpt>
   <trkpt lat="37.4449210" lon="126.9963160">
    <ele>37.6</ele>
    <time>2026-07-16T02:20:02Z</time>
   </trkpt>
   <trkpt lat="37.4449680" lon="126.9963290">
    <ele>37.5</ele>
    <time>2026-07-16T02:20:03Z</time>
   </trkpt>
   <trkpt lat="37.4450370" lon="126.9963470">
    <ele>37.5</ele>
    <time>2026-07-16T02:20:04Z</time>
   </trkpt>
   <trkpt lat="37.4450770" lon="126.9963470">
    <ele>37.5</ele>
    <time>2026-07-16T02:20:05Z</time>
   </trkpt>
   <trkpt lat="37.4451260" lon="126.9963550">
    <ele>37.5</ele>
    <time>2026-07-16T02:20:06Z</time>
   </trkpt>
   <trkpt lat="37.4451730" lon="126.9963640">
    <ele>37.5</ele>
    <time>2026-07-16T02:20:07Z</time>
   </trkpt>
   <trkpt lat="37.4452210" lon="126.9963660">
    <ele>37.5</ele>
    <time>2026-07-16T02:20:08Z</time>
   </trkpt>
   <trkpt lat="37.4452740" lon="126.9963730">
    <ele>37.5</ele>
    <time>2026-07-16T02:20:09Z</time>
   </trkpt>
   <trkpt lat="37.4453710" lon="126.9963130">
    <ele>37.4</ele>
    <time>2026-07-16T02:20:11Z</time>
   </trkpt>
   <trkpt lat="37.4455170" lon="126.9962540">
    <ele>37.4</ele>
    <time>2026-07-16T02:20:12Z</time>
   </trkpt>
   <trkpt lat="37.4455180" lon="126.9962980">
    <ele>37.5</ele>
    <time>2026-07-16T02:20:13Z</time>
   </trkpt>
   <trkpt lat="37.4455990" lon="126.9963380">
    <ele>37.6</ele>
    <time>2026-07-16T02:20:14Z</time>
   </trkpt>
   <trkpt lat="37.4456500" lon="126.9963700">
    <ele>37.6</ele>
    <time>2026-07-16T02:20:15Z</time>
   </trkpt>
   <trkpt lat="37.4456320" lon="126.9966790">
    <ele>37.8</ele>
    <time>2026-07-16T02:20:16Z</time>
   </trkpt>
   <trkpt lat="37.4456640" lon="126.9967890">
    <ele>37.7</ele>
    <time>2026-07-16T02:20:17Z</time>
   </trkpt>
   <trkpt lat="37.4456940" lon="126.9968570">
    <ele>37.7</ele>
    <time>2026-07-16T02:20:18Z</time>
   </trkpt>
   <trkpt lat="37.4457320" lon="126.9969050">
    <ele>37.7</ele>
    <time>2026-07-16T02:20:19Z</time>
   </trkpt>
   <trkpt lat="37.4457740" lon="126.9969650">
    <ele>37.7</ele>
    <time>2026-07-16T02:20:20Z</time>
   </trkpt>
   <trkpt lat="37.4458130" lon="126.9970210">
    <ele>37.7</ele>
    <time>2026-07-16T02:20:21Z</time>
   </trkpt>
   <trkpt lat="37.4458560" lon="126.9970710">
    <ele>37.6</ele>
    <time>2026-07-16T02:20:22Z</time>
   </trkpt>
   <trkpt lat="37.4459050" lon="126.9971160">
    <ele>37.6</ele>
    <time>2026-07-16T02:20:23Z</time>
   </trkpt>
   <trkpt lat="37.4459470" lon="126.9971660">
    <ele>37.6</ele>
    <time>2026-07-16T02:20:24Z</time>
   </trkpt>
   <trkpt lat="37.4459910" lon="126.9972120">
    <ele>37.6</ele>
    <time>2026-07-16T02:20:25Z</time>
   </trkpt>
   <trkpt lat="37.4460330" lon="126.9972570">
    <ele>37.6</ele>
    <time>2026-07-16T02:20:26Z</time>
   </trkpt>
   <trkpt lat="37.4460760" lon="126.9973020">
    <ele>37.6</ele>
    <time>2026-07-16T02:20:27Z</time>
   </trkpt>
   <trkpt lat="37.4461150" lon="126.9973440">
    <ele>37.5</ele>
    <time>2026-07-16T02:20:28Z</time>
   </trkpt>
   <trkpt lat="37.4461560" lon="126.9973870">
    <ele>37.5</ele>
    <time>2026-07-16T02:20:29Z</time>
   </trkpt>
   <trkpt lat="37.4462000" lon="126.9974360">
    <ele>37.5</ele>
    <time>2026-07-16T02:20:30Z</time>
   </trkpt>
   <trkpt lat="37.4462370" lon="126.9974830">
    <ele>37.5</ele>
    <time>2026-07-16T02:20:31Z</time>
   </trkpt>
   <trkpt lat="37.4462720" lon="126.9975280">
    <ele>37.5</ele>
    <time>2026-07-16T02:20:32Z</time>
   </trkpt>
   <trkpt lat="37.4462990" lon="126.9975540">
    <ele>37.4</ele>
    <time>2026-07-16T02:20:33Z</time>
   </trkpt>
   <trkpt lat="37.4463030" lon="126.9975630">
    <ele>37.4</ele>
    <time>2026-07-16T02:20:34Z</time>
   </trkpt>
   <trkpt lat="37.4463180" lon="126.9975670">
    <ele>37.4</ele>
    <time>2026-07-16T02:20:35Z</time>
   </trkpt>
   <trkpt lat="37.4463200" lon="126.9975720">
    <ele>37.4</ele>
    <time>2026-07-16T02:20:36Z</time>
   </trkpt>
   <trkpt lat="37.4463160" lon="126.9975660">
    <ele>37.4</ele>
    <time>2026-07-16T02:20:37Z</time>
   </trkpt>
   <trkpt lat="37.4463090" lon="126.9975600">
    <ele>37.4</ele>
    <time>2026-07-16T02:20:38Z</time>
   </trkpt>
   <trkpt lat="37.4463120" lon="126.9975590">
    <ele>37.4</ele>
    <time>2026-07-16T02:20:39Z</time>
   </trkpt>
   <trkpt lat="37.4463100" lon="126.9975570">
    <ele>37.4</ele>
    <time>2026-07-16T02:20:40Z</time>
   </trkpt>
   <trkpt lat="37.4463080" lon="126.9975640">
    <ele>37.4</ele>
    <time>2026-07-16T02:20:41Z</time>
   </trkpt>
   <trkpt lat="37.4463110" lon="126.9975580">
    <ele>37.4</ele>
    <time>2026-07-16T02:20:42Z</time>
   </trkpt>
   <trkpt lat="37.4463120" lon="126.9975560">
    <ele>37.4</ele>
    <time>2026-07-16T02:20:43Z</time>
   </trkpt>
   <trkpt lat="37.4463120" lon="126.9975560">
    <ele>37.4</ele>
    <time>2026-07-16T02:20:44Z</time>
   </trkpt>
   <trkpt lat="37.4463120" lon="126.9975540">
    <ele>37.4</ele>
    <time>2026-07-16T02:20:45Z</time>
   </trkpt>
   <trkpt lat="37.4463110" lon="126.9975550">
    <ele>37.4</ele>
    <time>2026-07-16T02:20:46Z</time>
   </trkpt>
   <trkpt lat="37.4463100" lon="126.9975550">
    <ele>37.4</ele>
    <time>2026-07-16T02:20:47Z</time>
   </trkpt>
   <trkpt lat="37.4463110" lon="126.9975530">
    <ele>37.4</ele>
    <time>2026-07-16T02:20:48Z</time>
   </trkpt>
   <trkpt lat="37.4463110" lon="126.9975530">
    <ele>37.4</ele>
    <time>2026-07-16T02:20:49Z</time>
   </trkpt>
   <trkpt lat="37.4463110" lon="126.9975530">
    <ele>37.4</ele>
    <time>2026-07-16T02:20:50Z</time>
   </trkpt>
   <trkpt lat="37.4463110" lon="126.9975530">
    <ele>37.4</ele>
    <time>2026-07-16T02:20:51Z</time>
   </trkpt>
   <trkpt lat="37.4463110" lon="126.9975530">
    <ele>37.4</ele>
    <time>2026-07-16T02:20:52Z</time>
   </trkpt>
   <trkpt lat="37.4463120" lon="126.9975530">
    <ele>37.4</ele>
    <time>2026-07-16T02:20:53Z</time>
   </trkpt>
   <trkpt lat="37.4463130" lon="126.9975520">
    <ele>37.4</ele>
    <time>2026-07-16T02:20:54Z</time>
   </trkpt>
   <trkpt lat="37.4463140" lon="126.9975510">
    <ele>37.4</ele>
    <time>2026-07-16T02:20:55Z</time>
   </trkpt>
   <trkpt lat="37.4463130" lon="126.9975520">
    <ele>37.4</ele>
    <time>2026-07-16T02:20:56Z</time>
   </trkpt>
   <trkpt lat="37.4463140" lon="126.9975520">
    <ele>37.4</ele>
    <time>2026-07-16T02:20:57Z</time>
   </trkpt>
   <trkpt lat="37.4463150" lon="126.9975500">
    <ele>37.4</ele>
    <time>2026-07-16T02:20:58Z</time>
   </trkpt>
   <trkpt lat="37.4463140" lon="126.9975510">
    <ele>37.4</ele>
    <time>2026-07-16T02:20:59Z</time>
   </trkpt>
   <trkpt lat="37.4463160" lon="126.9975530">
    <ele>37.4</ele>
    <time>2026-07-16T02:21:00Z</time>
   </trkpt>
   <trkpt lat="37.4463130" lon="126.9975540">
    <ele>37.4</ele>
    <time>2026-07-16T02:21:01Z</time>
   </trkpt>
   <trkpt lat="37.4463150" lon="126.9975530">
    <ele>37.4</ele>
    <time>2026-07-16T02:21:02Z</time>
   </trkpt>
   <trkpt lat="37.4463150" lon="126.9975520">
    <ele>37.4</ele>
    <time>2026-07-16T02:21:03Z</time>
   </trkpt>
   <trkpt lat="37.4463190" lon="126.9975520">
    <ele>37.4</ele>
    <time>2026-07-16T02:21:04Z</time>
   </trkpt>
   <trkpt lat="37.4463170" lon="126.9975520">
    <ele>37.4</ele>
    <time>2026-07-16T02:21:05Z</time>
   </trkpt>
   <trkpt lat="37.4463180" lon="126.9975540">
    <ele>37.4</ele>
    <time>2026-07-16T02:21:06Z</time>
   </trkpt>
   <trkpt lat="37.4463180" lon="126.9975530">
    <ele>37.4</ele>
    <time>2026-07-16T02:21:07Z</time>
   </trkpt>
   <trkpt lat="37.4463190" lon="126.9975530">
    <ele>37.4</ele>
    <time>2026-07-16T02:21:08Z</time>
   </trkpt>
   <trkpt lat="37.4463190" lon="126.9975570">
    <ele>37.4</ele>
    <time>2026-07-16T02:21:09Z</time>
   </trkpt>
   <trkpt lat="37.4463050" lon="126.9975620">
    <ele>37.4</ele>
    <time>2026-07-16T02:21:10Z</time>
   </trkpt>
   <trkpt lat="37.4463040" lon="126.9975630">
    <ele>37.4</ele>
    <time>2026-07-16T02:21:11Z</time>
   </trkpt>
   <trkpt lat="37.4463130" lon="126.9975590">
    <ele>37.4</ele>
    <time>2026-07-16T02:21:12Z</time>
   </trkpt>
   <trkpt lat="37.4463110" lon="126.9975470">
    <ele>37.4</ele>
    <time>2026-07-16T02:21:13Z</time>
   </trkpt>
   <trkpt lat="37.4463150" lon="126.9975550">
    <ele>37.3</ele>
    <time>2026-07-16T02:21:14Z</time>
   </trkpt>
   <trkpt lat="37.4463170" lon="126.9975590">
    <ele>37.3</ele>
    <time>2026-07-16T02:21:15Z</time>
   </trkpt>
   <trkpt lat="37.4463180" lon="126.9975580">
    <ele>37.3</ele>
    <time>2026-07-16T02:21:16Z</time>
   </trkpt>
   <trkpt lat="37.4463200" lon="126.9975580">
    <ele>37.3</ele>
    <time>2026-07-16T02:21:17Z</time>
   </trkpt>
   <trkpt lat="37.4463190" lon="126.9975560">
    <ele>37.3</ele>
    <time>2026-07-16T02:21:18Z</time>
   </trkpt>
   <trkpt lat="37.4463170" lon="126.9975590">
    <ele>37.3</ele>
    <time>2026-07-16T02:21:19Z</time>
   </trkpt>
   <trkpt lat="37.4463170" lon="126.9975580">
    <ele>37.3</ele>
    <time>2026-07-16T02:21:20Z</time>
   </trkpt>
   <trkpt lat="37.4463160" lon="126.9975590">
    <ele>37.3</ele>
    <time>2026-07-16T02:21:21Z</time>
   </trkpt>
   <trkpt lat="37.4463130" lon="126.9975610">
    <ele>37.3</ele>
    <time>2026-07-16T02:21:22Z</time>
   </trkpt>
   <trkpt lat="37.4463130" lon="126.9975620">
    <ele>37.3</ele>
    <time>2026-07-16T02:21:23Z</time>
   </trkpt>
   <trkpt lat="37.4463130" lon="126.9975620">
    <ele>37.3</ele>
    <time>2026-07-16T02:21:24Z</time>
   </trkpt>
   <trkpt lat="37.4463130" lon="126.9975620">
    <ele>37.3</ele>
    <time>2026-07-16T02:21:25Z</time>
   </trkpt>
   <trkpt lat="37.4463120" lon="126.9975620">
    <ele>37.3</ele>
    <time>2026-07-16T02:21:26Z</time>
   </trkpt>
   <trkpt lat="37.4463120" lon="126.9975620">
    <ele>37.3</ele>
    <time>2026-07-16T02:21:27Z</time>
   </trkpt>
   <trkpt lat="37.4463150" lon="126.9975600">
    <ele>37.3</ele>
    <time>2026-07-16T02:21:28Z</time>
   </trkpt>
   <trkpt lat="37.4463150" lon="126.9975600">
    <ele>37.3</ele>
    <time>2026-07-16T02:21:29Z</time>
   </trkpt>
   <trkpt lat="37.4463200" lon="126.9975670">
    <ele>37.3</ele>
    <time>2026-07-16T02:21:30Z</time>
   </trkpt>
   <trkpt lat="37.4463280" lon="126.9975770">
    <ele>37.3</ele>
    <time>2026-07-16T02:21:31Z</time>
   </trkpt>
   <trkpt lat="37.4463380" lon="126.9975820">
    <ele>37.3</ele>
    <time>2026-07-16T02:21:32Z</time>
   </trkpt>
   <trkpt lat="37.4463500" lon="126.9975900">
    <ele>37.3</ele>
    <time>2026-07-16T02:21:33Z</time>
   </trkpt>
   <trkpt lat="37.4463600" lon="126.9976010">
    <ele>37.3</ele>
    <time>2026-07-16T02:21:34Z</time>
   </trkpt>
   <trkpt lat="37.4463720" lon="126.9976140">
    <ele>37.3</ele>
    <time>2026-07-16T02:21:35Z</time>
   </trkpt>
   <trkpt lat="37.4463880" lon="126.9976320">
    <ele>37.3</ele>
    <time>2026-07-16T02:21:36Z</time>
   </trkpt>
   <trkpt lat="37.4464100" lon="126.9976540">
    <ele>37.2</ele>
    <time>2026-07-16T02:21:37Z</time>
   </trkpt>
   <trkpt lat="37.4464350" lon="126.9976780">
    <ele>37.2</ele>
    <time>2026-07-16T02:21:38Z</time>
   </trkpt>
   <trkpt lat="37.4464760" lon="126.9977130">
    <ele>37.2</ele>
    <time>2026-07-16T02:21:39Z</time>
   </trkpt>
   <trkpt lat="37.4465120" lon="126.9977630">
    <ele>37.2</ele>
    <time>2026-07-16T02:21:40Z</time>
   </trkpt>
   <trkpt lat="37.4465480" lon="126.9978010">
    <ele>37.2</ele>
    <time>2026-07-16T02:21:41Z</time>
   </trkpt>
   <trkpt lat="37.4465800" lon="126.9978440">
    <ele>37.2</ele>
    <time>2026-07-16T02:21:42Z</time>
   </trkpt>
   <trkpt lat="37.4466150" lon="126.9978710">
    <ele>37.2</ele>
    <time>2026-07-16T02:21:43Z</time>
   </trkpt>
   <trkpt lat="37.4466440" lon="126.9979000">
    <ele>37.2</ele>
    <time>2026-07-16T02:21:44Z</time>
   </trkpt>
   <trkpt lat="37.4466700" lon="126.9979300">
    <ele>37.2</ele>
    <time>2026-07-16T02:21:45Z</time>
   </trkpt>
   <trkpt lat="37.4466920" lon="126.9979610">
    <ele>37.2</ele>
    <time>2026-07-16T02:21:46Z</time>
   </trkpt>
   <trkpt lat="37.4467140" lon="126.9979900">
    <ele>37.2</ele>
    <time>2026-07-16T02:21:47Z</time>
   </trkpt>
   <trkpt lat="37.4467270" lon="126.9980230">
    <ele>37.2</ele>
    <time>2026-07-16T02:21:48Z</time>
   </trkpt>
   <trkpt lat="37.4467310" lon="126.9980610">
    <ele>37.2</ele>
    <time>2026-07-16T02:21:49Z</time>
   </trkpt>
   <trkpt lat="37.4467220" lon="126.9981010">
    <ele>37.2</ele>
    <time>2026-07-16T02:21:50Z</time>
   </trkpt>
   <trkpt lat="37.4467190" lon="126.9981540">
    <ele>37.2</ele>
    <time>2026-07-16T02:21:51Z</time>
   </trkpt>
   <trkpt lat="37.4467220" lon="126.9982130">
    <ele>37.2</ele>
    <time>2026-07-16T02:21:52Z</time>
   </trkpt>
   <trkpt lat="37.4467490" lon="126.9982680">
    <ele>37.1</ele>
    <time>2026-07-16T02:21:53Z</time>
   </trkpt>
   <trkpt lat="37.4467860" lon="126.9983210">
    <ele>37.1</ele>
    <time>2026-07-16T02:21:54Z</time>
   </trkpt>
   <trkpt lat="37.4468290" lon="126.9983640">
    <ele>37.1</ele>
    <time>2026-07-16T02:21:55Z</time>
   </trkpt>
   <trkpt lat="37.4468800" lon="126.9983980">
    <ele>37.0</ele>
    <time>2026-07-16T02:21:56Z</time>
   </trkpt>
   <trkpt lat="37.4469290" lon="126.9984410">
    <ele>36.9</ele>
    <time>2026-07-16T02:21:57Z</time>
   </trkpt>
   <trkpt lat="37.4469770" lon="126.9984820">
    <ele>36.8</ele>
    <time>2026-07-16T02:21:58Z</time>
   </trkpt>
   <trkpt lat="37.4470320" lon="126.9985220">
    <ele>36.7</ele>
    <time>2026-07-16T02:21:59Z</time>
   </trkpt>
   <trkpt lat="37.4470830" lon="126.9985580">
    <ele>36.7</ele>
    <time>2026-07-16T02:22:00Z</time>
   </trkpt>
   <trkpt lat="37.4471360" lon="126.9985960">
    <ele>36.6</ele>
    <time>2026-07-16T02:22:01Z</time>
   </trkpt>
   <trkpt lat="37.4471890" lon="126.9986310">
    <ele>36.5</ele>
    <time>2026-07-16T02:22:02Z</time>
   </trkpt>
   <trkpt lat="37.4472430" lon="126.9986650">
    <ele>36.5</ele>
    <time>2026-07-16T02:22:03Z</time>
   </trkpt>
   <trkpt lat="37.4472950" lon="126.9986960">
    <ele>36.4</ele>
    <time>2026-07-16T02:22:04Z</time>
   </trkpt>
   <trkpt lat="37.4473470" lon="126.9987270">
    <ele>36.4</ele>
    <time>2026-07-16T02:22:05Z</time>
   </trkpt>
   <trkpt lat="37.4473970" lon="126.9987620">
    <ele>36.3</ele>
    <time>2026-07-16T02:22:06Z</time>
   </trkpt>
   <trkpt lat="37.4474480" lon="126.9987940">
    <ele>36.3</ele>
    <time>2026-07-16T02:22:07Z</time>
   </trkpt>
   <trkpt lat="37.4475010" lon="126.9988200">
    <ele>36.3</ele>
    <time>2026-07-16T02:22:08Z</time>
   </trkpt>
   <trkpt lat="37.4475470" lon="126.9988490">
    <ele>36.3</ele>
    <time>2026-07-16T02:22:09Z</time>
   </trkpt>
   <trkpt lat="37.4475990" lon="126.9988790">
    <ele>36.2</ele>
    <time>2026-07-16T02:22:10Z</time>
   </trkpt>
   <trkpt lat="37.4476510" lon="126.9989100">
    <ele>36.2</ele>
    <time>2026-07-16T02:22:11Z</time>
   </trkpt>
   <trkpt lat="37.4477030" lon="126.9989390">
    <ele>36.2</ele>
    <time>2026-07-16T02:22:12Z</time>
   </trkpt>
   <trkpt lat="37.4477560" lon="126.9989670">
    <ele>36.2</ele>
    <time>2026-07-16T02:22:13Z</time>
   </trkpt>
   <trkpt lat="37.4478100" lon="126.9989940">
    <ele>36.2</ele>
    <time>2026-07-16T02:22:14Z</time>
   </trkpt>
   <trkpt lat="37.4478650" lon="126.9990210">
    <ele>36.2</ele>
    <time>2026-07-16T02:22:15Z</time>
   </trkpt>
   <trkpt lat="37.4479180" lon="126.9990480">
    <ele>36.2</ele>
    <time>2026-07-16T02:22:16Z</time>
   </trkpt>
   <trkpt lat="37.4479720" lon="126.9990740">
    <ele>36.2</ele>
    <time>2026-07-16T02:22:17Z</time>
   </trkpt>
   <trkpt lat="37.4480230" lon="126.9991020">
    <ele>36.1</ele>
    <time>2026-07-16T02:22:18Z</time>
   </trkpt>
   <trkpt lat="37.4480770" lon="126.9991310">
    <ele>36.1</ele>
    <time>2026-07-16T02:22:19Z</time>
   </trkpt>
   <trkpt lat="37.4481300" lon="126.9991620">
    <ele>36.1</ele>
    <time>2026-07-16T02:22:20Z</time>
   </trkpt>
   <trkpt lat="37.4481820" lon="126.9991980">
    <ele>36.1</ele>
    <time>2026-07-16T02:22:21Z</time>
   </trkpt>
   <trkpt lat="37.4482320" lon="126.9992340">
    <ele>36.1</ele>
    <time>2026-07-16T02:22:22Z</time>
   </trkpt>
   <trkpt lat="37.4482800" lon="126.9992750">
    <ele>36.1</ele>
    <time>2026-07-16T02:22:23Z</time>
   </trkpt>
   <trkpt lat="37.4483260" lon="126.9993220">
    <ele>36.0</ele>
    <time>2026-07-16T02:22:24Z</time>
   </trkpt>
   <trkpt lat="37.4483680" lon="126.9993710">
    <ele>36.0</ele>
    <time>2026-07-16T02:22:25Z</time>
   </trkpt>
   <trkpt lat="37.4484070" lon="126.9994260">
    <ele>36.0</ele>
    <time>2026-07-16T02:22:26Z</time>
   </trkpt>
   <trkpt lat="37.4484460" lon="126.9994800">
    <ele>36.0</ele>
    <time>2026-07-16T02:22:27Z</time>
   </trkpt>
   <trkpt lat="37.4484870" lon="126.9995340">
    <ele>36.0</ele>
    <time>2026-07-16T02:22:28Z</time>
   </trkpt>
   <trkpt lat="37.4485250" lon="126.9995870">
    <ele>36.0</ele>
    <time>2026-07-16T02:22:29Z</time>
   </trkpt>
   <trkpt lat="37.4485650" lon="126.9996400">
    <ele>36.0</ele>
    <time>2026-07-16T02:22:30Z</time>
   </trkpt>
   <trkpt lat="37.4486040" lon="126.9996950">
    <ele>36.0</ele>
    <time>2026-07-16T02:22:31Z</time>
   </trkpt>
   <trkpt lat="37.4486380" lon="126.9997520">
    <ele>36.0</ele>
    <time>2026-07-16T02:22:32Z</time>
   </trkpt>
   <trkpt lat="37.4486720" lon="126.9998110">
    <ele>35.9</ele>
    <time>2026-07-16T02:22:33Z</time>
   </trkpt>
   <trkpt lat="37.4487100" lon="126.9998690">
    <ele>35.9</ele>
    <time>2026-07-16T02:22:34Z</time>
   </trkpt>
   <trkpt lat="37.4487460" lon="126.9999260">
    <ele>35.9</ele>
    <time>2026-07-16T02:22:35Z</time>
   </trkpt>
   <trkpt lat="37.4487830" lon="126.9999810">
    <ele>35.9</ele>
    <time>2026-07-16T02:22:36Z</time>
   </trkpt>
   <trkpt lat="37.4488110" lon="127.0000330">
    <ele>35.8</ele>
    <time>2026-07-16T02:22:37Z</time>
   </trkpt>
   <trkpt lat="37.4488400" lon="127.0000860">
    <ele>35.8</ele>
    <time>2026-07-16T02:22:38Z</time>
   </trkpt>
   <trkpt lat="37.4488690" lon="127.0001380">
    <ele>35.8</ele>
    <time>2026-07-16T02:22:39Z</time>
   </trkpt>
   <trkpt lat="37.4488820" lon="127.0002040">
    <ele>35.8</ele>
    <time>2026-07-16T02:22:40Z</time>
   </trkpt>
   <trkpt lat="37.4489000" lon="127.0002660">
    <ele>35.8</ele>
    <time>2026-07-16T02:22:41Z</time>
   </trkpt>
   <trkpt lat="37.4489220" lon="127.0003340">
    <ele>35.8</ele>
    <time>2026-07-16T02:22:42Z</time>
   </trkpt>
   <trkpt lat="37.4489370" lon="127.0004010">
    <ele>35.8</ele>
    <time>2026-07-16T02:22:43Z</time>
   </trkpt>
   <trkpt lat="37.4489470" lon="127.0004760">
    <ele>35.8</ele>
    <time>2026-07-16T02:22:44Z</time>
   </trkpt>
   <trkpt lat="37.4489560" lon="127.0005410">
    <ele>35.7</ele>
    <time>2026-07-16T02:22:45Z</time>
   </trkpt>
   <trkpt lat="37.4489790" lon="127.0006130">
    <ele>35.7</ele>
    <time>2026-07-16T02:22:46Z</time>
   </trkpt>
   <trkpt lat="37.4490020" lon="127.0006860">
    <ele>35.6</ele>
    <time>2026-07-16T02:22:47Z</time>
   </trkpt>
   <trkpt lat="37.4490190" lon="127.0007510">
    <ele>35.6</ele>
    <time>2026-07-16T02:22:48Z</time>
   </trkpt>
   <trkpt lat="37.4490300" lon="127.0008170">
    <ele>35.5</ele>
    <time>2026-07-16T02:22:49Z</time>
   </trkpt>
   <trkpt lat="37.4490450" lon="127.0008820">
    <ele>35.5</ele>
    <time>2026-07-16T02:22:50Z</time>
   </trkpt>
   <trkpt lat="37.4490640" lon="127.0009360">
    <ele>35.4</ele>
    <time>2026-07-16T02:22:51Z</time>
   </trkpt>
   <trkpt lat="37.4490770" lon="127.0009760">
    <ele>35.4</ele>
    <time>2026-07-16T02:22:52Z</time>
   </trkpt>
   <trkpt lat="37.4490720" lon="127.0009680">
    <ele>35.4</ele>
    <time>2026-07-16T02:22:53Z</time>
   </trkpt>
   <trkpt lat="37.4490690" lon="127.0009560">
    <ele>35.3</ele>
    <time>2026-07-16T02:22:54Z</time>
   </trkpt>
   <trkpt lat="37.4490690" lon="127.0009570">
    <ele>35.3</ele>
    <time>2026-07-16T02:22:55Z</time>
   </trkpt>
   <trkpt lat="37.4490690" lon="127.0009570">
    <ele>35.3</ele>
    <time>2026-07-16T02:22:56Z</time>
   </trkpt>
   <trkpt lat="37.4490700" lon="127.0009560">
    <ele>35.3</ele>
    <time>2026-07-16T02:22:57Z</time>
   </trkpt>
   <trkpt lat="37.4490700" lon="127.0009570">
    <ele>35.3</ele>
    <time>2026-07-16T02:22:58Z</time>
   </trkpt>
   <trkpt lat="37.4490700" lon="127.0009570">
    <ele>35.3</ele>
    <time>2026-07-16T02:22:59Z</time>
   </trkpt>
   <trkpt lat="37.4490690" lon="127.0009570">
    <ele>35.3</ele>
    <time>2026-07-16T02:23:00Z</time>
   </trkpt>
   <trkpt lat="37.4490700" lon="127.0009570">
    <ele>35.3</ele>
    <time>2026-07-16T02:23:01Z</time>
   </trkpt>
   <trkpt lat="37.4490690" lon="127.0009570">
    <ele>35.3</ele>
    <time>2026-07-16T02:23:02Z</time>
   </trkpt>
   <trkpt lat="37.4490690" lon="127.0009570">
    <ele>35.3</ele>
    <time>2026-07-16T02:23:03Z</time>
   </trkpt>
   <trkpt lat="37.4490650" lon="127.0009530">
    <ele>35.3</ele>
    <time>2026-07-16T02:23:04Z</time>
   </trkpt>
   <trkpt lat="37.4490640" lon="127.0009510">
    <ele>35.3</ele>
    <time>2026-07-16T02:23:05Z</time>
   </trkpt>
   <trkpt lat="37.4490640" lon="127.0009510">
    <ele>35.3</ele>
    <time>2026-07-16T02:23:06Z</time>
   </trkpt>
   <trkpt lat="37.4490640" lon="127.0009520">
    <ele>35.3</ele>
    <time>2026-07-16T02:23:07Z</time>
   </trkpt>
   <trkpt lat="37.4490700" lon="127.0009650">
    <ele>35.3</ele>
    <time>2026-07-16T02:23:08Z</time>
   </trkpt>
   <trkpt lat="37.4490700" lon="127.0009610">
    <ele>35.3</ele>
    <time>2026-07-16T02:23:09Z</time>
   </trkpt>
   <trkpt lat="37.4490680" lon="127.0009610">
    <ele>35.3</ele>
    <time>2026-07-16T02:23:10Z</time>
   </trkpt>
   <trkpt lat="37.4490680" lon="127.0009610">
    <ele>35.3</ele>
    <time>2026-07-16T02:23:11Z</time>
   </trkpt>
   <trkpt lat="37.4490700" lon="127.0009650">
    <ele>35.3</ele>
    <time>2026-07-16T02:23:12Z</time>
   </trkpt>
   <trkpt lat="37.4490710" lon="127.0009690">
    <ele>35.3</ele>
    <time>2026-07-16T02:23:13Z</time>
   </trkpt>
   <trkpt lat="37.4490740" lon="127.0009750">
    <ele>35.3</ele>
    <time>2026-07-16T02:23:14Z</time>
   </trkpt>
   <trkpt lat="37.4490810" lon="127.0009900">
    <ele>35.3</ele>
    <time>2026-07-16T02:23:15Z</time>
   </trkpt>
   <trkpt lat="37.4490880" lon="127.0010120">
    <ele>35.2</ele>
    <time>2026-07-16T02:23:16Z</time>
   </trkpt>
   <trkpt lat="37.4490920" lon="127.0010390">
    <ele>35.2</ele>
    <time>2026-07-16T02:23:17Z</time>
   </trkpt>
   <trkpt lat="37.4490940" lon="127.0010780">
    <ele>35.2</ele>
    <time>2026-07-16T02:23:18Z</time>
   </trkpt>
   <trkpt lat="37.4491050" lon="127.0011170">
    <ele>35.1</ele>
    <time>2026-07-16T02:23:19Z</time>
   </trkpt>
   <trkpt lat="37.4491170" lon="127.0011580">
    <ele>35.1</ele>
    <time>2026-07-16T02:23:20Z</time>
   </trkpt>
   <trkpt lat="37.4491300" lon="127.0011930">
    <ele>35.0</ele>
    <time>2026-07-16T02:23:21Z</time>
   </trkpt>
   <trkpt lat="37.4491380" lon="127.0012380">
    <ele>35.0</ele>
    <time>2026-07-16T02:23:22Z</time>
   </trkpt>
   <trkpt lat="37.4491470" lon="127.0012880">
    <ele>35.0</ele>
    <time>2026-07-16T02:23:23Z</time>
   </trkpt>
   <trkpt lat="37.4491590" lon="127.0013430">
    <ele>34.9</ele>
    <time>2026-07-16T02:23:24Z</time>
   </trkpt>
   <trkpt lat="37.4491740" lon="127.0014020">
    <ele>34.9</ele>
    <time>2026-07-16T02:23:25Z</time>
   </trkpt>
   <trkpt lat="37.4491940" lon="127.0014690">
    <ele>34.8</ele>
    <time>2026-07-16T02:23:26Z</time>
   </trkpt>
   <trkpt lat="37.4492080" lon="127.0015370">
    <ele>34.8</ele>
    <time>2026-07-16T02:23:27Z</time>
   </trkpt>
   <trkpt lat="37.4492260" lon="127.0016080">
    <ele>34.8</ele>
    <time>2026-07-16T02:23:28Z</time>
   </trkpt>
   <trkpt lat="37.4492390" lon="127.0016760">
    <ele>34.8</ele>
    <time>2026-07-16T02:23:29Z</time>
   </trkpt>
   <trkpt lat="37.4492590" lon="127.0017470">
    <ele>34.8</ele>
    <time>2026-07-16T02:23:30Z</time>
   </trkpt>
   <trkpt lat="37.4492770" lon="127.0018130">
    <ele>34.8</ele>
    <time>2026-07-16T02:23:31Z</time>
   </trkpt>
   <trkpt lat="37.4492960" lon="127.0018840">
    <ele>34.8</ele>
    <time>2026-07-16T02:23:32Z</time>
   </trkpt>
   <trkpt lat="37.4493120" lon="127.0019510">
    <ele>34.8</ele>
    <time>2026-07-16T02:23:33Z</time>
   </trkpt>
   <trkpt lat="37.4493300" lon="127.0020220">
    <ele>34.8</ele>
    <time>2026-07-16T02:23:34Z</time>
   </trkpt>
   <trkpt lat="37.4493440" lon="127.0020910">
    <ele>34.8</ele>
    <time>2026-07-16T02:23:35Z</time>
   </trkpt>
   <trkpt lat="37.4493610" lon="127.0021610">
    <ele>34.8</ele>
    <time>2026-07-16T02:23:36Z</time>
   </trkpt>
   <trkpt lat="37.4493830" lon="127.0022290">
    <ele>34.8</ele>
    <time>2026-07-16T02:23:37Z</time>
   </trkpt>
   <trkpt lat="37.4494010" lon="127.0023000">
    <ele>34.8</ele>
    <time>2026-07-16T02:23:38Z</time>
   </trkpt>
   <trkpt lat="37.4494210" lon="127.0023670">
    <ele>34.8</ele>
    <time>2026-07-16T02:23:39Z</time>
   </trkpt>
   <trkpt lat="37.4494360" lon="127.0024380">
    <ele>34.8</ele>
    <time>2026-07-16T02:23:40Z</time>
   </trkpt>
   <trkpt lat="37.4494520" lon="127.0025070">
    <ele>34.8</ele>
    <time>2026-07-16T02:23:41Z</time>
   </trkpt>
   <trkpt lat="37.4494720" lon="127.0025750">
    <ele>34.8</ele>
    <time>2026-07-16T02:23:42Z</time>
   </trkpt>
   <trkpt lat="37.4494920" lon="127.0026460">
    <ele>34.8</ele>
    <time>2026-07-16T02:23:43Z</time>
   </trkpt>
   <trkpt lat="37.4495080" lon="127.0027140">
    <ele>34.8</ele>
    <time>2026-07-16T02:23:44Z</time>
   </trkpt>
   <trkpt lat="37.4495270" lon="127.0027840">
    <ele>34.8</ele>
    <time>2026-07-16T02:23:45Z</time>
   </trkpt>
   <trkpt lat="37.4495490" lon="127.0028430">
    <ele>34.8</ele>
    <time>2026-07-16T02:23:46Z</time>
   </trkpt>
   <trkpt lat="37.4495710" lon="127.0028970">
    <ele>34.8</ele>
    <time>2026-07-16T02:23:47Z</time>
   </trkpt>
   <trkpt lat="37.4495840" lon="127.0029310">
    <ele>34.8</ele>
    <time>2026-07-16T02:23:48Z</time>
   </trkpt>
   <trkpt lat="37.4495840" lon="127.0029410">
    <ele>34.7</ele>
    <time>2026-07-16T02:23:49Z</time>
   </trkpt>
   <trkpt lat="37.4495820" lon="127.0029320">
    <ele>34.7</ele>
    <time>2026-07-16T02:23:50Z</time>
   </trkpt>
   <trkpt lat="37.4495800" lon="127.0029270">
    <ele>34.7</ele>
    <time>2026-07-16T02:23:51Z</time>
   </trkpt>
   <trkpt lat="37.4495790" lon="127.0029270">
    <ele>34.7</ele>
    <time>2026-07-16T02:23:52Z</time>
   </trkpt>
   <trkpt lat="37.4495880" lon="127.0029370">
    <ele>34.7</ele>
    <time>2026-07-16T02:23:53Z</time>
   </trkpt>
   <trkpt lat="37.4495850" lon="127.0029260">
    <ele>34.7</ele>
    <time>2026-07-16T02:23:54Z</time>
   </trkpt>
   <trkpt lat="37.4495840" lon="127.0029270">
    <ele>34.7</ele>
    <time>2026-07-16T02:23:55Z</time>
   </trkpt>
   <trkpt lat="37.4495850" lon="127.0029270">
    <ele>34.7</ele>
    <time>2026-07-16T02:23:56Z</time>
   </trkpt>
   <trkpt lat="37.4495850" lon="127.0029280">
    <ele>34.7</ele>
    <time>2026-07-16T02:23:57Z</time>
   </trkpt>
   <trkpt lat="37.4495860" lon="127.0029270">
    <ele>34.7</ele>
    <time>2026-07-16T02:23:58Z</time>
   </trkpt>
   <trkpt lat="37.4495850" lon="127.0029260">
    <ele>34.7</ele>
    <time>2026-07-16T02:23:59Z</time>
   </trkpt>
   <trkpt lat="37.4495850" lon="127.0029250">
    <ele>34.7</ele>
    <time>2026-07-16T02:24:00Z</time>
   </trkpt>
   <trkpt lat="37.4495860" lon="127.0029240">
    <ele>34.7</ele>
    <time>2026-07-16T02:24:01Z</time>
   </trkpt>
   <trkpt lat="37.4495860" lon="127.0029240">
    <ele>34.7</ele>
    <time>2026-07-16T02:24:02Z</time>
   </trkpt>
   <trkpt lat="37.4495860" lon="127.0029260">
    <ele>34.7</ele>
    <time>2026-07-16T02:24:03Z</time>
   </trkpt>
   <trkpt lat="37.4495860" lon="127.0029240">
    <ele>34.7</ele>
    <time>2026-07-16T02:24:04Z</time>
   </trkpt>
   <trkpt lat="37.4495850" lon="127.0029240">
    <ele>34.7</ele>
    <time>2026-07-16T02:24:05Z</time>
   </trkpt>
   <trkpt lat="37.4495850" lon="127.0029270">
    <ele>34.7</ele>
    <time>2026-07-16T02:24:06Z</time>
   </trkpt>
   <trkpt lat="37.4495860" lon="127.0029330">
    <ele>34.7</ele>
    <time>2026-07-16T02:24:07Z</time>
   </trkpt>
   <trkpt lat="37.4495870" lon="127.0029320">
    <ele>34.7</ele>
    <time>2026-07-16T02:24:08Z</time>
   </trkpt>
   <trkpt lat="37.4495890" lon="127.0029430">
    <ele>34.7</ele>
    <time>2026-07-16T02:24:09Z</time>
   </trkpt>
   <trkpt lat="37.4495920" lon="127.0029510">
    <ele>34.7</ele>
    <time>2026-07-16T02:24:10Z</time>
   </trkpt>
   <trkpt lat="37.4495960" lon="127.0029600">
    <ele>34.7</ele>
    <time>2026-07-16T02:24:11Z</time>
   </trkpt>
   <trkpt lat="37.4496030" lon="127.0029670">
    <ele>34.7</ele>
    <time>2026-07-16T02:24:12Z</time>
   </trkpt>
   <trkpt lat="37.4496120" lon="127.0029770">
    <ele>34.6</ele>
    <time>2026-07-16T02:24:13Z</time>
   </trkpt>
   <trkpt lat="37.4496220" lon="127.0029950">
    <ele>34.6</ele>
    <time>2026-07-16T02:24:14Z</time>
   </trkpt>
   <trkpt lat="37.4496330" lon="127.0030280">
    <ele>34.6</ele>
    <time>2026-07-16T02:24:15Z</time>
   </trkpt>
   <trkpt lat="37.4496380" lon="127.0030600">
    <ele>34.6</ele>
    <time>2026-07-16T02:24:16Z</time>
   </trkpt>
   <trkpt lat="37.4496510" lon="127.0030950">
    <ele>34.5</ele>
    <time>2026-07-16T02:24:17Z</time>
   </trkpt>
   <trkpt lat="37.4496610" lon="127.0031340">
    <ele>34.5</ele>
    <time>2026-07-16T02:24:18Z</time>
   </trkpt>
   <trkpt lat="37.4496780" lon="127.0031800">
    <ele>34.4</ele>
    <time>2026-07-16T02:24:19Z</time>
   </trkpt>
   <trkpt lat="37.4496970" lon="127.0032340">
    <ele>34.4</ele>
    <time>2026-07-16T02:24:20Z</time>
   </trkpt>
   <trkpt lat="37.4497200" lon="127.0032800">
    <ele>34.4</ele>
    <time>2026-07-16T02:24:21Z</time>
   </trkpt>
   <trkpt lat="37.4497480" lon="127.0033200">
    <ele>34.4</ele>
    <time>2026-07-16T02:24:22Z</time>
   </trkpt>
   <trkpt lat="37.4497790" lon="127.0033570">
    <ele>34.4</ele>
    <time>2026-07-16T02:24:23Z</time>
   </trkpt>
   <trkpt lat="37.4498190" lon="127.0033920">
    <ele>34.4</ele>
    <time>2026-07-16T02:24:24Z</time>
   </trkpt>
   <trkpt lat="37.4498590" lon="127.0034200">
    <ele>34.4</ele>
    <time>2026-07-16T02:24:25Z</time>
   </trkpt>
   <trkpt lat="37.4498870" lon="127.0034430">
    <ele>34.4</ele>
    <time>2026-07-16T02:24:26Z</time>
   </trkpt>
   <trkpt lat="37.4499220" lon="127.0034690">
    <ele>34.4</ele>
    <time>2026-07-16T02:24:27Z</time>
   </trkpt>
   <trkpt lat="37.4499630" lon="127.0035020">
    <ele>34.3</ele>
    <time>2026-07-16T02:24:28Z</time>
   </trkpt>
   <trkpt lat="37.4500050" lon="127.0035340">
    <ele>34.3</ele>
    <time>2026-07-16T02:24:29Z</time>
   </trkpt>
   <trkpt lat="37.4500420" lon="127.0035670">
    <ele>34.3</ele>
    <time>2026-07-16T02:24:31Z</time>
   </trkpt>
   <trkpt lat="37.4500770" lon="127.0035970">
    <ele>34.3</ele>
    <time>2026-07-16T02:24:32Z</time>
   </trkpt>
   <trkpt lat="37.4501170" lon="127.0036310">
    <ele>34.3</ele>
    <time>2026-07-16T02:24:33Z</time>
   </trkpt>
   <trkpt lat="37.4502570" lon="127.0037040">
    <ele>34.3</ele>
    <time>2026-07-16T02:24:34Z</time>
   </trkpt>
   <trkpt lat="37.4503310" lon="127.0037600">
    <ele>34.3</ele>
    <time>2026-07-16T02:24:35Z</time>
   </trkpt>
   <trkpt lat="37.4503760" lon="127.0037890">
    <ele>34.2</ele>
    <time>2026-07-16T02:24:36Z</time>
   </trkpt>
   <trkpt lat="37.4504160" lon="127.0038070">
    <ele>34.2</ele>
    <time>2026-07-16T02:24:37Z</time>
   </trkpt>
   <trkpt lat="37.4504460" lon="127.0038400">
    <ele>34.2</ele>
    <time>2026-07-16T02:24:38Z</time>
   </trkpt>
   <trkpt lat="37.4504720" lon="127.0038630">
    <ele>34.3</ele>
    <time>2026-07-16T02:24:39Z</time>
   </trkpt>
   <trkpt lat="37.4504640" lon="127.0038500">
    <ele>34.3</ele>
    <time>2026-07-16T02:24:40Z</time>
   </trkpt>
   <trkpt lat="37.4504590" lon="127.0038470">
    <ele>34.3</ele>
    <time>2026-07-16T02:24:41Z</time>
   </trkpt>
   <trkpt lat="37.4504650" lon="127.0038540">
    <ele>34.3</ele>
    <time>2026-07-16T02:24:42Z</time>
   </trkpt>
   <trkpt lat="37.4504650" lon="127.0038550">
    <ele>34.3</ele>
    <time>2026-07-16T02:24:43Z</time>
   </trkpt>
   <trkpt lat="37.4504630" lon="127.0038530">
    <ele>34.3</ele>
    <time>2026-07-16T02:24:44Z</time>
   </trkpt>
   <trkpt lat="37.4504650" lon="127.0038520">
    <ele>34.3</ele>
    <time>2026-07-16T02:24:45Z</time>
   </trkpt>
   <trkpt lat="37.4504640" lon="127.0038510">
    <ele>34.3</ele>
    <time>2026-07-16T02:24:46Z</time>
   </trkpt>
   <trkpt lat="37.4504630" lon="127.0038510">
    <ele>34.3</ele>
    <time>2026-07-16T02:24:47Z</time>
   </trkpt>
   <trkpt lat="37.4504630" lon="127.0038510">
    <ele>34.3</ele>
    <time>2026-07-16T02:24:48Z</time>
   </trkpt>
   <trkpt lat="37.4504640" lon="127.0038530">
    <ele>34.3</ele>
    <time>2026-07-16T02:24:49Z</time>
   </trkpt>
   <trkpt lat="37.4504640" lon="127.0038520">
    <ele>34.3</ele>
    <time>2026-07-16T02:24:50Z</time>
   </trkpt>
   <trkpt lat="37.4504670" lon="127.0038530">
    <ele>34.3</ele>
    <time>2026-07-16T02:24:51Z</time>
   </trkpt>
   <trkpt lat="37.4504630" lon="127.0038520">
    <ele>34.3</ele>
    <time>2026-07-16T02:24:52Z</time>
   </trkpt>
   <trkpt lat="37.4504640" lon="127.0038530">
    <ele>34.3</ele>
    <time>2026-07-16T02:24:53Z</time>
   </trkpt>
   <trkpt lat="37.4504650" lon="127.0038600">
    <ele>34.3</ele>
    <time>2026-07-16T02:24:54Z</time>
   </trkpt>
   <trkpt lat="37.4504670" lon="127.0038650">
    <ele>34.3</ele>
    <time>2026-07-16T02:24:55Z</time>
   </trkpt>
   <trkpt lat="37.4504670" lon="127.0038670">
    <ele>34.3</ele>
    <time>2026-07-16T02:24:56Z</time>
   </trkpt>
   <trkpt lat="37.4504670" lon="127.0038640">
    <ele>34.3</ele>
    <time>2026-07-16T02:24:57Z</time>
   </trkpt>
   <trkpt lat="37.4504680" lon="127.0038670">
    <ele>34.3</ele>
    <time>2026-07-16T02:24:58Z</time>
   </trkpt>
   <trkpt lat="37.4504750" lon="127.0038780">
    <ele>34.3</ele>
    <time>2026-07-16T02:24:59Z</time>
   </trkpt>
   <trkpt lat="37.4504850" lon="127.0038760">
    <ele>34.4</ele>
    <time>2026-07-16T02:25:00Z</time>
   </trkpt>
   <trkpt lat="37.4504910" lon="127.0038710">
    <ele>34.4</ele>
    <time>2026-07-16T02:25:01Z</time>
   </trkpt>
   <trkpt lat="37.4505110" lon="127.0038760">
    <ele>34.4</ele>
    <time>2026-07-16T02:25:02Z</time>
   </trkpt>
   <trkpt lat="37.4505410" lon="127.0038700">
    <ele>34.4</ele>
    <time>2026-07-16T02:25:03Z</time>
   </trkpt>
   <trkpt lat="37.4505540" lon="127.0038570">
    <ele>34.4</ele>
    <time>2026-07-16T02:25:04Z</time>
   </trkpt>
   <trkpt lat="37.4505780" lon="127.0038470">
    <ele>34.4</ele>
    <time>2026-07-16T02:25:05Z</time>
   </trkpt>
   <trkpt lat="37.4506100" lon="127.0038410">
    <ele>34.4</ele>
    <time>2026-07-16T02:25:06Z</time>
   </trkpt>
   <trkpt lat="37.4506440" lon="127.0038380">
    <ele>34.5</ele>
    <time>2026-07-16T02:25:07Z</time>
   </trkpt>
   <trkpt lat="37.4506880" lon="127.0038330">
    <ele>34.5</ele>
    <time>2026-07-16T02:25:08Z</time>
   </trkpt>
   <trkpt lat="37.4507310" lon="127.0038230">
    <ele>34.4</ele>
    <time>2026-07-16T02:25:09Z</time>
   </trkpt>
   <trkpt lat="37.4507840" lon="127.0038110">
    <ele>34.4</ele>
    <time>2026-07-16T02:25:10Z</time>
   </trkpt>
   <trkpt lat="37.4508380" lon="127.0038010">
    <ele>34.4</ele>
    <time>2026-07-16T02:25:11Z</time>
   </trkpt>
   <trkpt lat="37.4508950" lon="127.0037900">
    <ele>34.4</ele>
    <time>2026-07-16T02:25:12Z</time>
   </trkpt>
   <trkpt lat="37.4509530" lon="127.0037850">
    <ele>34.3</ele>
    <time>2026-07-16T02:25:13Z</time>
   </trkpt>
   <trkpt lat="37.4510090" lon="127.0037840">
    <ele>34.3</ele>
    <time>2026-07-16T02:25:14Z</time>
   </trkpt>
   <trkpt lat="37.4510650" lon="127.0037810">
    <ele>34.3</ele>
    <time>2026-07-16T02:25:15Z</time>
   </trkpt>
   <trkpt lat="37.4511230" lon="127.0037650">
    <ele>34.2</ele>
    <time>2026-07-16T02:25:16Z</time>
   </trkpt>
   <trkpt lat="37.4511810" lon="127.0037600">
    <ele>34.2</ele>
    <time>2026-07-16T02:25:17Z</time>
   </trkpt>
   <trkpt lat="37.4512370" lon="127.0037550">
    <ele>34.2</ele>
    <time>2026-07-16T02:25:18Z</time>
   </trkpt>
   <trkpt lat="37.4512870" lon="127.0037330">
    <ele>34.2</ele>
    <time>2026-07-16T02:25:19Z</time>
   </trkpt>
   <trkpt lat="37.4513460" lon="127.0037310">
    <ele>34.2</ele>
    <time>2026-07-16T02:25:20Z</time>
   </trkpt>
   <trkpt lat="37.4514070" lon="127.0037270">
    <ele>34.2</ele>
    <time>2026-07-16T02:25:21Z</time>
   </trkpt>
   <trkpt lat="37.4514660" lon="127.0037190">
    <ele>34.2</ele>
    <time>2026-07-16T02:25:22Z</time>
   </trkpt>
   <trkpt lat="37.4515260" lon="127.0037150">
    <ele>34.2</ele>
    <time>2026-07-16T02:25:23Z</time>
   </trkpt>
   <trkpt lat="37.4515830" lon="127.0037140">
    <ele>34.2</ele>
    <time>2026-07-16T02:25:24Z</time>
   </trkpt>
   <trkpt lat="37.4516400" lon="127.0037100">
    <ele>34.2</ele>
    <time>2026-07-16T02:25:25Z</time>
   </trkpt>
   <trkpt lat="37.4516970" lon="127.0037060">
    <ele>34.2</ele>
    <time>2026-07-16T02:25:26Z</time>
   </trkpt>
   <trkpt lat="37.4517530" lon="127.0037060">
    <ele>34.2</ele>
    <time>2026-07-16T02:25:27Z</time>
   </trkpt>
   <trkpt lat="37.4518090" lon="127.0037100">
    <ele>34.2</ele>
    <time>2026-07-16T02:25:28Z</time>
   </trkpt>
   <trkpt lat="37.4518700" lon="127.0037110">
    <ele>34.2</ele>
    <time>2026-07-16T02:25:29Z</time>
   </trkpt>
   <trkpt lat="37.4519260" lon="127.0037130">
    <ele>34.1</ele>
    <time>2026-07-16T02:25:30Z</time>
   </trkpt>
   <trkpt lat="37.4519870" lon="127.0037200">
    <ele>34.1</ele>
    <time>2026-07-16T02:25:31Z</time>
   </trkpt>
   <trkpt lat="37.4520450" lon="127.0037270">
    <ele>34.1</ele>
    <time>2026-07-16T02:25:32Z</time>
   </trkpt>
   <trkpt lat="37.4521030" lon="127.0037340">
    <ele>34.1</ele>
    <time>2026-07-16T02:25:33Z</time>
   </trkpt>
   <trkpt lat="37.4521620" lon="127.0037430">
    <ele>34.0</ele>
    <time>2026-07-16T02:25:34Z</time>
   </trkpt>
   <trkpt lat="37.4522190" lon="127.0037520">
    <ele>34.0</ele>
    <time>2026-07-16T02:25:35Z</time>
   </trkpt>
   <trkpt lat="37.4522780" lon="127.0037550">
    <ele>34.0</ele>
    <time>2026-07-16T02:25:36Z</time>
   </trkpt>
   <trkpt lat="37.4523350" lon="127.0037650">
    <ele>34.0</ele>
    <time>2026-07-16T02:25:37Z</time>
   </trkpt>
   <trkpt lat="37.4523950" lon="127.0037770">
    <ele>33.9</ele>
    <time>2026-07-16T02:25:38Z</time>
   </trkpt>
   <trkpt lat="37.4524530" lon="127.0037940">
    <ele>33.9</ele>
    <time>2026-07-16T02:25:39Z</time>
   </trkpt>
   <trkpt lat="37.4525090" lon="127.0038150">
    <ele>33.8</ele>
    <time>2026-07-16T02:25:40Z</time>
   </trkpt>
   <trkpt lat="37.4525590" lon="127.0038580">
    <ele>33.8</ele>
    <time>2026-07-16T02:25:41Z</time>
   </trkpt>
   <trkpt lat="37.4526090" lon="127.0038970">
    <ele>33.8</ele>
    <time>2026-07-16T02:25:42Z</time>
   </trkpt>
   <trkpt lat="37.4526620" lon="127.0039290">
    <ele>33.7</ele>
    <time>2026-07-16T02:25:43Z</time>
   </trkpt>
   <trkpt lat="37.4527190" lon="127.0039450">
    <ele>33.7</ele>
    <time>2026-07-16T02:25:44Z</time>
   </trkpt>
   <trkpt lat="37.4527750" lon="127.0039480">
    <ele>33.6</ele>
    <time>2026-07-16T02:25:45Z</time>
   </trkpt>
   <trkpt lat="37.4528370" lon="127.0039710">
    <ele>33.6</ele>
    <time>2026-07-16T02:25:46Z</time>
   </trkpt>
   <trkpt lat="37.4528920" lon="127.0040010">
    <ele>33.5</ele>
    <time>2026-07-16T02:25:47Z</time>
   </trkpt>
   <trkpt lat="37.4529250" lon="127.0040660">
    <ele>33.5</ele>
    <time>2026-07-16T02:25:48Z</time>
   </trkpt>
   <trkpt lat="37.4529500" lon="127.0041400">
    <ele>33.4</ele>
    <time>2026-07-16T02:25:49Z</time>
   </trkpt>
   <trkpt lat="37.4529770" lon="127.0042080">
    <ele>33.3</ele>
    <time>2026-07-16T02:25:50Z</time>
   </trkpt>
   <trkpt lat="37.4530030" lon="127.0042710">
    <ele>33.1</ele>
    <time>2026-07-16T02:25:51Z</time>
   </trkpt>
   <trkpt lat="37.4530200" lon="127.0043460">
    <ele>33.0</ele>
    <time>2026-07-16T02:25:52Z</time>
   </trkpt>
   <trkpt lat="37.4530390" lon="127.0044190">
    <ele>32.9</ele>
    <time>2026-07-16T02:25:53Z</time>
   </trkpt>
   <trkpt lat="37.4530580" lon="127.0044920">
    <ele>32.8</ele>
    <time>2026-07-16T02:25:54Z</time>
   </trkpt>
   <trkpt lat="37.4530730" lon="127.0045660">
    <ele>32.7</ele>
    <time>2026-07-16T02:25:55Z</time>
   </trkpt>
   <trkpt lat="37.4530910" lon="127.0046370">
    <ele>32.6</ele>
    <time>2026-07-16T02:25:56Z</time>
   </trkpt>
   <trkpt lat="37.4531100" lon="127.0047100">
    <ele>32.5</ele>
    <time>2026-07-16T02:25:57Z</time>
   </trkpt>
   <trkpt lat="37.4531270" lon="127.0047800">
    <ele>32.5</ele>
    <time>2026-07-16T02:25:58Z</time>
   </trkpt>
   <trkpt lat="37.4531450" lon="127.0048530">
    <ele>32.4</ele>
    <time>2026-07-16T02:25:59Z</time>
   </trkpt>
   <trkpt lat="37.4531620" lon="127.0049230">
    <ele>32.4</ele>
    <time>2026-07-16T02:26:00Z</time>
   </trkpt>
   <trkpt lat="37.4531800" lon="127.0049940">
    <ele>32.3</ele>
    <time>2026-07-16T02:26:01Z</time>
   </trkpt>
   <trkpt lat="37.4532010" lon="127.0050630">
    <ele>32.3</ele>
    <time>2026-07-16T02:26:02Z</time>
   </trkpt>
   <trkpt lat="37.4532260" lon="127.0051280">
    <ele>32.3</ele>
    <time>2026-07-16T02:26:03Z</time>
   </trkpt>
   <trkpt lat="37.4532560" lon="127.0051910">
    <ele>32.2</ele>
    <time>2026-07-16T02:26:04Z</time>
   </trkpt>
   <trkpt lat="37.4532880" lon="127.0052520">
    <ele>32.2</ele>
    <time>2026-07-16T02:26:05Z</time>
   </trkpt>
   <trkpt lat="37.4533170" lon="127.0053160">
    <ele>32.2</ele>
    <time>2026-07-16T02:26:06Z</time>
   </trkpt>
   <trkpt lat="37.4533500" lon="127.0053820">
    <ele>32.1</ele>
    <time>2026-07-16T02:26:07Z</time>
   </trkpt>
   <trkpt lat="37.4533790" lon="127.0054400">
    <ele>32.1</ele>
    <time>2026-07-16T02:26:08Z</time>
   </trkpt>
   <trkpt lat="37.4534120" lon="127.0055030">
    <ele>32.1</ele>
    <time>2026-07-16T02:26:09Z</time>
   </trkpt>
   <trkpt lat="37.4534400" lon="127.0055590">
    <ele>32.0</ele>
    <time>2026-07-16T02:26:10Z</time>
   </trkpt>
   <trkpt lat="37.4534730" lon="127.0056230">
    <ele>32.0</ele>
    <time>2026-07-16T02:26:11Z</time>
   </trkpt>
   <trkpt lat="37.4535060" lon="127.0056820">
    <ele>32.0</ele>
    <time>2026-07-16T02:26:12Z</time>
   </trkpt>
   <trkpt lat="37.4535360" lon="127.0057440">
    <ele>32.0</ele>
    <time>2026-07-16T02:26:13Z</time>
   </trkpt>
   <trkpt lat="37.4535690" lon="127.0058020">
    <ele>32.0</ele>
    <time>2026-07-16T02:26:14Z</time>
   </trkpt>
   <trkpt lat="37.4536030" lon="127.0058610">
    <ele>32.0</ele>
    <time>2026-07-16T02:26:15Z</time>
   </trkpt>
   <trkpt lat="37.4536330" lon="127.0059230">
    <ele>31.9</ele>
    <time>2026-07-16T02:26:16Z</time>
   </trkpt>
   <trkpt lat="37.4536670" lon="127.0059830">
    <ele>31.9</ele>
    <time>2026-07-16T02:26:17Z</time>
   </trkpt>
   <trkpt lat="37.4537010" lon="127.0060400">
    <ele>31.9</ele>
    <time>2026-07-16T02:26:18Z</time>
   </trkpt>
   <trkpt lat="37.4537320" lon="127.0060950">
    <ele>31.9</ele>
    <time>2026-07-16T02:26:19Z</time>
   </trkpt>
   <trkpt lat="37.4537670" lon="127.0061480">
    <ele>31.9</ele>
    <time>2026-07-16T02:26:20Z</time>
   </trkpt>
   <trkpt lat="37.4538020" lon="127.0062010">
    <ele>31.9</ele>
    <time>2026-07-16T02:26:21Z</time>
   </trkpt>
   <trkpt lat="37.4538350" lon="127.0062510">
    <ele>31.9</ele>
    <time>2026-07-16T02:26:22Z</time>
   </trkpt>
   <trkpt lat="37.4538660" lon="127.0062950">
    <ele>31.9</ele>
    <time>2026-07-16T02:26:23Z</time>
   </trkpt>
   <trkpt lat="37.4538880" lon="127.0063380">
    <ele>31.9</ele>
    <time>2026-07-16T02:26:24Z</time>
   </trkpt>
   <trkpt lat="37.4539290" lon="127.0063770">
    <ele>31.9</ele>
    <time>2026-07-16T02:26:25Z</time>
   </trkpt>
   <trkpt lat="37.4539600" lon="127.0064190">
    <ele>31.8</ele>
    <time>2026-07-16T02:26:26Z</time>
   </trkpt>
   <trkpt lat="37.4539910" lon="127.0064550">
    <ele>31.8</ele>
    <time>2026-07-16T02:26:27Z</time>
   </trkpt>
   <trkpt lat="37.4540220" lon="127.0064890">
    <ele>31.8</ele>
    <time>2026-07-16T02:26:28Z</time>
   </trkpt>
   <trkpt lat="37.4540510" lon="127.0065230">
    <ele>31.8</ele>
    <time>2026-07-16T02:26:29Z</time>
   </trkpt>
   <trkpt lat="37.4540850" lon="127.0065580">
    <ele>31.8</ele>
    <time>2026-07-16T02:26:30Z</time>
   </trkpt>
   <trkpt lat="37.4541210" lon="127.0066010">
    <ele>31.8</ele>
    <time>2026-07-16T02:26:31Z</time>
   </trkpt>
   <trkpt lat="37.4541590" lon="127.0066450">
    <ele>31.8</ele>
    <time>2026-07-16T02:26:32Z</time>
   </trkpt>
   <trkpt lat="37.4541950" lon="127.0066830">
    <ele>31.8</ele>
    <time>2026-07-16T02:26:33Z</time>
   </trkpt>
   <trkpt lat="37.4542490" lon="127.0067380">
    <ele>31.8</ele>
    <time>2026-07-16T02:26:34Z</time>
   </trkpt>
   <trkpt lat="37.4542740" lon="127.0067640">
    <ele>31.8</ele>
    <time>2026-07-16T02:26:35Z</time>
   </trkpt>
   <trkpt lat="37.4543100" lon="127.0068060">
    <ele>31.8</ele>
    <time>2026-07-16T02:26:36Z</time>
   </trkpt>
   <trkpt lat="37.4543420" lon="127.0068510">
    <ele>31.9</ele>
    <time>2026-07-16T02:26:37Z</time>
   </trkpt>
   <trkpt lat="37.4543660" lon="127.0068960">
    <ele>31.9</ele>
    <time>2026-07-16T02:26:38Z</time>
   </trkpt>
   <trkpt lat="37.4543970" lon="127.0069450">
    <ele>31.9</ele>
    <time>2026-07-16T02:26:39Z</time>
   </trkpt>
   <trkpt lat="37.4544310" lon="127.0069930">
    <ele>32.0</ele>
    <time>2026-07-16T02:26:40Z</time>
   </trkpt>
   <trkpt lat="37.4544630" lon="127.0070490">
    <ele>32.0</ele>
    <time>2026-07-16T02:26:41Z</time>
   </trkpt>
   <trkpt lat="37.4544920" lon="127.0071100">
    <ele>32.0</ele>
    <time>2026-07-16T02:26:42Z</time>
   </trkpt>
   <trkpt lat="37.4545250" lon="127.0071630">
    <ele>32.1</ele>
    <time>2026-07-16T02:26:43Z</time>
   </trkpt>
   <trkpt lat="37.4545590" lon="127.0072210">
    <ele>32.1</ele>
    <time>2026-07-16T02:26:44Z</time>
   </trkpt>
   <trkpt lat="37.4545880" lon="127.0072810">
    <ele>32.1</ele>
    <time>2026-07-16T02:26:45Z</time>
   </trkpt>
   <trkpt lat="37.4546240" lon="127.0073380">
    <ele>32.2</ele>
    <time>2026-07-16T02:26:46Z</time>
   </trkpt>
   <trkpt lat="37.4546530" lon="127.0073930">
    <ele>32.2</ele>
    <time>2026-07-16T02:26:47Z</time>
   </trkpt>
   <trkpt lat="37.4546820" lon="127.0074410">
    <ele>32.3</ele>
    <time>2026-07-16T02:26:48Z</time>
   </trkpt>
   <trkpt lat="37.4546920" lon="127.0075090">
    <ele>32.3</ele>
    <time>2026-07-16T02:26:49Z</time>
   </trkpt>
   <trkpt lat="37.4546840" lon="127.0075770">
    <ele>32.3</ele>
    <time>2026-07-16T02:26:50Z</time>
   </trkpt>
   <trkpt lat="37.4546690" lon="127.0076320">
    <ele>32.3</ele>
    <time>2026-07-16T02:26:51Z</time>
   </trkpt>
   <trkpt lat="37.4546540" lon="127.0076820">
    <ele>32.3</ele>
    <time>2026-07-16T02:26:52Z</time>
   </trkpt>
   <trkpt lat="37.4546440" lon="127.0077320">
    <ele>32.3</ele>
    <time>2026-07-16T02:26:53Z</time>
   </trkpt>
   <trkpt lat="37.4546350" lon="127.0077790">
    <ele>32.3</ele>
    <time>2026-07-16T02:26:54Z</time>
   </trkpt>
   <trkpt lat="37.4546290" lon="127.0078240">
    <ele>32.3</ele>
    <time>2026-07-16T02:26:55Z</time>
   </trkpt>
   <trkpt lat="37.4546260" lon="127.0078650">
    <ele>32.3</ele>
    <time>2026-07-16T02:26:56Z</time>
   </trkpt>
   <trkpt lat="37.4546170" lon="127.0079030">
    <ele>32.2</ele>
    <time>2026-07-16T02:26:57Z</time>
   </trkpt>
   <trkpt lat="37.4546080" lon="127.0079180">
    <ele>32.2</ele>
    <time>2026-07-16T02:26:58Z</time>
   </trkpt>
   <trkpt lat="37.4546060" lon="127.0079180">
    <ele>32.2</ele>
    <time>2026-07-16T02:26:59Z</time>
   </trkpt>
   <trkpt lat="37.4546100" lon="127.0079090">
    <ele>32.2</ele>
    <time>2026-07-16T02:27:00Z</time>
   </trkpt>
   <trkpt lat="37.4546100" lon="127.0079080">
    <ele>32.2</ele>
    <time>2026-07-16T02:27:01Z</time>
   </trkpt>
   <trkpt lat="37.4546100" lon="127.0079060">
    <ele>32.2</ele>
    <time>2026-07-16T02:27:02Z</time>
   </trkpt>
   <trkpt lat="37.4546090" lon="127.0079060">
    <ele>32.2</ele>
    <time>2026-07-16T02:27:03Z</time>
   </trkpt>
   <trkpt lat="37.4546100" lon="127.0079050">
    <ele>32.2</ele>
    <time>2026-07-16T02:27:04Z</time>
   </trkpt>
   <trkpt lat="37.4546040" lon="127.0078970">
    <ele>32.2</ele>
    <time>2026-07-16T02:27:05Z</time>
   </trkpt>
   <trkpt lat="37.4546050" lon="127.0079020">
    <ele>32.2</ele>
    <time>2026-07-16T02:27:06Z</time>
   </trkpt>
   <trkpt lat="37.4546060" lon="127.0079000">
    <ele>32.2</ele>
    <time>2026-07-16T02:27:07Z</time>
   </trkpt>
   <trkpt lat="37.4546110" lon="127.0079060">
    <ele>32.2</ele>
    <time>2026-07-16T02:27:08Z</time>
   </trkpt>
   <trkpt lat="37.4546090" lon="127.0079050">
    <ele>32.2</ele>
    <time>2026-07-16T02:27:09Z</time>
   </trkpt>
   <trkpt lat="37.4546100" lon="127.0079040">
    <ele>32.2</ele>
    <time>2026-07-16T02:27:10Z</time>
   </trkpt>
   <trkpt lat="37.4546100" lon="127.0079040">
    <ele>32.2</ele>
    <time>2026-07-16T02:27:11Z</time>
   </trkpt>
   <trkpt lat="37.4546100" lon="127.0079030">
    <ele>32.2</ele>
    <time>2026-07-16T02:27:12Z</time>
   </trkpt>
   <trkpt lat="37.4546100" lon="127.0079050">
    <ele>32.2</ele>
    <time>2026-07-16T02:27:13Z</time>
   </trkpt>
   <trkpt lat="37.4546100" lon="127.0079050">
    <ele>32.2</ele>
    <time>2026-07-16T02:27:14Z</time>
   </trkpt>
   <trkpt lat="37.4546100" lon="127.0079050">
    <ele>32.2</ele>
    <time>2026-07-16T02:27:15Z</time>
   </trkpt>
   <trkpt lat="37.4546100" lon="127.0079050">
    <ele>32.2</ele>
    <time>2026-07-16T02:27:16Z</time>
   </trkpt>
   <trkpt lat="37.4546110" lon="127.0079050">
    <ele>32.2</ele>
    <time>2026-07-16T02:27:17Z</time>
   </trkpt>
   <trkpt lat="37.4546110" lon="127.0079050">
    <ele>32.2</ele>
    <time>2026-07-16T02:27:18Z</time>
   </trkpt>
   <trkpt lat="37.4546120" lon="127.0079040">
    <ele>32.2</ele>
    <time>2026-07-16T02:27:19Z</time>
   </trkpt>
   <trkpt lat="37.4546120" lon="127.0079050">
    <ele>32.2</ele>
    <time>2026-07-16T02:27:20Z</time>
   </trkpt>
   <trkpt lat="37.4546110" lon="127.0079090">
    <ele>32.2</ele>
    <time>2026-07-16T02:27:21Z</time>
   </trkpt>
   <trkpt lat="37.4546080" lon="127.0079210">
    <ele>32.2</ele>
    <time>2026-07-16T02:27:25Z</time>
   </trkpt>
   <trkpt lat="37.4546060" lon="127.0079220">
    <ele>32.2</ele>
    <time>2026-07-16T02:27:26Z</time>
   </trkpt>
   <trkpt lat="37.4546030" lon="127.0079370">
    <ele>32.2</ele>
    <time>2026-07-16T02:27:27Z</time>
   </trkpt>
   <trkpt lat="37.4546040" lon="127.0079540">
    <ele>32.2</ele>
    <time>2026-07-16T02:27:28Z</time>
   </trkpt>
   <trkpt lat="37.4546120" lon="127.0079760">
    <ele>32.2</ele>
    <time>2026-07-16T02:27:29Z</time>
   </trkpt>
   <trkpt lat="37.4546220" lon="127.0080110">
    <ele>32.1</ele>
    <time>2026-07-16T02:27:30Z</time>
   </trkpt>
   <trkpt lat="37.4546300" lon="127.0080450">
    <ele>32.1</ele>
    <time>2026-07-16T02:27:31Z</time>
   </trkpt>
   <trkpt lat="37.4546430" lon="127.0080850">
    <ele>32.1</ele>
    <time>2026-07-16T02:27:32Z</time>
   </trkpt>
   <trkpt lat="37.4546560" lon="127.0081340">
    <ele>32.0</ele>
    <time>2026-07-16T02:27:33Z</time>
   </trkpt>
   <trkpt lat="37.4546770" lon="127.0081790">
    <ele>32.0</ele>
    <time>2026-07-16T02:27:34Z</time>
   </trkpt>
   <trkpt lat="37.4546980" lon="127.0082350">
    <ele>31.9</ele>
    <time>2026-07-16T02:27:35Z</time>
   </trkpt>
   <trkpt lat="37.4547140" lon="127.0082940">
    <ele>31.9</ele>
    <time>2026-07-16T02:27:36Z</time>
   </trkpt>
   <trkpt lat="37.4547340" lon="127.0083570">
    <ele>31.8</ele>
    <time>2026-07-16T02:27:37Z</time>
   </trkpt>
   <trkpt lat="37.4547510" lon="127.0084230">
    <ele>31.7</ele>
    <time>2026-07-16T02:27:38Z</time>
   </trkpt>
   <trkpt lat="37.4547730" lon="127.0084940">
    <ele>31.7</ele>
    <time>2026-07-16T02:27:39Z</time>
   </trkpt>
   <trkpt lat="37.4547940" lon="127.0085650">
    <ele>31.6</ele>
    <time>2026-07-16T02:27:40Z</time>
   </trkpt>
   <trkpt lat="37.4548150" lon="127.0086370">
    <ele>31.5</ele>
    <time>2026-07-16T02:27:41Z</time>
   </trkpt>
   <trkpt lat="37.4548350" lon="127.0087060">
    <ele>31.4</ele>
    <time>2026-07-16T02:27:42Z</time>
   </trkpt>
   <trkpt lat="37.4548540" lon="127.0087790">
    <ele>31.4</ele>
    <time>2026-07-16T02:27:43Z</time>
   </trkpt>
   <trkpt lat="37.4548690" lon="127.0088560">
    <ele>31.3</ele>
    <time>2026-07-16T02:27:44Z</time>
   </trkpt>
   <trkpt lat="37.4548790" lon="127.0089290">
    <ele>31.3</ele>
    <time>2026-07-16T02:27:45Z</time>
   </trkpt>
   <trkpt lat="37.4548890" lon="127.0090000">
    <ele>31.2</ele>
    <time>2026-07-16T02:27:46Z</time>
   </trkpt>
   <trkpt lat="37.4549040" lon="127.0090700">
    <ele>31.2</ele>
    <time>2026-07-16T02:27:47Z</time>
   </trkpt>
   <trkpt lat="37.4549160" lon="127.0091340">
    <ele>31.2</ele>
    <time>2026-07-16T02:27:48Z</time>
   </trkpt>
   <trkpt lat="37.4549290" lon="127.0091960">
    <ele>31.1</ele>
    <time>2026-07-16T02:27:49Z</time>
   </trkpt>
   <trkpt lat="37.4549290" lon="127.0092670">
    <ele>31.0</ele>
    <time>2026-07-16T02:27:50Z</time>
   </trkpt>
   <trkpt lat="37.4549400" lon="127.0093340">
    <ele>30.9</ele>
    <time>2026-07-16T02:27:51Z</time>
   </trkpt>
   <trkpt lat="37.4549560" lon="127.0094090">
    <ele>30.9</ele>
    <time>2026-07-16T02:27:52Z</time>
   </trkpt>
   <trkpt lat="37.4549710" lon="127.0094830">
    <ele>30.8</ele>
    <time>2026-07-16T02:27:53Z</time>
   </trkpt>
   <trkpt lat="37.4549810" lon="127.0095550">
    <ele>30.8</ele>
    <time>2026-07-16T02:27:54Z</time>
   </trkpt>
   <trkpt lat="37.4549960" lon="127.0096260">
    <ele>30.8</ele>
    <time>2026-07-16T02:27:55Z</time>
   </trkpt>
   <trkpt lat="37.4550070" lon="127.0096950">
    <ele>30.8</ele>
    <time>2026-07-16T02:27:56Z</time>
   </trkpt>
   <trkpt lat="37.4550180" lon="127.0097700">
    <ele>30.8</ele>
    <time>2026-07-16T02:27:57Z</time>
   </trkpt>
   <trkpt lat="37.4550290" lon="127.0098430">
    <ele>30.7</ele>
    <time>2026-07-16T02:27:58Z</time>
   </trkpt>
   <trkpt lat="37.4550420" lon="127.0099150">
    <ele>30.7</ele>
    <time>2026-07-16T02:27:59Z</time>
   </trkpt>
   <trkpt lat="37.4550540" lon="127.0099880">
    <ele>30.7</ele>
    <time>2026-07-16T02:28:00Z</time>
   </trkpt>
   <trkpt lat="37.4550690" lon="127.0100600">
    <ele>30.7</ele>
    <time>2026-07-16T02:28:01Z</time>
   </trkpt>
   <trkpt lat="37.4550800" lon="127.0101310">
    <ele>30.7</ele>
    <time>2026-07-16T02:28:02Z</time>
   </trkpt>
   <trkpt lat="37.4550940" lon="127.0102040">
    <ele>30.7</ele>
    <time>2026-07-16T02:28:03Z</time>
   </trkpt>
   <trkpt lat="37.4551090" lon="127.0102750">
    <ele>30.7</ele>
    <time>2026-07-16T02:28:04Z</time>
   </trkpt>
   <trkpt lat="37.4551210" lon="127.0103460">
    <ele>30.7</ele>
    <time>2026-07-16T02:28:05Z</time>
   </trkpt>
   <trkpt lat="37.4551320" lon="127.0104190">
    <ele>30.7</ele>
    <time>2026-07-16T02:28:06Z</time>
   </trkpt>
   <trkpt lat="37.4551430" lon="127.0104930">
    <ele>30.7</ele>
    <time>2026-07-16T02:28:07Z</time>
   </trkpt>
   <trkpt lat="37.4551560" lon="127.0105660">
    <ele>30.7</ele>
    <time>2026-07-16T02:28:08Z</time>
   </trkpt>
   <trkpt lat="37.4551680" lon="127.0106370">
    <ele>30.7</ele>
    <time>2026-07-16T02:28:09Z</time>
   </trkpt>
   <trkpt lat="37.4551820" lon="127.0107100">
    <ele>30.7</ele>
    <time>2026-07-16T02:28:10Z</time>
   </trkpt>
   <trkpt lat="37.4551940" lon="127.0107830">
    <ele>30.6</ele>
    <time>2026-07-16T02:28:11Z</time>
   </trkpt>
   <trkpt lat="37.4552050" lon="127.0108560">
    <ele>30.6</ele>
    <time>2026-07-16T02:28:12Z</time>
   </trkpt>
   <trkpt lat="37.4552140" lon="127.0109270">
    <ele>30.6</ele>
    <time>2026-07-16T02:28:13Z</time>
   </trkpt>
   <trkpt lat="37.4552260" lon="127.0109980">
    <ele>30.6</ele>
    <time>2026-07-16T02:28:14Z</time>
   </trkpt>
   <trkpt lat="37.4552320" lon="127.0110720">
    <ele>30.5</ele>
    <time>2026-07-16T02:28:15Z</time>
   </trkpt>
   <trkpt lat="37.4552420" lon="127.0111450">
    <ele>30.5</ele>
    <time>2026-07-16T02:28:16Z</time>
   </trkpt>
   <trkpt lat="37.4552520" lon="127.0112140">
    <ele>30.5</ele>
    <time>2026-07-16T02:28:17Z</time>
   </trkpt>
   <trkpt lat="37.4552670" lon="127.0112850">
    <ele>30.5</ele>
    <time>2026-07-16T02:28:18Z</time>
   </trkpt>
   <trkpt lat="37.4552750" lon="127.0113590">
    <ele>30.4</ele>
    <time>2026-07-16T02:28:19Z</time>
   </trkpt>
   <trkpt lat="37.4552810" lon="127.0114310">
    <ele>30.4</ele>
    <time>2026-07-16T02:28:20Z</time>
   </trkpt>
   <trkpt lat="37.4552880" lon="127.0115070">
    <ele>30.4</ele>
    <time>2026-07-16T02:28:21Z</time>
   </trkpt>
   <trkpt lat="37.4552920" lon="127.0115800">
    <ele>30.3</ele>
    <time>2026-07-16T02:28:22Z</time>
   </trkpt>
   <trkpt lat="37.4553000" lon="127.0116540">
    <ele>30.3</ele>
    <time>2026-07-16T02:28:23Z</time>
   </trkpt>
   <trkpt lat="37.4553090" lon="127.0117280">
    <ele>30.2</ele>
    <time>2026-07-16T02:28:24Z</time>
   </trkpt>
   <trkpt lat="37.4553180" lon="127.0118010">
    <ele>30.2</ele>
    <time>2026-07-16T02:28:25Z</time>
   </trkpt>
   <trkpt lat="37.4553250" lon="127.0118750">
    <ele>30.2</ele>
    <time>2026-07-16T02:28:26Z</time>
   </trkpt>
   <trkpt lat="37.4553290" lon="127.0119500">
    <ele>30.1</ele>
    <time>2026-07-16T02:28:27Z</time>
   </trkpt>
   <trkpt lat="37.4553350" lon="127.0120230">
    <ele>30.1</ele>
    <time>2026-07-16T02:28:28Z</time>
   </trkpt>
   <trkpt lat="37.4553410" lon="127.0120970">
    <ele>30.0</ele>
    <time>2026-07-16T02:28:29Z</time>
   </trkpt>
   <trkpt lat="37.4553490" lon="127.0121710">
    <ele>30.0</ele>
    <time>2026-07-16T02:28:30Z</time>
   </trkpt>
   <trkpt lat="37.4553570" lon="127.0122440">
    <ele>30.0</ele>
    <time>2026-07-16T02:28:31Z</time>
   </trkpt>
   <trkpt lat="37.4553650" lon="127.0123180">
    <ele>29.9</ele>
    <time>2026-07-16T02:28:32Z</time>
   </trkpt>
   <trkpt lat="37.4553710" lon="127.0123930">
    <ele>29.9</ele>
    <time>2026-07-16T02:28:33Z</time>
   </trkpt>
   <trkpt lat="37.4553760" lon="127.0124650">
    <ele>29.9</ele>
    <time>2026-07-16T02:28:34Z</time>
   </trkpt>
   <trkpt lat="37.4553840" lon="127.0125400">
    <ele>29.8</ele>
    <time>2026-07-16T02:28:35Z</time>
   </trkpt>
   <trkpt lat="37.4553900" lon="127.0126150">
    <ele>29.8</ele>
    <time>2026-07-16T02:28:36Z</time>
   </trkpt>
   <trkpt lat="37.4553960" lon="127.0126890">
    <ele>29.8</ele>
    <time>2026-07-16T02:28:37Z</time>
   </trkpt>
   <trkpt lat="37.4554050" lon="127.0127600">
    <ele>29.8</ele>
    <time>2026-07-16T02:28:38Z</time>
   </trkpt>
   <trkpt lat="37.4554110" lon="127.0128310">
    <ele>29.7</ele>
    <time>2026-07-16T02:28:39Z</time>
   </trkpt>
   <trkpt lat="37.4554140" lon="127.0129070">
    <ele>29.7</ele>
    <time>2026-07-16T02:28:40Z</time>
   </trkpt>
   <trkpt lat="37.4554200" lon="127.0129820">
    <ele>29.7</ele>
    <time>2026-07-16T02:28:41Z</time>
   </trkpt>
   <trkpt lat="37.4554200" lon="127.0130540">
    <ele>29.6</ele>
    <time>2026-07-16T02:28:42Z</time>
   </trkpt>
   <trkpt lat="37.4554190" lon="127.0131280">
    <ele>29.6</ele>
    <time>2026-07-16T02:28:43Z</time>
   </trkpt>
   <trkpt lat="37.4554190" lon="127.0132030">
    <ele>29.6</ele>
    <time>2026-07-16T02:28:44Z</time>
   </trkpt>
   <trkpt lat="37.4554210" lon="127.0132730">
    <ele>29.5</ele>
    <time>2026-07-16T02:28:45Z</time>
   </trkpt>
   <trkpt lat="37.4554210" lon="127.0133490">
    <ele>29.5</ele>
    <time>2026-07-16T02:28:46Z</time>
   </trkpt>
   <trkpt lat="37.4554240" lon="127.0134240">
    <ele>29.5</ele>
    <time>2026-07-16T02:28:47Z</time>
   </trkpt>
   <trkpt lat="37.4554230" lon="127.0134970">
    <ele>29.5</ele>
    <time>2026-07-16T02:28:48Z</time>
   </trkpt>
   <trkpt lat="37.4554180" lon="127.0135720">
    <ele>29.4</ele>
    <time>2026-07-16T02:28:49Z</time>
   </trkpt>
   <trkpt lat="37.4554160" lon="127.0136440">
    <ele>29.4</ele>
    <time>2026-07-16T02:28:50Z</time>
   </trkpt>
   <trkpt lat="37.4554160" lon="127.0137180">
    <ele>29.4</ele>
    <time>2026-07-16T02:28:51Z</time>
   </trkpt>
   <trkpt lat="37.4554110" lon="127.0137900">
    <ele>29.4</ele>
    <time>2026-07-16T02:28:52Z</time>
   </trkpt>
   <trkpt lat="37.4553940" lon="127.0138600">
    <ele>29.3</ele>
    <time>2026-07-16T02:28:53Z</time>
   </trkpt>
   <trkpt lat="37.4553820" lon="127.0139290">
    <ele>29.3</ele>
    <time>2026-07-16T02:28:54Z</time>
   </trkpt>
   <trkpt lat="37.4553740" lon="127.0140010">
    <ele>29.3</ele>
    <time>2026-07-16T02:28:55Z</time>
   </trkpt>
   <trkpt lat="37.4553660" lon="127.0140720">
    <ele>29.3</ele>
    <time>2026-07-16T02:28:56Z</time>
   </trkpt>
   <trkpt lat="37.4553560" lon="127.0141400">
    <ele>29.3</ele>
    <time>2026-07-16T02:28:57Z</time>
   </trkpt>
   <trkpt lat="37.4553470" lon="127.0142110">
    <ele>29.4</ele>
    <time>2026-07-16T02:28:58Z</time>
   </trkpt>
   <trkpt lat="37.4553400" lon="127.0142720">
    <ele>29.4</ele>
    <time>2026-07-16T02:28:59Z</time>
   </trkpt>
   <trkpt lat="37.4553400" lon="127.0143150">
    <ele>29.4</ele>
    <time>2026-07-16T02:29:00Z</time>
   </trkpt>
   <trkpt lat="37.4553550" lon="127.0143540">
    <ele>29.4</ele>
    <time>2026-07-16T02:29:01Z</time>
   </trkpt>
   <trkpt lat="37.4553850" lon="127.0143680">
    <ele>29.4</ele>
    <time>2026-07-16T02:29:02Z</time>
   </trkpt>
   <trkpt lat="37.4554120" lon="127.0143960">
    <ele>29.4</ele>
    <time>2026-07-16T02:29:03Z</time>
   </trkpt>
   <trkpt lat="37.4554340" lon="127.0144230">
    <ele>29.4</ele>
    <time>2026-07-16T02:29:04Z</time>
   </trkpt>
   <trkpt lat="37.4554590" lon="127.0144540">
    <ele>29.4</ele>
    <time>2026-07-16T02:29:05Z</time>
   </trkpt>
   <trkpt lat="37.4554710" lon="127.0144900">
    <ele>29.4</ele>
    <time>2026-07-16T02:29:06Z</time>
   </trkpt>
   <trkpt lat="37.4554640" lon="127.0145280">
    <ele>29.4</ele>
    <time>2026-07-16T02:29:07Z</time>
   </trkpt>
   <trkpt lat="37.4554560" lon="127.0145530">
    <ele>29.4</ele>
    <time>2026-07-16T02:29:08Z</time>
   </trkpt>
   <trkpt lat="37.4554570" lon="127.0145410">
    <ele>29.4</ele>
    <time>2026-07-16T02:29:09Z</time>
   </trkpt>
   <trkpt lat="37.4554580" lon="127.0145350">
    <ele>29.4</ele>
    <time>2026-07-16T02:29:10Z</time>
   </trkpt>
   <trkpt lat="37.4554560" lon="127.0145390">
    <ele>29.4</ele>
    <time>2026-07-16T02:29:11Z</time>
   </trkpt>
   <trkpt lat="37.4554580" lon="127.0145340">
    <ele>29.4</ele>
    <time>2026-07-16T02:29:12Z</time>
   </trkpt>
   <trkpt lat="37.4554570" lon="127.0145390">
    <ele>29.4</ele>
    <time>2026-07-16T02:29:13Z</time>
   </trkpt>
   <trkpt lat="37.4554570" lon="127.0145360">
    <ele>29.4</ele>
    <time>2026-07-16T02:29:14Z</time>
   </trkpt>
   <trkpt lat="37.4554570" lon="127.0145370">
    <ele>29.4</ele>
    <time>2026-07-16T02:29:15Z</time>
   </trkpt>
   <trkpt lat="37.4554570" lon="127.0145380">
    <ele>29.4</ele>
    <time>2026-07-16T02:29:16Z</time>
   </trkpt>
   <trkpt lat="37.4554580" lon="127.0145390">
    <ele>29.4</ele>
    <time>2026-07-16T02:29:17Z</time>
   </trkpt>
   <trkpt lat="37.4554570" lon="127.0145390">
    <ele>29.4</ele>
    <time>2026-07-16T02:29:18Z</time>
   </trkpt>
   <trkpt lat="37.4554580" lon="127.0145400">
    <ele>29.4</ele>
    <time>2026-07-16T02:29:19Z</time>
   </trkpt>
   <trkpt lat="37.4554580" lon="127.0145400">
    <ele>29.4</ele>
    <time>2026-07-16T02:29:20Z</time>
   </trkpt>
   <trkpt lat="37.4554590" lon="127.0145380">
    <ele>29.4</ele>
    <time>2026-07-16T02:29:21Z</time>
   </trkpt>
   <trkpt lat="37.4554570" lon="127.0145370">
    <ele>29.4</ele>
    <time>2026-07-16T02:29:22Z</time>
   </trkpt>
   <trkpt lat="37.4554580" lon="127.0145460">
    <ele>29.4</ele>
    <time>2026-07-16T02:29:23Z</time>
   </trkpt>
   <trkpt lat="37.4554560" lon="127.0145410">
    <ele>29.4</ele>
    <time>2026-07-16T02:29:24Z</time>
   </trkpt>
   <trkpt lat="37.4554560" lon="127.0145470">
    <ele>29.4</ele>
    <time>2026-07-16T02:29:25Z</time>
   </trkpt>
   <trkpt lat="37.4554570" lon="127.0145400">
    <ele>29.4</ele>
    <time>2026-07-16T02:29:26Z</time>
   </trkpt>
   <trkpt lat="37.4554560" lon="127.0145420">
    <ele>29.4</ele>
    <time>2026-07-16T02:29:27Z</time>
   </trkpt>
   <trkpt lat="37.4554550" lon="127.0145500">
    <ele>29.4</ele>
    <time>2026-07-16T02:29:28Z</time>
   </trkpt>
   <trkpt lat="37.4554560" lon="127.0145460">
    <ele>29.4</ele>
    <time>2026-07-16T02:29:29Z</time>
   </trkpt>
   <trkpt lat="37.4554560" lon="127.0145510">
    <ele>29.4</ele>
    <time>2026-07-16T02:29:30Z</time>
   </trkpt>
   <trkpt lat="37.4554640" lon="127.0145630">
    <ele>29.4</ele>
    <time>2026-07-16T02:29:31Z</time>
   </trkpt>
   <trkpt lat="37.4554760" lon="127.0145820">
    <ele>29.3</ele>
    <time>2026-07-16T02:29:32Z</time>
   </trkpt>
   <trkpt lat="37.4554850" lon="127.0146060">
    <ele>29.3</ele>
    <time>2026-07-16T02:29:33Z</time>
   </trkpt>
   <trkpt lat="37.4554860" lon="127.0146340">
    <ele>29.3</ele>
    <time>2026-07-16T02:29:34Z</time>
   </trkpt>
   <trkpt lat="37.4554900" lon="127.0146750">
    <ele>29.3</ele>
    <time>2026-07-16T02:29:35Z</time>
   </trkpt>
   <trkpt lat="37.4554890" lon="127.0147150">
    <ele>29.3</ele>
    <time>2026-07-16T02:29:36Z</time>
   </trkpt>
   <trkpt lat="37.4554900" lon="127.0147610">
    <ele>29.3</ele>
    <time>2026-07-16T02:29:37Z</time>
   </trkpt>
   <trkpt lat="37.4554920" lon="127.0148110">
    <ele>29.3</ele>
    <time>2026-07-16T02:29:38Z</time>
   </trkpt>
   <trkpt lat="37.4554840" lon="127.0148690">
    <ele>29.2</ele>
    <time>2026-07-16T02:29:39Z</time>
   </trkpt>
   <trkpt lat="37.4554820" lon="127.0149300">
    <ele>29.2</ele>
    <time>2026-07-16T02:29:40Z</time>
   </trkpt>
   <trkpt lat="37.4554770" lon="127.0149970">
    <ele>29.2</ele>
    <time>2026-07-16T02:29:41Z</time>
   </trkpt>
   <trkpt lat="37.4554740" lon="127.0150670">
    <ele>29.2</ele>
    <time>2026-07-16T02:29:42Z</time>
   </trkpt>
   <trkpt lat="37.4554720" lon="127.0151370">
    <ele>29.2</ele>
    <time>2026-07-16T02:29:43Z</time>
   </trkpt>
   <trkpt lat="37.4554680" lon="127.0152130">
    <ele>29.2</ele>
    <time>2026-07-16T02:29:44Z</time>
   </trkpt>
   <trkpt lat="37.4554650" lon="127.0152840">
    <ele>29.2</ele>
    <time>2026-07-16T02:29:45Z</time>
   </trkpt>
   <trkpt lat="37.4554600" lon="127.0153550">
    <ele>29.2</ele>
    <time>2026-07-16T02:29:46Z</time>
   </trkpt>
   <trkpt lat="37.4554600" lon="127.0154260">
    <ele>29.2</ele>
    <time>2026-07-16T02:29:47Z</time>
   </trkpt>
   <trkpt lat="37.4554660" lon="127.0155010">
    <ele>29.2</ele>
    <time>2026-07-16T02:29:48Z</time>
   </trkpt>
   <trkpt lat="37.4554730" lon="127.0155700">
    <ele>29.2</ele>
    <time>2026-07-16T02:29:49Z</time>
   </trkpt>
   <trkpt lat="37.4554770" lon="127.0156430">
    <ele>29.2</ele>
    <time>2026-07-16T02:29:50Z</time>
   </trkpt>
   <trkpt lat="37.4554840" lon="127.0157150">
    <ele>29.2</ele>
    <time>2026-07-16T02:29:51Z</time>
   </trkpt>
   <trkpt lat="37.4554910" lon="127.0157870">
    <ele>29.2</ele>
    <time>2026-07-16T02:29:52Z</time>
   </trkpt>
   <trkpt lat="37.4554980" lon="127.0158570">
    <ele>29.2</ele>
    <time>2026-07-16T02:29:53Z</time>
   </trkpt>
   <trkpt lat="37.4555040" lon="127.0159280">
    <ele>29.2</ele>
    <time>2026-07-16T02:29:54Z</time>
   </trkpt>
   <trkpt lat="37.4555130" lon="127.0160000">
    <ele>29.2</ele>
    <time>2026-07-16T02:29:55Z</time>
   </trkpt>
   <trkpt lat="37.4555210" lon="127.0160690">
    <ele>29.2</ele>
    <time>2026-07-16T02:29:56Z</time>
   </trkpt>
   <trkpt lat="37.4555270" lon="127.0161340">
    <ele>29.2</ele>
    <time>2026-07-16T02:29:57Z</time>
   </trkpt>
   <trkpt lat="37.4555350" lon="127.0162050">
    <ele>29.2</ele>
    <time>2026-07-16T02:29:58Z</time>
   </trkpt>
   <trkpt lat="37.4555420" lon="127.0162760">
    <ele>29.2</ele>
    <time>2026-07-16T02:29:59Z</time>
   </trkpt>
   <trkpt lat="37.4555490" lon="127.0163420">
    <ele>29.2</ele>
    <time>2026-07-16T02:30:00Z</time>
   </trkpt>
   <trkpt lat="37.4555570" lon="127.0164170">
    <ele>29.1</ele>
    <time>2026-07-16T02:30:01Z</time>
   </trkpt>
   <trkpt lat="37.4555630" lon="127.0164880">
    <ele>29.1</ele>
    <time>2026-07-16T02:30:02Z</time>
   </trkpt>
   <trkpt lat="37.4555730" lon="127.0165600">
    <ele>29.1</ele>
    <time>2026-07-16T02:30:03Z</time>
   </trkpt>
   <trkpt lat="37.4555810" lon="127.0166320">
    <ele>29.0</ele>
    <time>2026-07-16T02:30:04Z</time>
   </trkpt>
   <trkpt lat="37.4555900" lon="127.0167070">
    <ele>29.0</ele>
    <time>2026-07-16T02:30:05Z</time>
   </trkpt>
   <trkpt lat="37.4556000" lon="127.0167780">
    <ele>28.9</ele>
    <time>2026-07-16T02:30:06Z</time>
   </trkpt>
   <trkpt lat="37.4556090" lon="127.0168510">
    <ele>28.8</ele>
    <time>2026-07-16T02:30:07Z</time>
   </trkpt>
   <trkpt lat="37.4556210" lon="127.0169260">
    <ele>28.6</ele>
    <time>2026-07-16T02:30:08Z</time>
   </trkpt>
   <trkpt lat="37.4556320" lon="127.0170020">
    <ele>28.5</ele>
    <time>2026-07-16T02:30:09Z</time>
   </trkpt>
   <trkpt lat="37.4556420" lon="127.0170820">
    <ele>28.3</ele>
    <time>2026-07-16T02:30:10Z</time>
   </trkpt>
   <trkpt lat="37.4556540" lon="127.0171550">
    <ele>28.2</ele>
    <time>2026-07-16T02:30:11Z</time>
   </trkpt>
   <trkpt lat="37.4556590" lon="127.0171950">
    <ele>28.1</ele>
    <time>2026-07-16T02:30:12Z</time>
   </trkpt>
   <trkpt lat="37.4556550" lon="127.0172320">
    <ele>28.1</ele>
    <time>2026-07-16T02:30:13Z</time>
   </trkpt>
   <trkpt lat="37.4556560" lon="127.0172430">
    <ele>28.1</ele>
    <time>2026-07-16T02:30:14Z</time>
   </trkpt>
   <trkpt lat="37.4556550" lon="127.0172280">
    <ele>28.1</ele>
    <time>2026-07-16T02:30:15Z</time>
   </trkpt>
   <trkpt lat="37.4556530" lon="127.0172220">
    <ele>28.0</ele>
    <time>2026-07-16T02:30:16Z</time>
   </trkpt>
   <trkpt lat="37.4556530" lon="127.0172190">
    <ele>28.0</ele>
    <time>2026-07-16T02:30:17Z</time>
   </trkpt>
   <trkpt lat="37.4556530" lon="127.0172210">
    <ele>28.0</ele>
    <time>2026-07-16T02:30:18Z</time>
   </trkpt>
   <trkpt lat="37.4556530" lon="127.0172210">
    <ele>28.0</ele>
    <time>2026-07-16T02:30:19Z</time>
   </trkpt>
   <trkpt lat="37.4556530" lon="127.0172210">
    <ele>28.0</ele>
    <time>2026-07-16T02:30:20Z</time>
   </trkpt>
   <trkpt lat="37.4556530" lon="127.0172210">
    <ele>28.0</ele>
    <time>2026-07-16T02:30:21Z</time>
   </trkpt>
   <trkpt lat="37.4556540" lon="127.0172200">
    <ele>28.0</ele>
    <time>2026-07-16T02:30:22Z</time>
   </trkpt>
   <trkpt lat="37.4556540" lon="127.0172180">
    <ele>28.0</ele>
    <time>2026-07-16T02:30:23Z</time>
   </trkpt>
   <trkpt lat="37.4556550" lon="127.0172180">
    <ele>28.0</ele>
    <time>2026-07-16T02:30:24Z</time>
   </trkpt>
   <trkpt lat="37.4556520" lon="127.0172170">
    <ele>28.0</ele>
    <time>2026-07-16T02:30:25Z</time>
   </trkpt>
   <trkpt lat="37.4556540" lon="127.0172200">
    <ele>28.0</ele>
    <time>2026-07-16T02:30:26Z</time>
   </trkpt>
   <trkpt lat="37.4556570" lon="127.0172240">
    <ele>28.0</ele>
    <time>2026-07-16T02:30:27Z</time>
   </trkpt>
   <trkpt lat="37.4556530" lon="127.0172250">
    <ele>28.0</ele>
    <time>2026-07-16T02:30:28Z</time>
   </trkpt>
   <trkpt lat="37.4556530" lon="127.0172260">
    <ele>28.0</ele>
    <time>2026-07-16T02:30:29Z</time>
   </trkpt>
   <trkpt lat="37.4556540" lon="127.0172260">
    <ele>28.0</ele>
    <time>2026-07-16T02:30:30Z</time>
   </trkpt>
   <trkpt lat="37.4556540" lon="127.0172260">
    <ele>28.0</ele>
    <time>2026-07-16T02:30:31Z</time>
   </trkpt>
   <trkpt lat="37.4556550" lon="127.0172310">
    <ele>28.0</ele>
    <time>2026-07-16T02:30:32Z</time>
   </trkpt>
   <trkpt lat="37.4556510" lon="127.0172400">
    <ele>28.0</ele>
    <time>2026-07-16T02:30:33Z</time>
   </trkpt>
   <trkpt lat="37.4556610" lon="127.0172630">
    <ele>28.0</ele>
    <time>2026-07-16T02:30:34Z</time>
   </trkpt>
   <trkpt lat="37.4556660" lon="127.0172830">
    <ele>28.0</ele>
    <time>2026-07-16T02:30:35Z</time>
   </trkpt>
   <trkpt lat="37.4556690" lon="127.0173110">
    <ele>27.9</ele>
    <time>2026-07-16T02:30:36Z</time>
   </trkpt>
   <trkpt lat="37.4556670" lon="127.0173400">
    <ele>27.9</ele>
    <time>2026-07-16T02:30:37Z</time>
   </trkpt>
   <trkpt lat="37.4556710" lon="127.0173830">
    <ele>27.9</ele>
    <time>2026-07-16T02:30:38Z</time>
   </trkpt>
   <trkpt lat="37.4556820" lon="127.0174240">
    <ele>27.9</ele>
    <time>2026-07-16T02:30:39Z</time>
   </trkpt>
   <trkpt lat="37.4556880" lon="127.0174710">
    <ele>27.9</ele>
    <time>2026-07-16T02:30:40Z</time>
   </trkpt>
   <trkpt lat="37.4556970" lon="127.0175200">
    <ele>27.9</ele>
    <time>2026-07-16T02:30:41Z</time>
   </trkpt>
   <trkpt lat="37.4557070" lon="127.0175770">
    <ele>27.9</ele>
    <time>2026-07-16T02:30:42Z</time>
   </trkpt>
   <trkpt lat="37.4557170" lon="127.0176390">
    <ele>27.8</ele>
    <time>2026-07-16T02:30:43Z</time>
   </trkpt>
   <trkpt lat="37.4557230" lon="127.0177090">
    <ele>27.8</ele>
    <time>2026-07-16T02:30:44Z</time>
   </trkpt>
   <trkpt lat="37.4557290" lon="127.0177740">
    <ele>27.8</ele>
    <time>2026-07-16T02:30:45Z</time>
   </trkpt>
   <trkpt lat="37.4557430" lon="127.0178490">
    <ele>27.7</ele>
    <time>2026-07-16T02:30:46Z</time>
   </trkpt>
   <trkpt lat="37.4557560" lon="127.0179190">
    <ele>27.7</ele>
    <time>2026-07-16T02:30:47Z</time>
   </trkpt>
   <trkpt lat="37.4557700" lon="127.0179910">
    <ele>27.7</ele>
    <time>2026-07-16T02:30:48Z</time>
   </trkpt>
   <trkpt lat="37.4557820" lon="127.0180620">
    <ele>27.6</ele>
    <time>2026-07-16T02:30:49Z</time>
   </trkpt>
   <trkpt lat="37.4557940" lon="127.0181330">
    <ele>27.6</ele>
    <time>2026-07-16T02:30:50Z</time>
   </trkpt>
   <trkpt lat="37.4558060" lon="127.0182050">
    <ele>27.6</ele>
    <time>2026-07-16T02:30:51Z</time>
   </trkpt>
   <trkpt lat="37.4558110" lon="127.0182770">
    <ele>27.5</ele>
    <time>2026-07-16T02:30:52Z</time>
   </trkpt>
   <trkpt lat="37.4558210" lon="127.0183520">
    <ele>27.5</ele>
    <time>2026-07-16T02:30:53Z</time>
   </trkpt>
   <trkpt lat="37.4558330" lon="127.0184210">
    <ele>27.5</ele>
    <time>2026-07-16T02:30:54Z</time>
   </trkpt>
   <trkpt lat="37.4558420" lon="127.0184930">
    <ele>27.4</ele>
    <time>2026-07-16T02:30:55Z</time>
   </trkpt>
   <trkpt lat="37.4558520" lon="127.0185660">
    <ele>27.4</ele>
    <time>2026-07-16T02:30:56Z</time>
   </trkpt>
   <trkpt lat="37.4558640" lon="127.0186370">
    <ele>27.3</ele>
    <time>2026-07-16T02:30:57Z</time>
   </trkpt>
   <trkpt lat="37.4558720" lon="127.0187100">
    <ele>27.3</ele>
    <time>2026-07-16T02:30:58Z</time>
   </trkpt>
   <trkpt lat="37.4558810" lon="127.0187830">
    <ele>27.3</ele>
    <time>2026-07-16T02:30:59Z</time>
   </trkpt>
   <trkpt lat="37.4558900" lon="127.0188570">
    <ele>27.3</ele>
    <time>2026-07-16T02:31:00Z</time>
   </trkpt>
   <trkpt lat="37.4558980" lon="127.0189270">
    <ele>27.3</ele>
    <time>2026-07-16T02:31:01Z</time>
   </trkpt>
   <trkpt lat="37.4559070" lon="127.0189990">
    <ele>27.3</ele>
    <time>2026-07-16T02:31:02Z</time>
   </trkpt>
   <trkpt lat="37.4559170" lon="127.0190720">
    <ele>27.3</ele>
    <time>2026-07-16T02:31:03Z</time>
   </trkpt>
   <trkpt lat="37.4559300" lon="127.0191420">
    <ele>27.3</ele>
    <time>2026-07-16T02:31:04Z</time>
   </trkpt>
   <trkpt lat="37.4559390" lon="127.0192130">
    <ele>27.3</ele>
    <time>2026-07-16T02:31:05Z</time>
   </trkpt>
   <trkpt lat="37.4559480" lon="127.0192850">
    <ele>27.2</ele>
    <time>2026-07-16T02:31:06Z</time>
   </trkpt>
   <trkpt lat="37.4559510" lon="127.0193490">
    <ele>27.2</ele>
    <time>2026-07-16T02:31:07Z</time>
   </trkpt>
   <trkpt lat="37.4559560" lon="127.0193960">
    <ele>27.2</ele>
    <time>2026-07-16T02:31:08Z</time>
   </trkpt>
   <trkpt lat="37.4559580" lon="127.0193870">
    <ele>27.2</ele>
    <time>2026-07-16T02:31:09Z</time>
   </trkpt>
   <trkpt lat="37.4559560" lon="127.0193700">
    <ele>27.2</ele>
    <time>2026-07-16T02:31:10Z</time>
   </trkpt>
   <trkpt lat="37.4559540" lon="127.0193670">
    <ele>27.2</ele>
    <time>2026-07-16T02:31:11Z</time>
   </trkpt>
   <trkpt lat="37.4559540" lon="127.0193640">
    <ele>27.2</ele>
    <time>2026-07-16T02:31:12Z</time>
   </trkpt>
   <trkpt lat="37.4559550" lon="127.0193640">
    <ele>27.2</ele>
    <time>2026-07-16T02:31:13Z</time>
   </trkpt>
   <trkpt lat="37.4559550" lon="127.0193650">
    <ele>27.2</ele>
    <time>2026-07-16T02:31:14Z</time>
   </trkpt>
   <trkpt lat="37.4559560" lon="127.0193650">
    <ele>27.2</ele>
    <time>2026-07-16T02:31:15Z</time>
   </trkpt>
   <trkpt lat="37.4559560" lon="127.0193650">
    <ele>27.2</ele>
    <time>2026-07-16T02:31:16Z</time>
   </trkpt>
   <trkpt lat="37.4559580" lon="127.0193610">
    <ele>27.2</ele>
    <time>2026-07-16T02:31:17Z</time>
   </trkpt>
   <trkpt lat="37.4559580" lon="127.0193640">
    <ele>27.2</ele>
    <time>2026-07-16T02:31:18Z</time>
   </trkpt>
   <trkpt lat="37.4559550" lon="127.0193630">
    <ele>27.2</ele>
    <time>2026-07-16T02:31:19Z</time>
   </trkpt>
   <trkpt lat="37.4559590" lon="127.0193700">
    <ele>27.2</ele>
    <time>2026-07-16T02:31:20Z</time>
   </trkpt>
   <trkpt lat="37.4559570" lon="127.0193750">
    <ele>27.2</ele>
    <time>2026-07-16T02:31:21Z</time>
   </trkpt>
   <trkpt lat="37.4559580" lon="127.0193720">
    <ele>27.2</ele>
    <time>2026-07-16T02:31:22Z</time>
   </trkpt>
   <trkpt lat="37.4559580" lon="127.0193750">
    <ele>27.2</ele>
    <time>2026-07-16T02:31:23Z</time>
   </trkpt>
   <trkpt lat="37.4559590" lon="127.0193810">
    <ele>27.2</ele>
    <time>2026-07-16T02:31:24Z</time>
   </trkpt>
   <trkpt lat="37.4559610" lon="127.0193860">
    <ele>27.2</ele>
    <time>2026-07-16T02:31:25Z</time>
   </trkpt>
   <trkpt lat="37.4559610" lon="127.0193840">
    <ele>27.2</ele>
    <time>2026-07-16T02:31:26Z</time>
   </trkpt>
   <trkpt lat="37.4559610" lon="127.0193840">
    <ele>27.2</ele>
    <time>2026-07-16T02:31:27Z</time>
   </trkpt>
   <trkpt lat="37.4559620" lon="127.0193850">
    <ele>27.2</ele>
    <time>2026-07-16T02:31:28Z</time>
   </trkpt>
   <trkpt lat="37.4559620" lon="127.0194020">
    <ele>27.2</ele>
    <time>2026-07-16T02:31:29Z</time>
   </trkpt>
   <trkpt lat="37.4559640" lon="127.0194240">
    <ele>27.2</ele>
    <time>2026-07-16T02:31:30Z</time>
   </trkpt>
   <trkpt lat="37.4559730" lon="127.0194430">
    <ele>27.2</ele>
    <time>2026-07-16T02:31:31Z</time>
   </trkpt>
   <trkpt lat="37.4559880" lon="127.0194710">
    <ele>27.2</ele>
    <time>2026-07-16T02:31:32Z</time>
   </trkpt>
   <trkpt lat="37.4559930" lon="127.0195070">
    <ele>27.2</ele>
    <time>2026-07-16T02:31:33Z</time>
   </trkpt>
   <trkpt lat="37.4560050" lon="127.0195450">
    <ele>27.2</ele>
    <time>2026-07-16T02:31:34Z</time>
   </trkpt>
   <trkpt lat="37.4560170" lon="127.0195920">
    <ele>27.2</ele>
    <time>2026-07-16T02:31:35Z</time>
   </trkpt>
   <trkpt lat="37.4560290" lon="127.0196430">
    <ele>27.1</ele>
    <time>2026-07-16T02:31:36Z</time>
   </trkpt>
   <trkpt lat="37.4560430" lon="127.0197000">
    <ele>27.1</ele>
    <time>2026-07-16T02:31:37Z</time>
   </trkpt>
   <trkpt lat="37.4560560" lon="127.0197600">
    <ele>27.1</ele>
    <time>2026-07-16T02:31:38Z</time>
   </trkpt>
   <trkpt lat="37.4560720" lon="127.0198260">
    <ele>27.1</ele>
    <time>2026-07-16T02:31:39Z</time>
   </trkpt>
   <trkpt lat="37.4560890" lon="127.0198920">
    <ele>27.1</ele>
    <time>2026-07-16T02:31:40Z</time>
   </trkpt>
   <trkpt lat="37.4561020" lon="127.0199650">
    <ele>27.1</ele>
    <time>2026-07-16T02:31:41Z</time>
   </trkpt>
   <trkpt lat="37.4561220" lon="127.0200320">
    <ele>27.1</ele>
    <time>2026-07-16T02:31:42Z</time>
   </trkpt>
   <trkpt lat="37.4561410" lon="127.0201000">
    <ele>27.1</ele>
    <time>2026-07-16T02:31:43Z</time>
   </trkpt>
   <trkpt lat="37.4561600" lon="127.0201710">
    <ele>27.1</ele>
    <time>2026-07-16T02:31:44Z</time>
   </trkpt>
   <trkpt lat="37.4561780" lon="127.0202420">
    <ele>27.0</ele>
    <time>2026-07-16T02:31:45Z</time>
   </trkpt>
   <trkpt lat="37.4561970" lon="127.0203080">
    <ele>27.0</ele>
    <time>2026-07-16T02:31:46Z</time>
   </trkpt>
   <trkpt lat="37.4562220" lon="127.0203770">
    <ele>27.0</ele>
    <time>2026-07-16T02:31:47Z</time>
   </trkpt>
   <trkpt lat="37.4562440" lon="127.0204440">
    <ele>27.0</ele>
    <time>2026-07-16T02:31:48Z</time>
   </trkpt>
   <trkpt lat="37.4562650" lon="127.0205090">
    <ele>27.0</ele>
    <time>2026-07-16T02:31:49Z</time>
   </trkpt>
   <trkpt lat="37.4562860" lon="127.0205780">
    <ele>27.0</ele>
    <time>2026-07-16T02:31:50Z</time>
   </trkpt>
   <trkpt lat="37.4563090" lon="127.0206420">
    <ele>27.0</ele>
    <time>2026-07-16T02:31:51Z</time>
   </trkpt>
   <trkpt lat="37.4563380" lon="127.0207050">
    <ele>27.0</ele>
    <time>2026-07-16T02:31:52Z</time>
   </trkpt>
   <trkpt lat="37.4563600" lon="127.0207650">
    <ele>27.0</ele>
    <time>2026-07-16T02:31:53Z</time>
   </trkpt>
   <trkpt lat="37.4563710" lon="127.0208320">
    <ele>27.0</ele>
    <time>2026-07-16T02:31:54Z</time>
   </trkpt>
   <trkpt lat="37.4563850" lon="127.0208940">
    <ele>27.0</ele>
    <time>2026-07-16T02:31:55Z</time>
   </trkpt>
   <trkpt lat="37.4563960" lon="127.0209380">
    <ele>27.0</ele>
    <time>2026-07-16T02:31:56Z</time>
   </trkpt>
   <trkpt lat="37.4564070" lon="127.0209410">
    <ele>27.0</ele>
    <time>2026-07-16T02:31:57Z</time>
   </trkpt>
   <trkpt lat="37.4563940" lon="127.0209260">
    <ele>27.0</ele>
    <time>2026-07-16T02:31:58Z</time>
   </trkpt>
   <trkpt lat="37.4563920" lon="127.0209200">
    <ele>27.0</ele>
    <time>2026-07-16T02:31:59Z</time>
   </trkpt>
   <trkpt lat="37.4563910" lon="127.0209190">
    <ele>27.0</ele>
    <time>2026-07-16T02:32:00Z</time>
   </trkpt>
   <trkpt lat="37.4563890" lon="127.0209160">
    <ele>27.0</ele>
    <time>2026-07-16T02:32:01Z</time>
   </trkpt>
   <trkpt lat="37.4563910" lon="127.0209170">
    <ele>27.0</ele>
    <time>2026-07-16T02:32:02Z</time>
   </trkpt>
   <trkpt lat="37.4563910" lon="127.0209190">
    <ele>27.0</ele>
    <time>2026-07-16T02:32:03Z</time>
   </trkpt>
   <trkpt lat="37.4563920" lon="127.0209200">
    <ele>27.0</ele>
    <time>2026-07-16T02:32:04Z</time>
   </trkpt>
   <trkpt lat="37.4563900" lon="127.0209180">
    <ele>27.0</ele>
    <time>2026-07-16T02:32:05Z</time>
   </trkpt>
   <trkpt lat="37.4563910" lon="127.0209190">
    <ele>27.0</ele>
    <time>2026-07-16T02:32:06Z</time>
   </trkpt>
   <trkpt lat="37.4563930" lon="127.0209180">
    <ele>27.0</ele>
    <time>2026-07-16T02:32:07Z</time>
   </trkpt>
   <trkpt lat="37.4563930" lon="127.0209200">
    <ele>27.0</ele>
    <time>2026-07-16T02:32:08Z</time>
   </trkpt>
   <trkpt lat="37.4563930" lon="127.0209180">
    <ele>27.0</ele>
    <time>2026-07-16T02:32:09Z</time>
   </trkpt>
   <trkpt lat="37.4563930" lon="127.0209210">
    <ele>27.0</ele>
    <time>2026-07-16T02:32:10Z</time>
   </trkpt>
   <trkpt lat="37.4563930" lon="127.0209200">
    <ele>27.0</ele>
    <time>2026-07-16T02:32:11Z</time>
   </trkpt>
   <trkpt lat="37.4563930" lon="127.0209260">
    <ele>27.0</ele>
    <time>2026-07-16T02:32:12Z</time>
   </trkpt>
   <trkpt lat="37.4563950" lon="127.0209340">
    <ele>27.0</ele>
    <time>2026-07-16T02:32:13Z</time>
   </trkpt>
   <trkpt lat="37.4564000" lon="127.0209360">
    <ele>27.0</ele>
    <time>2026-07-16T02:32:14Z</time>
   </trkpt>
   <trkpt lat="37.4564010" lon="127.0209350">
    <ele>27.0</ele>
    <time>2026-07-16T02:32:15Z</time>
   </trkpt>
   <trkpt lat="37.4564010" lon="127.0209350">
    <ele>27.0</ele>
    <time>2026-07-16T02:32:16Z</time>
   </trkpt>
   <trkpt lat="37.4563970" lon="127.0209360">
    <ele>27.0</ele>
    <time>2026-07-16T02:32:17Z</time>
   </trkpt>
   <trkpt lat="37.4563970" lon="127.0209400">
    <ele>27.0</ele>
    <time>2026-07-16T02:32:18Z</time>
   </trkpt>
   <trkpt lat="37.4564140" lon="127.0209560">
    <ele>27.0</ele>
    <time>2026-07-16T02:32:19Z</time>
   </trkpt>
   <trkpt lat="37.4564320" lon="127.0209790">
    <ele>27.0</ele>
    <time>2026-07-16T02:32:20Z</time>
   </trkpt>
   <trkpt lat="37.4564420" lon="127.0210030">
    <ele>27.0</ele>
    <time>2026-07-16T02:32:21Z</time>
   </trkpt>
   <trkpt lat="37.4564600" lon="127.0210280">
    <ele>27.0</ele>
    <time>2026-07-16T02:32:22Z</time>
   </trkpt>
   <trkpt lat="37.4564740" lon="127.0210540">
    <ele>27.0</ele>
    <time>2026-07-16T02:32:23Z</time>
   </trkpt>
   <trkpt lat="37.4564900" lon="127.0210890">
    <ele>27.0</ele>
    <time>2026-07-16T02:32:24Z</time>
   </trkpt>
   <trkpt lat="37.4565000" lon="127.0211280">
    <ele>27.0</ele>
    <time>2026-07-16T02:32:25Z</time>
   </trkpt>
   <trkpt lat="37.4565180" lon="127.0211770">
    <ele>26.9</ele>
    <time>2026-07-16T02:32:26Z</time>
   </trkpt>
   <trkpt lat="37.4565390" lon="127.0212240">
    <ele>26.9</ele>
    <time>2026-07-16T02:32:27Z</time>
   </trkpt>
   <trkpt lat="37.4565610" lon="127.0212790">
    <ele>26.9</ele>
    <time>2026-07-16T02:32:28Z</time>
   </trkpt>
   <trkpt lat="37.4565870" lon="127.0213370">
    <ele>26.9</ele>
    <time>2026-07-16T02:32:29Z</time>
   </trkpt>
   <trkpt lat="37.4566100" lon="127.0214000">
    <ele>26.9</ele>
    <time>2026-07-16T02:32:30Z</time>
   </trkpt>
   <trkpt lat="37.4566370" lon="127.0214670">
    <ele>26.9</ele>
    <time>2026-07-16T02:32:31Z</time>
   </trkpt>
   <trkpt lat="37.4566580" lon="127.0215310">
    <ele>26.9</ele>
    <time>2026-07-16T02:32:32Z</time>
   </trkpt>
   <trkpt lat="37.4566850" lon="127.0215960">
    <ele>26.8</ele>
    <time>2026-07-16T02:32:33Z</time>
   </trkpt>
   <trkpt lat="37.4567120" lon="127.0216610">
    <ele>26.8</ele>
    <time>2026-07-16T02:32:34Z</time>
   </trkpt>
   <trkpt lat="37.4567390" lon="127.0217260">
    <ele>26.8</ele>
    <time>2026-07-16T02:32:35Z</time>
   </trkpt>
   <trkpt lat="37.4567620" lon="127.0217930">
    <ele>26.8</ele>
    <time>2026-07-16T02:32:36Z</time>
   </trkpt>
   <trkpt lat="37.4567870" lon="127.0218580">
    <ele>26.7</ele>
    <time>2026-07-16T02:32:37Z</time>
   </trkpt>
   <trkpt lat="37.4568150" lon="127.0219230">
    <ele>26.7</ele>
    <time>2026-07-16T02:32:38Z</time>
   </trkpt>
   <trkpt lat="37.4568390" lon="127.0219910">
    <ele>26.7</ele>
    <time>2026-07-16T02:32:39Z</time>
   </trkpt>
   <trkpt lat="37.4568660" lon="127.0220550">
    <ele>26.7</ele>
    <time>2026-07-16T02:32:40Z</time>
   </trkpt>
   <trkpt lat="37.4568930" lon="127.0221210">
    <ele>26.6</ele>
    <time>2026-07-16T02:32:41Z</time>
   </trkpt>
   <trkpt lat="37.4569200" lon="127.0221840">
    <ele>26.6</ele>
    <time>2026-07-16T02:32:42Z</time>
   </trkpt>
   <trkpt lat="37.4569450" lon="127.0222510">
    <ele>26.6</ele>
    <time>2026-07-16T02:32:43Z</time>
   </trkpt>
   <trkpt lat="37.4569700" lon="127.0223170">
    <ele>26.6</ele>
    <time>2026-07-16T02:32:44Z</time>
   </trkpt>
   <trkpt lat="37.4569970" lon="127.0223820">
    <ele>26.6</ele>
    <time>2026-07-16T02:32:45Z</time>
   </trkpt>
   <trkpt lat="37.4570230" lon="127.0224480">
    <ele>26.6</ele>
    <time>2026-07-16T02:32:46Z</time>
   </trkpt>
   <trkpt lat="37.4570490" lon="127.0225120">
    <ele>26.5</ele>
    <time>2026-07-16T02:32:47Z</time>
   </trkpt>
   <trkpt lat="37.4570740" lon="127.0225790">
    <ele>26.5</ele>
    <time>2026-07-16T02:32:48Z</time>
   </trkpt>
   <trkpt lat="37.4571020" lon="127.0226430">
    <ele>26.5</ele>
    <time>2026-07-16T02:32:49Z</time>
   </trkpt>
   <trkpt lat="37.4571280" lon="127.0227080">
    <ele>26.5</ele>
    <time>2026-07-16T02:32:50Z</time>
   </trkpt>
   <trkpt lat="37.4571540" lon="127.0227720">
    <ele>26.5</ele>
    <time>2026-07-16T02:32:51Z</time>
   </trkpt>
   <trkpt lat="37.4571810" lon="127.0228380">
    <ele>26.5</ele>
    <time>2026-07-16T02:32:52Z</time>
   </trkpt>
   <trkpt lat="37.4572090" lon="127.0229040">
    <ele>26.4</ele>
    <time>2026-07-16T02:32:53Z</time>
   </trkpt>
   <trkpt lat="37.4572350" lon="127.0229690">
    <ele>26.4</ele>
    <time>2026-07-16T02:32:54Z</time>
   </trkpt>
   <trkpt lat="37.4572600" lon="127.0230360">
    <ele>26.4</ele>
    <time>2026-07-16T02:32:55Z</time>
   </trkpt>
   <trkpt lat="37.4572850" lon="127.0231030">
    <ele>26.4</ele>
    <time>2026-07-16T02:32:56Z</time>
   </trkpt>
   <trkpt lat="37.4573120" lon="127.0231670">
    <ele>26.4</ele>
    <time>2026-07-16T02:32:57Z</time>
   </trkpt>
   <trkpt lat="37.4573390" lon="127.0232310">
    <ele>26.4</ele>
    <time>2026-07-16T02:32:58Z</time>
   </trkpt>
   <trkpt lat="37.4573660" lon="127.0232950">
    <ele>26.4</ele>
    <time>2026-07-16T02:32:59Z</time>
   </trkpt>
   <trkpt lat="37.4573900" lon="127.0233630">
    <ele>26.3</ele>
    <time>2026-07-16T02:33:00Z</time>
   </trkpt>
   <trkpt lat="37.4574170" lon="127.0234270">
    <ele>26.3</ele>
    <time>2026-07-16T02:33:01Z</time>
   </trkpt>
   <trkpt lat="37.4574330" lon="127.0234950">
    <ele>26.3</ele>
    <time>2026-07-16T02:33:02Z</time>
   </trkpt>
   <trkpt lat="37.4574510" lon="127.0235430">
    <ele>26.3</ele>
    <time>2026-07-16T02:33:03Z</time>
   </trkpt>
   <trkpt lat="37.4574440" lon="127.0235490">
    <ele>26.3</ele>
    <time>2026-07-16T02:33:04Z</time>
   </trkpt>
   <trkpt lat="37.4574390" lon="127.0235300">
    <ele>26.3</ele>
    <time>2026-07-16T02:33:05Z</time>
   </trkpt>
   <trkpt lat="37.4574370" lon="127.0235250">
    <ele>26.3</ele>
    <time>2026-07-16T02:33:06Z</time>
   </trkpt>
   <trkpt lat="37.4574430" lon="127.0235350">
    <ele>26.3</ele>
    <time>2026-07-16T02:33:07Z</time>
   </trkpt>
   <trkpt lat="37.4574420" lon="127.0235290">
    <ele>26.3</ele>
    <time>2026-07-16T02:33:08Z</time>
   </trkpt>
   <trkpt lat="37.4574450" lon="127.0235220">
    <ele>26.3</ele>
    <time>2026-07-16T02:33:09Z</time>
   </trkpt>
   <trkpt lat="37.4574440" lon="127.0235260">
    <ele>26.3</ele>
    <time>2026-07-16T02:33:10Z</time>
   </trkpt>
   <trkpt lat="37.4574460" lon="127.0235350">
    <ele>26.3</ele>
    <time>2026-07-16T02:33:11Z</time>
   </trkpt>
   <trkpt lat="37.4574460" lon="127.0235320">
    <ele>26.3</ele>
    <time>2026-07-16T02:33:12Z</time>
   </trkpt>
   <trkpt lat="37.4574450" lon="127.0235310">
    <ele>26.3</ele>
    <time>2026-07-16T02:33:13Z</time>
   </trkpt>
   <trkpt lat="37.4574450" lon="127.0235330">
    <ele>26.3</ele>
    <time>2026-07-16T02:33:14Z</time>
   </trkpt>
   <trkpt lat="37.4574440" lon="127.0235330">
    <ele>26.3</ele>
    <time>2026-07-16T02:33:15Z</time>
   </trkpt>
   <trkpt lat="37.4574460" lon="127.0235340">
    <ele>26.3</ele>
    <time>2026-07-16T02:33:16Z</time>
   </trkpt>
   <trkpt lat="37.4574450" lon="127.0235350">
    <ele>26.2</ele>
    <time>2026-07-16T02:33:17Z</time>
   </trkpt>
   <trkpt lat="37.4574450" lon="127.0235350">
    <ele>26.2</ele>
    <time>2026-07-16T02:33:18Z</time>
   </trkpt>
   <trkpt lat="37.4574440" lon="127.0235420">
    <ele>26.2</ele>
    <time>2026-07-16T02:33:19Z</time>
   </trkpt>
   <trkpt lat="37.4574440" lon="127.0235400">
    <ele>26.2</ele>
    <time>2026-07-16T02:33:20Z</time>
   </trkpt>
   <trkpt lat="37.4574460" lon="127.0235460">
    <ele>26.2</ele>
    <time>2026-07-16T02:33:21Z</time>
   </trkpt>
   <trkpt lat="37.4574480" lon="127.0235560">
    <ele>26.2</ele>
    <time>2026-07-16T02:33:22Z</time>
   </trkpt>
   <trkpt lat="37.4574550" lon="127.0235640">
    <ele>26.2</ele>
    <time>2026-07-16T02:33:23Z</time>
   </trkpt>
   <trkpt lat="37.4574660" lon="127.0235850">
    <ele>26.2</ele>
    <time>2026-07-16T02:33:24Z</time>
   </trkpt>
   <trkpt lat="37.4574770" lon="127.0236120">
    <ele>26.2</ele>
    <time>2026-07-16T02:33:25Z</time>
   </trkpt>
   <trkpt lat="37.4574880" lon="127.0236450">
    <ele>26.2</ele>
    <time>2026-07-16T02:33:26Z</time>
   </trkpt>
   <trkpt lat="37.4575040" lon="127.0236810">
    <ele>26.2</ele>
    <time>2026-07-16T02:33:27Z</time>
   </trkpt>
   <trkpt lat="37.4575280" lon="127.0237150">
    <ele>26.2</ele>
    <time>2026-07-16T02:33:28Z</time>
   </trkpt>
   <trkpt lat="37.4575510" lon="127.0237560">
    <ele>26.2</ele>
    <time>2026-07-16T02:33:29Z</time>
   </trkpt>
   <trkpt lat="37.4575720" lon="127.0238050">
    <ele>26.2</ele>
    <time>2026-07-16T02:33:30Z</time>
   </trkpt>
   <trkpt lat="37.4575900" lon="127.0238630">
    <ele>26.2</ele>
    <time>2026-07-16T02:33:31Z</time>
   </trkpt>
   <trkpt lat="37.4576130" lon="127.0239220">
    <ele>26.1</ele>
    <time>2026-07-16T02:33:32Z</time>
   </trkpt>
   <trkpt lat="37.4576390" lon="127.0239840">
    <ele>26.1</ele>
    <time>2026-07-16T02:33:33Z</time>
   </trkpt>
   <trkpt lat="37.4576650" lon="127.0240470">
    <ele>26.1</ele>
    <time>2026-07-16T02:33:34Z</time>
   </trkpt>
   <trkpt lat="37.4576910" lon="127.0241130">
    <ele>26.1</ele>
    <time>2026-07-16T02:33:35Z</time>
   </trkpt>
   <trkpt lat="37.4577180" lon="127.0241790">
    <ele>26.1</ele>
    <time>2026-07-16T02:33:36Z</time>
   </trkpt>
   <trkpt lat="37.4577440" lon="127.0242440">
    <ele>26.0</ele>
    <time>2026-07-16T02:33:37Z</time>
   </trkpt>
   <trkpt lat="37.4577700" lon="127.0243110">
    <ele>26.0</ele>
    <time>2026-07-16T02:33:38Z</time>
   </trkpt>
   <trkpt lat="37.4577970" lon="127.0243750">
    <ele>26.0</ele>
    <time>2026-07-16T02:33:39Z</time>
   </trkpt>
   <trkpt lat="37.4578230" lon="127.0244410">
    <ele>26.0</ele>
    <time>2026-07-16T02:33:40Z</time>
   </trkpt>
   <trkpt lat="37.4578490" lon="127.0245070">
    <ele>26.0</ele>
    <time>2026-07-16T02:33:41Z</time>
   </trkpt>
   <trkpt lat="37.4578750" lon="127.0245700">
    <ele>25.9</ele>
    <time>2026-07-16T02:33:42Z</time>
   </trkpt>
   <trkpt lat="37.4579030" lon="127.0246350">
    <ele>25.9</ele>
    <time>2026-07-16T02:33:43Z</time>
   </trkpt>
   <trkpt lat="37.4579290" lon="127.0246980">
    <ele>25.9</ele>
    <time>2026-07-16T02:33:44Z</time>
   </trkpt>
   <trkpt lat="37.4579550" lon="127.0247630">
    <ele>25.9</ele>
    <time>2026-07-16T02:33:45Z</time>
   </trkpt>
   <trkpt lat="37.4579840" lon="127.0248250">
    <ele>26.0</ele>
    <time>2026-07-16T02:33:46Z</time>
   </trkpt>
   <trkpt lat="37.4580110" lon="127.0248880">
    <ele>26.0</ele>
    <time>2026-07-16T02:33:47Z</time>
   </trkpt>
   <trkpt lat="37.4580380" lon="127.0249530">
    <ele>26.1</ele>
    <time>2026-07-16T02:33:48Z</time>
   </trkpt>
   <trkpt lat="37.4580650" lon="127.0250170">
    <ele>26.1</ele>
    <time>2026-07-16T02:33:49Z</time>
   </trkpt>
   <trkpt lat="37.4580920" lon="127.0250820">
    <ele>26.1</ele>
    <time>2026-07-16T02:33:50Z</time>
   </trkpt>
   <trkpt lat="37.4581200" lon="127.0251450">
    <ele>26.1</ele>
    <time>2026-07-16T02:33:51Z</time>
   </trkpt>
   <trkpt lat="37.4581470" lon="127.0252110">
    <ele>26.1</ele>
    <time>2026-07-16T02:33:52Z</time>
   </trkpt>
   <trkpt lat="37.4581730" lon="127.0252780">
    <ele>26.1</ele>
    <time>2026-07-16T02:33:53Z</time>
   </trkpt>
   <trkpt lat="37.4582050" lon="127.0253390">
    <ele>26.0</ele>
    <time>2026-07-16T02:33:54Z</time>
   </trkpt>
   <trkpt lat="37.4582360" lon="127.0254020">
    <ele>26.0</ele>
    <time>2026-07-16T02:33:55Z</time>
   </trkpt>
   <trkpt lat="37.4582630" lon="127.0254650">
    <ele>26.0</ele>
    <time>2026-07-16T02:33:56Z</time>
   </trkpt>
   <trkpt lat="37.4582940" lon="127.0255230">
    <ele>26.0</ele>
    <time>2026-07-16T02:33:57Z</time>
   </trkpt>
   <trkpt lat="37.4583250" lon="127.0255820">
    <ele>26.0</ele>
    <time>2026-07-16T02:33:58Z</time>
   </trkpt>
   <trkpt lat="37.4583600" lon="127.0256410">
    <ele>26.0</ele>
    <time>2026-07-16T02:33:59Z</time>
   </trkpt>
   <trkpt lat="37.4584000" lon="127.0256950">
    <ele>26.0</ele>
    <time>2026-07-16T02:34:00Z</time>
   </trkpt>
   <trkpt lat="37.4584470" lon="127.0257400">
    <ele>26.0</ele>
    <time>2026-07-16T02:34:01Z</time>
   </trkpt>
   <trkpt lat="37.4584960" lon="127.0257800">
    <ele>25.9</ele>
    <time>2026-07-16T02:34:02Z</time>
   </trkpt>
   <trkpt lat="37.4585420" lon="127.0258240">
    <ele>25.9</ele>
    <time>2026-07-16T02:34:03Z</time>
   </trkpt>
   <trkpt lat="37.4585890" lon="127.0258690">
    <ele>25.9</ele>
    <time>2026-07-16T02:34:04Z</time>
   </trkpt>
   <trkpt lat="37.4586360" lon="127.0259100">
    <ele>25.9</ele>
    <time>2026-07-16T02:34:05Z</time>
   </trkpt>
   <trkpt lat="37.4586820" lon="127.0259560">
    <ele>25.9</ele>
    <time>2026-07-16T02:34:06Z</time>
   </trkpt>
   <trkpt lat="37.4587300" lon="127.0259950">
    <ele>25.9</ele>
    <time>2026-07-16T02:34:07Z</time>
   </trkpt>
   <trkpt lat="37.4587780" lon="127.0260340">
    <ele>25.9</ele>
    <time>2026-07-16T02:34:08Z</time>
   </trkpt>
   <trkpt lat="37.4588290" lon="127.0260700">
    <ele>25.9</ele>
    <time>2026-07-16T02:34:09Z</time>
   </trkpt>
   <trkpt lat="37.4588790" lon="127.0261050">
    <ele>25.9</ele>
    <time>2026-07-16T02:34:10Z</time>
   </trkpt>
   <trkpt lat="37.4589280" lon="127.0261440">
    <ele>25.8</ele>
    <time>2026-07-16T02:34:11Z</time>
   </trkpt>
   <trkpt lat="37.4589770" lon="127.0261830">
    <ele>25.8</ele>
    <time>2026-07-16T02:34:12Z</time>
   </trkpt>
   <trkpt lat="37.4590250" lon="127.0262200">
    <ele>25.8</ele>
    <time>2026-07-16T02:34:13Z</time>
   </trkpt>
   <trkpt lat="37.4590750" lon="127.0262590">
    <ele>25.8</ele>
    <time>2026-07-16T02:34:14Z</time>
   </trkpt>
   <trkpt lat="37.4591240" lon="127.0262970">
    <ele>25.8</ele>
    <time>2026-07-16T02:34:15Z</time>
   </trkpt>
   <trkpt lat="37.4591740" lon="127.0263350">
    <ele>25.7</ele>
    <time>2026-07-16T02:34:16Z</time>
   </trkpt>
   <trkpt lat="37.4592230" lon="127.0263690">
    <ele>25.7</ele>
    <time>2026-07-16T02:34:17Z</time>
   </trkpt>
   <trkpt lat="37.4592750" lon="127.0264060">
    <ele>25.7</ele>
    <time>2026-07-16T02:34:18Z</time>
   </trkpt>
   <trkpt lat="37.4593220" lon="127.0264450">
    <ele>25.7</ele>
    <time>2026-07-16T02:34:19Z</time>
   </trkpt>
   <trkpt lat="37.4593730" lon="127.0264780">
    <ele>25.6</ele>
    <time>2026-07-16T02:34:20Z</time>
   </trkpt>
   <trkpt lat="37.4594220" lon="127.0265170">
    <ele>25.6</ele>
    <time>2026-07-16T02:34:21Z</time>
   </trkpt>
   <trkpt lat="37.4594690" lon="127.0265560">
    <ele>25.5</ele>
    <time>2026-07-16T02:34:22Z</time>
   </trkpt>
   <trkpt lat="37.4595190" lon="127.0265980">
    <ele>25.5</ele>
    <time>2026-07-16T02:34:23Z</time>
   </trkpt>
   <trkpt lat="37.4595680" lon="127.0266350">
    <ele>25.4</ele>
    <time>2026-07-16T02:34:24Z</time>
   </trkpt>
   <trkpt lat="37.4596140" lon="127.0266670">
    <ele>25.4</ele>
    <time>2026-07-16T02:34:25Z</time>
   </trkpt>
   <trkpt lat="37.4596600" lon="127.0267110">
    <ele>25.3</ele>
    <time>2026-07-16T02:34:26Z</time>
   </trkpt>
   <trkpt lat="37.4597060" lon="127.0267420">
    <ele>25.3</ele>
    <time>2026-07-16T02:34:27Z</time>
   </trkpt>
   <trkpt lat="37.4597480" lon="127.0267630">
    <ele>25.3</ele>
    <time>2026-07-16T02:34:28Z</time>
   </trkpt>
   <trkpt lat="37.4597820" lon="127.0267870">
    <ele>25.2</ele>
    <time>2026-07-16T02:34:29Z</time>
   </trkpt>
   <trkpt lat="37.4598140" lon="127.0267950">
    <ele>25.2</ele>
    <time>2026-07-16T02:34:30Z</time>
   </trkpt>
   <trkpt lat="37.4598370" lon="127.0267880">
    <ele>25.2</ele>
    <time>2026-07-16T02:34:31Z</time>
   </trkpt>
   <trkpt lat="37.4598490" lon="127.0267890">
    <ele>25.2</ele>
    <time>2026-07-16T02:34:32Z</time>
   </trkpt>
   <trkpt lat="37.4598480" lon="127.0267970">
    <ele>25.2</ele>
    <time>2026-07-16T02:34:33Z</time>
   </trkpt>
   <trkpt lat="37.4598420" lon="127.0267940">
    <ele>25.2</ele>
    <time>2026-07-16T02:34:34Z</time>
   </trkpt>
   <trkpt lat="37.4598400" lon="127.0267950">
    <ele>25.2</ele>
    <time>2026-07-16T02:34:35Z</time>
   </trkpt>
   <trkpt lat="37.4598390" lon="127.0267920">
    <ele>25.2</ele>
    <time>2026-07-16T02:34:36Z</time>
   </trkpt>
   <trkpt lat="37.4598410" lon="127.0267970">
    <ele>25.2</ele>
    <time>2026-07-16T02:34:37Z</time>
   </trkpt>
   <trkpt lat="37.4598400" lon="127.0267940">
    <ele>25.2</ele>
    <time>2026-07-16T02:34:38Z</time>
   </trkpt>
   <trkpt lat="37.4598400" lon="127.0267960">
    <ele>25.2</ele>
    <time>2026-07-16T02:34:39Z</time>
   </trkpt>
   <trkpt lat="37.4598400" lon="127.0267950">
    <ele>25.2</ele>
    <time>2026-07-16T02:34:40Z</time>
   </trkpt>
   <trkpt lat="37.4598410" lon="127.0267950">
    <ele>25.2</ele>
    <time>2026-07-16T02:34:41Z</time>
   </trkpt>
   <trkpt lat="37.4598400" lon="127.0267960">
    <ele>25.2</ele>
    <time>2026-07-16T02:34:42Z</time>
   </trkpt>
   <trkpt lat="37.4598400" lon="127.0267960">
    <ele>25.2</ele>
    <time>2026-07-16T02:34:43Z</time>
   </trkpt>
   <trkpt lat="37.4598380" lon="127.0267890">
    <ele>25.2</ele>
    <time>2026-07-16T02:34:44Z</time>
   </trkpt>
   <trkpt lat="37.4598350" lon="127.0267910">
    <ele>25.2</ele>
    <time>2026-07-16T02:34:45Z</time>
   </trkpt>
   <trkpt lat="37.4598370" lon="127.0267900">
    <ele>25.2</ele>
    <time>2026-07-16T02:34:46Z</time>
   </trkpt>
   <trkpt lat="37.4598450" lon="127.0267950">
    <ele>25.2</ele>
    <time>2026-07-16T02:34:47Z</time>
   </trkpt>
   <trkpt lat="37.4598400" lon="127.0267880">
    <ele>25.2</ele>
    <time>2026-07-16T02:34:48Z</time>
   </trkpt>
   <trkpt lat="37.4598420" lon="127.0267890">
    <ele>25.2</ele>
    <time>2026-07-16T02:34:49Z</time>
   </trkpt>
   <trkpt lat="37.4598390" lon="127.0267820">
    <ele>25.2</ele>
    <time>2026-07-16T02:34:50Z</time>
   </trkpt>
   <trkpt lat="37.4598440" lon="127.0267770">
    <ele>25.2</ele>
    <time>2026-07-16T02:34:51Z</time>
   </trkpt>
   <trkpt lat="37.4598410" lon="127.0267830">
    <ele>25.2</ele>
    <time>2026-07-16T02:34:52Z</time>
   </trkpt>
   <trkpt lat="37.4598360" lon="127.0267830">
    <ele>25.2</ele>
    <time>2026-07-16T02:34:53Z</time>
   </trkpt>
   <trkpt lat="37.4598490" lon="127.0267950">
    <ele>25.3</ele>
    <time>2026-07-16T02:34:54Z</time>
   </trkpt>
   <trkpt lat="37.4598550" lon="127.0268120">
    <ele>25.3</ele>
    <time>2026-07-16T02:34:55Z</time>
   </trkpt>
   <trkpt lat="37.4598690" lon="127.0268330">
    <ele>25.3</ele>
    <time>2026-07-16T02:34:56Z</time>
   </trkpt>
   <trkpt lat="37.4598840" lon="127.0268530">
    <ele>25.3</ele>
    <time>2026-07-16T02:34:57Z</time>
   </trkpt>
   <trkpt lat="37.4598950" lon="127.0268770">
    <ele>25.3</ele>
    <time>2026-07-16T02:34:58Z</time>
   </trkpt>
   <trkpt lat="37.4599130" lon="127.0269020">
    <ele>25.3</ele>
    <time>2026-07-16T02:34:59Z</time>
   </trkpt>
   <trkpt lat="37.4599480" lon="127.0269520">
    <ele>25.4</ele>
    <time>2026-07-16T02:35:00Z</time>
   </trkpt>
   <trkpt lat="37.4599970" lon="127.0269520">
    <ele>25.4</ele>
    <time>2026-07-16T02:35:01Z</time>
   </trkpt>
   <trkpt lat="37.4600280" lon="127.0269900">
    <ele>25.4</ele>
    <time>2026-07-16T02:35:02Z</time>
   </trkpt>
   <trkpt lat="37.4600600" lon="127.0270140">
    <ele>25.4</ele>
    <time>2026-07-16T02:35:03Z</time>
   </trkpt>
   <trkpt lat="37.4601040" lon="127.0270340">
    <ele>25.4</ele>
    <time>2026-07-16T02:35:04Z</time>
   </trkpt>
   <trkpt lat="37.4601510" lon="127.0270610">
    <ele>25.4</ele>
    <time>2026-07-16T02:35:05Z</time>
   </trkpt>
   <trkpt lat="37.4601900" lon="127.0271060">
    <ele>25.4</ele>
    <time>2026-07-16T02:35:06Z</time>
   </trkpt>
   <trkpt lat="37.4602230" lon="127.0271470">
    <ele>25.4</ele>
    <time>2026-07-16T02:35:07Z</time>
   </trkpt>
   <trkpt lat="37.4602830" lon="127.0271730">
    <ele>25.3</ele>
    <time>2026-07-16T02:35:08Z</time>
   </trkpt>
   <trkpt lat="37.4603250" lon="127.0272180">
    <ele>25.3</ele>
    <time>2026-07-16T02:35:09Z</time>
   </trkpt>
   <trkpt lat="37.4603790" lon="127.0272470">
    <ele>25.3</ele>
    <time>2026-07-16T02:35:10Z</time>
   </trkpt>
   <trkpt lat="37.4604260" lon="127.0272860">
    <ele>25.2</ele>
    <time>2026-07-16T02:35:11Z</time>
   </trkpt>
   <trkpt lat="37.4604710" lon="127.0273350">
    <ele>25.2</ele>
    <time>2026-07-16T02:35:12Z</time>
   </trkpt>
   <trkpt lat="37.4605250" lon="127.0273710">
    <ele>25.2</ele>
    <time>2026-07-16T02:35:13Z</time>
   </trkpt>
   <trkpt lat="37.4605630" lon="127.0273920">
    <ele>25.2</ele>
    <time>2026-07-16T02:35:14Z</time>
   </trkpt>
   <trkpt lat="37.4606150" lon="127.0274300">
    <ele>25.1</ele>
    <time>2026-07-16T02:35:15Z</time>
   </trkpt>
   <trkpt lat="37.4606620" lon="127.0274640">
    <ele>25.1</ele>
    <time>2026-07-16T02:35:16Z</time>
   </trkpt>
   <trkpt lat="37.4607130" lon="127.0275080">
    <ele>25.1</ele>
    <time>2026-07-16T02:35:17Z</time>
   </trkpt>
   <trkpt lat="37.4607630" lon="127.0275490">
    <ele>25.1</ele>
    <time>2026-07-16T02:35:18Z</time>
   </trkpt>
   <trkpt lat="37.4608140" lon="127.0275860">
    <ele>25.0</ele>
    <time>2026-07-16T02:35:19Z</time>
   </trkpt>
   <trkpt lat="37.4608630" lon="127.0276270">
    <ele>25.0</ele>
    <time>2026-07-16T02:35:20Z</time>
   </trkpt>
   <trkpt lat="37.4609130" lon="127.0276620">
    <ele>25.0</ele>
    <time>2026-07-16T02:35:21Z</time>
   </trkpt>
   <trkpt lat="37.4609620" lon="127.0276980">
    <ele>25.0</ele>
    <time>2026-07-16T02:35:22Z</time>
   </trkpt>
   <trkpt lat="37.4610100" lon="127.0277380">
    <ele>24.9</ele>
    <time>2026-07-16T02:35:23Z</time>
   </trkpt>
   <trkpt lat="37.4610610" lon="127.0277760">
    <ele>24.9</ele>
    <time>2026-07-16T02:35:24Z</time>
   </trkpt>
   <trkpt lat="37.4611100" lon="127.0278110">
    <ele>24.9</ele>
    <time>2026-07-16T02:35:25Z</time>
   </trkpt>
   <trkpt lat="37.4611600" lon="127.0278480">
    <ele>24.9</ele>
    <time>2026-07-16T02:35:26Z</time>
   </trkpt>
   <trkpt lat="37.4612110" lon="127.0278850">
    <ele>24.9</ele>
    <time>2026-07-16T02:35:27Z</time>
   </trkpt>
   <trkpt lat="37.4612590" lon="127.0279260">
    <ele>24.9</ele>
    <time>2026-07-16T02:35:28Z</time>
   </trkpt>
   <trkpt lat="37.4613070" lon="127.0279640">
    <ele>24.8</ele>
    <time>2026-07-16T02:35:29Z</time>
   </trkpt>
   <trkpt lat="37.4613570" lon="127.0280030">
    <ele>24.8</ele>
    <time>2026-07-16T02:35:30Z</time>
   </trkpt>
   <trkpt lat="37.4614050" lon="127.0280400">
    <ele>24.8</ele>
    <time>2026-07-16T02:35:31Z</time>
   </trkpt>
   <trkpt lat="37.4614570" lon="127.0280810">
    <ele>24.8</ele>
    <time>2026-07-16T02:35:32Z</time>
   </trkpt>
   <trkpt lat="37.4615030" lon="127.0281190">
    <ele>24.8</ele>
    <time>2026-07-16T02:35:33Z</time>
   </trkpt>
   <trkpt lat="37.4615500" lon="127.0281550">
    <ele>24.7</ele>
    <time>2026-07-16T02:35:34Z</time>
   </trkpt>
   <trkpt lat="37.4616000" lon="127.0281910">
    <ele>24.7</ele>
    <time>2026-07-16T02:35:35Z</time>
   </trkpt>
   <trkpt lat="37.4616480" lon="127.0282280">
    <ele>24.7</ele>
    <time>2026-07-16T02:35:36Z</time>
   </trkpt>
   <trkpt lat="37.4616960" lon="127.0282670">
    <ele>24.7</ele>
    <time>2026-07-16T02:35:37Z</time>
   </trkpt>
   <trkpt lat="37.4617440" lon="127.0283030">
    <ele>24.7</ele>
    <time>2026-07-16T02:35:38Z</time>
   </trkpt>
   <trkpt lat="37.4617850" lon="127.0283410">
    <ele>24.7</ele>
    <time>2026-07-16T02:35:39Z</time>
   </trkpt>
   <trkpt lat="37.4618180" lon="127.0283780">
    <ele>24.7</ele>
    <time>2026-07-16T02:35:40Z</time>
   </trkpt>
   <trkpt lat="37.4618400" lon="127.0284010">
    <ele>24.7</ele>
    <time>2026-07-16T02:35:41Z</time>
   </trkpt>
   <trkpt lat="37.4618350" lon="127.0283950">
    <ele>24.7</ele>
    <time>2026-07-16T02:35:42Z</time>
   </trkpt>
   <trkpt lat="37.4618260" lon="127.0283870">
    <ele>24.7</ele>
    <time>2026-07-16T02:35:43Z</time>
   </trkpt>
   <trkpt lat="37.4618260" lon="127.0283870">
    <ele>24.7</ele>
    <time>2026-07-16T02:35:44Z</time>
   </trkpt>
   <trkpt lat="37.4618260" lon="127.0283880">
    <ele>24.7</ele>
    <time>2026-07-16T02:35:45Z</time>
   </trkpt>
   <trkpt lat="37.4618260" lon="127.0283840">
    <ele>24.7</ele>
    <time>2026-07-16T02:35:46Z</time>
   </trkpt>
   <trkpt lat="37.4618260" lon="127.0283880">
    <ele>24.7</ele>
    <time>2026-07-16T02:35:47Z</time>
   </trkpt>
   <trkpt lat="37.4618240" lon="127.0283880">
    <ele>24.7</ele>
    <time>2026-07-16T02:35:48Z</time>
   </trkpt>
   <trkpt lat="37.4618310" lon="127.0283870">
    <ele>24.7</ele>
    <time>2026-07-16T02:35:49Z</time>
   </trkpt>
   <trkpt lat="37.4618290" lon="127.0283860">
    <ele>24.7</ele>
    <time>2026-07-16T02:35:50Z</time>
   </trkpt>
   <trkpt lat="37.4618270" lon="127.0283860">
    <ele>24.7</ele>
    <time>2026-07-16T02:35:51Z</time>
   </trkpt>
   <trkpt lat="37.4618290" lon="127.0283860">
    <ele>24.7</ele>
    <time>2026-07-16T02:35:52Z</time>
   </trkpt>
   <trkpt lat="37.4618290" lon="127.0283850">
    <ele>24.7</ele>
    <time>2026-07-16T02:35:53Z</time>
   </trkpt>
   <trkpt lat="37.4618280" lon="127.0283860">
    <ele>24.7</ele>
    <time>2026-07-16T02:35:54Z</time>
   </trkpt>
   <trkpt lat="37.4618260" lon="127.0283850">
    <ele>24.7</ele>
    <time>2026-07-16T02:35:55Z</time>
   </trkpt>
   <trkpt lat="37.4618280" lon="127.0283870">
    <ele>24.7</ele>
    <time>2026-07-16T02:35:56Z</time>
   </trkpt>
   <trkpt lat="37.4618250" lon="127.0283850">
    <ele>24.7</ele>
    <time>2026-07-16T02:35:57Z</time>
   </trkpt>
   <trkpt lat="37.4618260" lon="127.0283850">
    <ele>24.7</ele>
    <time>2026-07-16T02:35:58Z</time>
   </trkpt>
   <trkpt lat="37.4618270" lon="127.0283840">
    <ele>24.7</ele>
    <time>2026-07-16T02:35:59Z</time>
   </trkpt>
   <trkpt lat="37.4618260" lon="127.0283870">
    <ele>24.7</ele>
    <time>2026-07-16T02:36:00Z</time>
   </trkpt>
   <trkpt lat="37.4618270" lon="127.0283880">
    <ele>24.7</ele>
    <time>2026-07-16T02:36:01Z</time>
   </trkpt>
   <trkpt lat="37.4618260" lon="127.0283850">
    <ele>24.7</ele>
    <time>2026-07-16T02:36:02Z</time>
   </trkpt>
   <trkpt lat="37.4618280" lon="127.0283880">
    <ele>24.7</ele>
    <time>2026-07-16T02:36:03Z</time>
   </trkpt>
   <trkpt lat="37.4618290" lon="127.0283840">
    <ele>24.7</ele>
    <time>2026-07-16T02:36:04Z</time>
   </trkpt>
   <trkpt lat="37.4618270" lon="127.0283840">
    <ele>24.7</ele>
    <time>2026-07-16T02:36:05Z</time>
   </trkpt>
   <trkpt lat="37.4618270" lon="127.0283830">
    <ele>24.7</ele>
    <time>2026-07-16T02:36:06Z</time>
   </trkpt>
   <trkpt lat="37.4618280" lon="127.0283850">
    <ele>24.7</ele>
    <time>2026-07-16T02:36:07Z</time>
   </trkpt>
   <trkpt lat="37.4618280" lon="127.0283850">
    <ele>24.7</ele>
    <time>2026-07-16T02:36:08Z</time>
   </trkpt>
   <trkpt lat="37.4618350" lon="127.0283910">
    <ele>24.7</ele>
    <time>2026-07-16T02:36:09Z</time>
   </trkpt>
   <trkpt lat="37.4618450" lon="127.0284010">
    <ele>24.7</ele>
    <time>2026-07-16T02:36:10Z</time>
   </trkpt>
   <trkpt lat="37.4618600" lon="127.0284150">
    <ele>24.7</ele>
    <time>2026-07-16T02:36:11Z</time>
   </trkpt>
   <trkpt lat="37.4618800" lon="127.0284220">
    <ele>24.7</ele>
    <time>2026-07-16T02:36:12Z</time>
   </trkpt>
   <trkpt lat="37.4619070" lon="127.0284290">
    <ele>24.7</ele>
    <time>2026-07-16T02:36:13Z</time>
   </trkpt>
   <trkpt lat="37.4619340" lon="127.0284410">
    <ele>24.7</ele>
    <time>2026-07-16T02:36:14Z</time>
   </trkpt>
   <trkpt lat="37.4619600" lon="127.0284640">
    <ele>24.7</ele>
    <time>2026-07-16T02:36:15Z</time>
   </trkpt>
   <trkpt lat="37.4619880" lon="127.0284920">
    <ele>24.7</ele>
    <time>2026-07-16T02:36:16Z</time>
   </trkpt>
   <trkpt lat="37.4620230" lon="127.0285190">
    <ele>24.7</ele>
    <time>2026-07-16T02:36:17Z</time>
   </trkpt>
   <trkpt lat="37.4620620" lon="127.0285450">
    <ele>24.7</ele>
    <time>2026-07-16T02:36:18Z</time>
   </trkpt>
   <trkpt lat="37.4621030" lon="127.0285810">
    <ele>24.7</ele>
    <time>2026-07-16T02:36:19Z</time>
   </trkpt>
   <trkpt lat="37.4621480" lon="127.0286130">
    <ele>24.7</ele>
    <time>2026-07-16T02:36:20Z</time>
   </trkpt>
   <trkpt lat="37.4621930" lon="127.0286480">
    <ele>24.7</ele>
    <time>2026-07-16T02:36:21Z</time>
   </trkpt>
   <trkpt lat="37.4622420" lon="127.0286860">
    <ele>24.6</ele>
    <time>2026-07-16T02:36:22Z</time>
   </trkpt>
   <trkpt lat="37.4622900" lon="127.0287240">
    <ele>24.6</ele>
    <time>2026-07-16T02:36:23Z</time>
   </trkpt>
   <trkpt lat="37.4623420" lon="127.0287610">
    <ele>24.6</ele>
    <time>2026-07-16T02:36:24Z</time>
   </trkpt>
   <trkpt lat="37.4623900" lon="127.0288010">
    <ele>24.6</ele>
    <time>2026-07-16T02:36:25Z</time>
   </trkpt>
   <trkpt lat="37.4624380" lon="127.0288420">
    <ele>24.5</ele>
    <time>2026-07-16T02:36:26Z</time>
   </trkpt>
   <trkpt lat="37.4624880" lon="127.0288800">
    <ele>24.5</ele>
    <time>2026-07-16T02:36:27Z</time>
   </trkpt>
   <trkpt lat="37.4625390" lon="127.0289170">
    <ele>24.5</ele>
    <time>2026-07-16T02:36:28Z</time>
   </trkpt>
   <trkpt lat="37.4625880" lon="127.0289560">
    <ele>24.5</ele>
    <time>2026-07-16T02:36:29Z</time>
   </trkpt>
   <trkpt lat="37.4626390" lon="127.0289920">
    <ele>24.4</ele>
    <time>2026-07-16T02:36:30Z</time>
   </trkpt>
   <trkpt lat="37.4626880" lon="127.0290320">
    <ele>24.4</ele>
    <time>2026-07-16T02:36:31Z</time>
   </trkpt>
   <trkpt lat="37.4627380" lon="127.0290700">
    <ele>24.3</ele>
    <time>2026-07-16T02:36:32Z</time>
   </trkpt>
   <trkpt lat="37.4627880" lon="127.0291070">
    <ele>24.3</ele>
    <time>2026-07-16T02:36:33Z</time>
   </trkpt>
   <trkpt lat="37.4628350" lon="127.0291470">
    <ele>24.3</ele>
    <time>2026-07-16T02:36:34Z</time>
   </trkpt>
   <trkpt lat="37.4628860" lon="127.0291850">
    <ele>24.2</ele>
    <time>2026-07-16T02:36:35Z</time>
   </trkpt>
   <trkpt lat="37.4629370" lon="127.0292210">
    <ele>24.2</ele>
    <time>2026-07-16T02:36:36Z</time>
   </trkpt>
   <trkpt lat="37.4629860" lon="127.0292610">
    <ele>24.2</ele>
    <time>2026-07-16T02:36:37Z</time>
   </trkpt>
   <trkpt lat="37.4630350" lon="127.0292980">
    <ele>24.2</ele>
    <time>2026-07-16T02:36:38Z</time>
   </trkpt>
   <trkpt lat="37.4630840" lon="127.0293350">
    <ele>24.1</ele>
    <time>2026-07-16T02:36:39Z</time>
   </trkpt>
   <trkpt lat="37.4631310" lon="127.0293770">
    <ele>24.1</ele>
    <time>2026-07-16T02:36:40Z</time>
   </trkpt>
   <trkpt lat="37.4631790" lon="127.0294200">
    <ele>24.1</ele>
    <time>2026-07-16T02:36:41Z</time>
   </trkpt>
   <trkpt lat="37.4632290" lon="127.0294540">
    <ele>24.1</ele>
    <time>2026-07-16T02:36:42Z</time>
   </trkpt>
   <trkpt lat="37.4632800" lon="127.0294860">
    <ele>24.1</ele>
    <time>2026-07-16T02:36:43Z</time>
   </trkpt>
   <trkpt lat="37.4633310" lon="127.0295210">
    <ele>24.1</ele>
    <time>2026-07-16T02:36:44Z</time>
   </trkpt>
   <trkpt lat="37.4633790" lon="127.0295610">
    <ele>24.1</ele>
    <time>2026-07-16T02:36:45Z</time>
   </trkpt>
   <trkpt lat="37.4634300" lon="127.0295970">
    <ele>24.0</ele>
    <time>2026-07-16T02:36:46Z</time>
   </trkpt>
   <trkpt lat="37.4634800" lon="127.0296310">
    <ele>24.0</ele>
    <time>2026-07-16T02:36:47Z</time>
   </trkpt>
   <trkpt lat="37.4635290" lon="127.0296670">
    <ele>24.0</ele>
    <time>2026-07-16T02:36:48Z</time>
   </trkpt>
   <trkpt lat="37.4635780" lon="127.0297060">
    <ele>24.0</ele>
    <time>2026-07-16T02:36:49Z</time>
   </trkpt>
   <trkpt lat="37.4636260" lon="127.0297440">
    <ele>24.0</ele>
    <time>2026-07-16T02:36:50Z</time>
   </trkpt>
   <trkpt lat="37.4636760" lon="127.0297830">
    <ele>24.0</ele>
    <time>2026-07-16T02:36:51Z</time>
   </trkpt>
   <trkpt lat="37.4637260" lon="127.0298180">
    <ele>24.0</ele>
    <time>2026-07-16T02:36:52Z</time>
   </trkpt>
   <trkpt lat="37.4637770" lon="127.0298490">
    <ele>24.0</ele>
    <time>2026-07-16T02:36:53Z</time>
   </trkpt>
   <trkpt lat="37.4638300" lon="127.0298760">
    <ele>24.0</ele>
    <time>2026-07-16T02:36:54Z</time>
   </trkpt>
   <trkpt lat="37.4638840" lon="127.0299000">
    <ele>24.0</ele>
    <time>2026-07-16T02:36:55Z</time>
   </trkpt>
   <trkpt lat="37.4639360" lon="127.0299200">
    <ele>24.0</ele>
    <time>2026-07-16T02:36:56Z</time>
   </trkpt>
   <trkpt lat="37.4639840" lon="127.0299410">
    <ele>24.0</ele>
    <time>2026-07-16T02:36:57Z</time>
   </trkpt>
   <trkpt lat="37.4640290" lon="127.0299570">
    <ele>24.0</ele>
    <time>2026-07-16T02:36:58Z</time>
   </trkpt>
   <trkpt lat="37.4640710" lon="127.0299660">
    <ele>23.9</ele>
    <time>2026-07-16T02:36:59Z</time>
   </trkpt>
   <trkpt lat="37.4641070" lon="127.0299720">
    <ele>23.9</ele>
    <time>2026-07-16T02:37:00Z</time>
   </trkpt>
   <trkpt lat="37.4641340" lon="127.0299790">
    <ele>23.9</ele>
    <time>2026-07-16T02:37:01Z</time>
   </trkpt>
   <trkpt lat="37.4641560" lon="127.0299830">
    <ele>23.9</ele>
    <time>2026-07-16T02:37:02Z</time>
   </trkpt>
   <trkpt lat="37.4641680" lon="127.0299810">
    <ele>23.9</ele>
    <time>2026-07-16T02:37:03Z</time>
   </trkpt>
   <trkpt lat="37.4641660" lon="127.0299790">
    <ele>23.9</ele>
    <time>2026-07-16T02:37:04Z</time>
   </trkpt>
   <trkpt lat="37.4641610" lon="127.0299790">
    <ele>23.9</ele>
    <time>2026-07-16T02:37:05Z</time>
   </trkpt>
   <trkpt lat="37.4641630" lon="127.0299760">
    <ele>23.9</ele>
    <time>2026-07-16T02:37:06Z</time>
   </trkpt>
   <trkpt lat="37.4641600" lon="127.0299780">
    <ele>23.9</ele>
    <time>2026-07-16T02:37:07Z</time>
   </trkpt>
   <trkpt lat="37.4641610" lon="127.0299780">
    <ele>23.9</ele>
    <time>2026-07-16T02:37:08Z</time>
   </trkpt>
   <trkpt lat="37.4641590" lon="127.0299770">
    <ele>23.9</ele>
    <time>2026-07-16T02:37:09Z</time>
   </trkpt>
   <trkpt lat="37.4641590" lon="127.0299770">
    <ele>23.9</ele>
    <time>2026-07-16T02:37:10Z</time>
   </trkpt>
   <trkpt lat="37.4641590" lon="127.0299780">
    <ele>23.9</ele>
    <time>2026-07-16T02:37:11Z</time>
   </trkpt>
   <trkpt lat="37.4641580" lon="127.0299770">
    <ele>23.9</ele>
    <time>2026-07-16T02:37:12Z</time>
   </trkpt>
   <trkpt lat="37.4641570" lon="127.0299770">
    <ele>23.9</ele>
    <time>2026-07-16T02:37:13Z</time>
   </trkpt>
   <trkpt lat="37.4641560" lon="127.0299760">
    <ele>23.9</ele>
    <time>2026-07-16T02:37:14Z</time>
   </trkpt>
   <trkpt lat="37.4641570" lon="127.0299760">
    <ele>23.9</ele>
    <time>2026-07-16T02:37:15Z</time>
   </trkpt>
   <trkpt lat="37.4641560" lon="127.0299760">
    <ele>23.9</ele>
    <time>2026-07-16T02:37:16Z</time>
   </trkpt>
   <trkpt lat="37.4641520" lon="127.0299760">
    <ele>23.9</ele>
    <time>2026-07-16T02:37:17Z</time>
   </trkpt>
   <trkpt lat="37.4641550" lon="127.0299760">
    <ele>23.9</ele>
    <time>2026-07-16T02:37:18Z</time>
   </trkpt>
   <trkpt lat="37.4641550" lon="127.0299760">
    <ele>23.9</ele>
    <time>2026-07-16T02:37:19Z</time>
   </trkpt>
   <trkpt lat="37.4641550" lon="127.0299770">
    <ele>23.9</ele>
    <time>2026-07-16T02:37:20Z</time>
   </trkpt>
   <trkpt lat="37.4641580" lon="127.0299750">
    <ele>23.9</ele>
    <time>2026-07-16T02:37:21Z</time>
   </trkpt>
   <trkpt lat="37.4641620" lon="127.0299710">
    <ele>23.9</ele>
    <time>2026-07-16T02:37:22Z</time>
   </trkpt>
   <trkpt lat="37.4641590" lon="127.0299710">
    <ele>23.9</ele>
    <time>2026-07-16T02:37:23Z</time>
   </trkpt>
   <trkpt lat="37.4641600" lon="127.0299720">
    <ele>23.9</ele>
    <time>2026-07-16T02:37:24Z</time>
   </trkpt>
   <trkpt lat="37.4641600" lon="127.0299720">
    <ele>23.9</ele>
    <time>2026-07-16T02:37:25Z</time>
   </trkpt>
   <trkpt lat="37.4641600" lon="127.0299720">
    <ele>23.9</ele>
    <time>2026-07-16T02:37:26Z</time>
   </trkpt>
   <trkpt lat="37.4641650" lon="127.0299720">
    <ele>23.9</ele>
    <time>2026-07-16T02:37:27Z</time>
   </trkpt>
   <trkpt lat="37.4641790" lon="127.0299690">
    <ele>23.9</ele>
    <time>2026-07-16T02:37:28Z</time>
   </trkpt>
   <trkpt lat="37.4641930" lon="127.0299650">
    <ele>23.9</ele>
    <time>2026-07-16T02:37:29Z</time>
   </trkpt>
   <trkpt lat="37.4642110" lon="127.0299560">
    <ele>23.9</ele>
    <time>2026-07-16T02:37:30Z</time>
   </trkpt>
   <trkpt lat="37.4642350" lon="127.0299530">
    <ele>23.9</ele>
    <time>2026-07-16T02:37:31Z</time>
   </trkpt>
   <trkpt lat="37.4642620" lon="127.0299520">
    <ele>23.9</ele>
    <time>2026-07-16T02:37:32Z</time>
   </trkpt>
   <trkpt lat="37.4642930" lon="127.0299480">
    <ele>23.9</ele>
    <time>2026-07-16T02:37:33Z</time>
   </trkpt>
   <trkpt lat="37.4643290" lon="127.0299400">
    <ele>23.9</ele>
    <time>2026-07-16T02:37:34Z</time>
   </trkpt>
   <trkpt lat="37.4643680" lon="127.0299250">
    <ele>23.9</ele>
    <time>2026-07-16T02:37:35Z</time>
   </trkpt>
   <trkpt lat="37.4644100" lon="127.0299130">
    <ele>23.8</ele>
    <time>2026-07-16T02:37:36Z</time>
   </trkpt>
   <trkpt lat="37.4644570" lon="127.0299020">
    <ele>23.8</ele>
    <time>2026-07-16T02:37:37Z</time>
   </trkpt>
   <trkpt lat="37.4645080" lon="127.0298900">
    <ele>23.8</ele>
    <time>2026-07-16T02:37:38Z</time>
   </trkpt>
   <trkpt lat="37.4645600" lon="127.0298760">
    <ele>23.8</ele>
    <time>2026-07-16T02:37:39Z</time>
   </trkpt>
   <trkpt lat="37.4646140" lon="127.0298680">
    <ele>23.8</ele>
    <time>2026-07-16T02:37:40Z</time>
   </trkpt>
   <trkpt lat="37.4646700" lon="127.0298530">
    <ele>23.8</ele>
    <time>2026-07-16T02:37:41Z</time>
   </trkpt>
   <trkpt lat="37.4647280" lon="127.0298430">
    <ele>23.8</ele>
    <time>2026-07-16T02:37:42Z</time>
   </trkpt>
   <trkpt lat="37.4647840" lon="127.0298310">
    <ele>23.8</ele>
    <time>2026-07-16T02:37:43Z</time>
   </trkpt>
   <trkpt lat="37.4648410" lon="127.0298220">
    <ele>23.8</ele>
    <time>2026-07-16T02:37:44Z</time>
   </trkpt>
   <trkpt lat="37.4649000" lon="127.0298110">
    <ele>23.7</ele>
    <time>2026-07-16T02:37:45Z</time>
   </trkpt>
   <trkpt lat="37.4649550" lon="127.0297950">
    <ele>23.7</ele>
    <time>2026-07-16T02:37:46Z</time>
   </trkpt>
   <trkpt lat="37.4650120" lon="127.0297790">
    <ele>23.7</ele>
    <time>2026-07-16T02:37:47Z</time>
   </trkpt>
   <trkpt lat="37.4650670" lon="127.0297590">
    <ele>23.7</ele>
    <time>2026-07-16T02:37:48Z</time>
   </trkpt>
   <trkpt lat="37.4651240" lon="127.0297440">
    <ele>23.7</ele>
    <time>2026-07-16T02:37:49Z</time>
   </trkpt>
   <trkpt lat="37.4651810" lon="127.0297300">
    <ele>23.6</ele>
    <time>2026-07-16T02:37:50Z</time>
   </trkpt>
   <trkpt lat="37.4652360" lon="127.0297120">
    <ele>23.6</ele>
    <time>2026-07-16T02:37:51Z</time>
   </trkpt>
   <trkpt lat="37.4652920" lon="127.0296950">
    <ele>23.6</ele>
    <time>2026-07-16T02:37:52Z</time>
   </trkpt>
   <trkpt lat="37.4653480" lon="127.0296800">
    <ele>23.6</ele>
    <time>2026-07-16T02:37:53Z</time>
   </trkpt>
   <trkpt lat="37.4654060" lon="127.0296680">
    <ele>23.6</ele>
    <time>2026-07-16T02:37:54Z</time>
   </trkpt>
   <trkpt lat="37.4654630" lon="127.0296510">
    <ele>23.6</ele>
    <time>2026-07-16T02:37:55Z</time>
   </trkpt>
   <trkpt lat="37.4655200" lon="127.0296360">
    <ele>23.6</ele>
    <time>2026-07-16T02:37:56Z</time>
   </trkpt>
   <trkpt lat="37.4655770" lon="127.0296200">
    <ele>23.5</ele>
    <time>2026-07-16T02:37:57Z</time>
   </trkpt>
   <trkpt lat="37.4656340" lon="127.0296000">
    <ele>23.5</ele>
    <time>2026-07-16T02:37:58Z</time>
   </trkpt>
   <trkpt lat="37.4656910" lon="127.0295810">
    <ele>23.5</ele>
    <time>2026-07-16T02:37:59Z</time>
   </trkpt>
   <trkpt lat="37.4657470" lon="127.0295660">
    <ele>23.5</ele>
    <time>2026-07-16T02:38:00Z</time>
   </trkpt>
   <trkpt lat="37.4658020" lon="127.0295490">
    <ele>23.5</ele>
    <time>2026-07-16T02:38:01Z</time>
   </trkpt>
   <trkpt lat="37.4658590" lon="127.0295280">
    <ele>23.5</ele>
    <time>2026-07-16T02:38:02Z</time>
   </trkpt>
   <trkpt lat="37.4659130" lon="127.0295020">
    <ele>23.5</ele>
    <time>2026-07-16T02:38:03Z</time>
   </trkpt>
   <trkpt lat="37.4659680" lon="127.0294800">
    <ele>23.6</ele>
    <time>2026-07-16T02:38:04Z</time>
   </trkpt>
   <trkpt lat="37.4660240" lon="127.0294590">
    <ele>23.6</ele>
    <time>2026-07-16T02:38:05Z</time>
   </trkpt>
   <trkpt lat="37.4660780" lon="127.0294370">
    <ele>23.6</ele>
    <time>2026-07-16T02:38:06Z</time>
   </trkpt>
   <trkpt lat="37.4661320" lon="127.0294140">
    <ele>23.6</ele>
    <time>2026-07-16T02:38:07Z</time>
   </trkpt>
   <trkpt lat="37.4661870" lon="127.0293910">
    <ele>23.6</ele>
    <time>2026-07-16T02:38:08Z</time>
   </trkpt>
   <trkpt lat="37.4662420" lon="127.0293680">
    <ele>23.6</ele>
    <time>2026-07-16T02:38:09Z</time>
   </trkpt>
   <trkpt lat="37.4662970" lon="127.0293490">
    <ele>23.5</ele>
    <time>2026-07-16T02:38:10Z</time>
   </trkpt>
   <trkpt lat="37.4663560" lon="127.0293320">
    <ele>23.5</ele>
    <time>2026-07-16T02:38:11Z</time>
   </trkpt>
   <trkpt lat="37.4664100" lon="127.0293140">
    <ele>23.5</ele>
    <time>2026-07-16T02:38:12Z</time>
   </trkpt>
   <trkpt lat="37.4664640" lon="127.0292920">
    <ele>23.5</ele>
    <time>2026-07-16T02:38:13Z</time>
   </trkpt>
   <trkpt lat="37.4665200" lon="127.0292670">
    <ele>23.5</ele>
    <time>2026-07-16T02:38:14Z</time>
   </trkpt>
   <trkpt lat="37.4665750" lon="127.0292420">
    <ele>23.5</ele>
    <time>2026-07-16T02:38:15Z</time>
   </trkpt>
   <trkpt lat="37.4666320" lon="127.0292180">
    <ele>23.5</ele>
    <time>2026-07-16T02:38:16Z</time>
   </trkpt>
   <trkpt lat="37.4666870" lon="127.0291990">
    <ele>23.4</ele>
    <time>2026-07-16T02:38:17Z</time>
   </trkpt>
   <trkpt lat="37.4667430" lon="127.0291780">
    <ele>23.4</ele>
    <time>2026-07-16T02:38:18Z</time>
   </trkpt>
   <trkpt lat="37.4667980" lon="127.0291580">
    <ele>23.4</ele>
    <time>2026-07-16T02:38:19Z</time>
   </trkpt>
   <trkpt lat="37.4668540" lon="127.0291330">
    <ele>23.4</ele>
    <time>2026-07-16T02:38:20Z</time>
   </trkpt>
   <trkpt lat="37.4669060" lon="127.0291060">
    <ele>23.4</ele>
    <time>2026-07-16T02:38:21Z</time>
   </trkpt>
   <trkpt lat="37.4669620" lon="127.0290870">
    <ele>23.4</ele>
    <time>2026-07-16T02:38:22Z</time>
   </trkpt>
   <trkpt lat="37.4670160" lon="127.0290650">
    <ele>23.4</ele>
    <time>2026-07-16T02:38:23Z</time>
   </trkpt>
   <trkpt lat="37.4670680" lon="127.0290440">
    <ele>23.4</ele>
    <time>2026-07-16T02:38:24Z</time>
   </trkpt>
   <trkpt lat="37.4671230" lon="127.0290220">
    <ele>23.4</ele>
    <time>2026-07-16T02:38:25Z</time>
   </trkpt>
   <trkpt lat="37.4671780" lon="127.0290000">
    <ele>23.4</ele>
    <time>2026-07-16T02:38:26Z</time>
   </trkpt>
   <trkpt lat="37.4672330" lon="127.0289830">
    <ele>23.4</ele>
    <time>2026-07-16T02:38:27Z</time>
   </trkpt>
   <trkpt lat="37.4672780" lon="127.0289670">
    <ele>23.4</ele>
    <time>2026-07-16T02:38:28Z</time>
   </trkpt>
   <trkpt lat="37.4673140" lon="127.0289520">
    <ele>23.4</ele>
    <time>2026-07-16T02:38:29Z</time>
   </trkpt>
   <trkpt lat="37.4673450" lon="127.0289370">
    <ele>23.4</ele>
    <time>2026-07-16T02:38:30Z</time>
   </trkpt>
   <trkpt lat="37.4673730" lon="127.0289220">
    <ele>23.4</ele>
    <time>2026-07-16T02:38:31Z</time>
   </trkpt>
   <trkpt lat="37.4674020" lon="127.0289120">
    <ele>23.4</ele>
    <time>2026-07-16T02:38:32Z</time>
   </trkpt>
   <trkpt lat="37.4674330" lon="127.0289010">
    <ele>23.4</ele>
    <time>2026-07-16T02:38:33Z</time>
   </trkpt>
   <trkpt lat="37.4674640" lon="127.0288850">
    <ele>23.4</ele>
    <time>2026-07-16T02:38:34Z</time>
   </trkpt>
   <trkpt lat="37.4674970" lon="127.0288620">
    <ele>23.5</ele>
    <time>2026-07-16T02:38:35Z</time>
   </trkpt>
   <trkpt lat="37.4675340" lon="127.0288560">
    <ele>23.5</ele>
    <time>2026-07-16T02:38:36Z</time>
   </trkpt>
   <trkpt lat="37.4675760" lon="127.0288490">
    <ele>23.5</ele>
    <time>2026-07-16T02:38:37Z</time>
   </trkpt>
   <trkpt lat="37.4676280" lon="127.0288310">
    <ele>23.5</ele>
    <time>2026-07-16T02:38:38Z</time>
   </trkpt>
   <trkpt lat="37.4676670" lon="127.0288260">
    <ele>23.5</ele>
    <time>2026-07-16T02:38:39Z</time>
   </trkpt>
   <trkpt lat="37.4677380" lon="127.0288230">
    <ele>23.5</ele>
    <time>2026-07-16T02:38:40Z</time>
   </trkpt>
   <trkpt lat="37.4677880" lon="127.0288150">
    <ele>23.5</ele>
    <time>2026-07-16T02:38:41Z</time>
   </trkpt>
   <trkpt lat="37.4678350" lon="127.0288160">
    <ele>23.4</ele>
    <time>2026-07-16T02:38:42Z</time>
   </trkpt>
   <trkpt lat="37.4678770" lon="127.0288150">
    <ele>23.4</ele>
    <time>2026-07-16T02:38:43Z</time>
   </trkpt>
   <trkpt lat="37.4679060" lon="127.0288160">
    <ele>23.4</ele>
    <time>2026-07-16T02:38:44Z</time>
   </trkpt>
   <trkpt lat="37.4679090" lon="127.0288180">
    <ele>23.4</ele>
    <time>2026-07-16T02:38:45Z</time>
   </trkpt>
   <trkpt lat="37.4678980" lon="127.0288160">
    <ele>23.4</ele>
    <time>2026-07-16T02:38:46Z</time>
   </trkpt>
   <trkpt lat="37.4678950" lon="127.0288150">
    <ele>23.4</ele>
    <time>2026-07-16T02:38:47Z</time>
   </trkpt>
   <trkpt lat="37.4678930" lon="127.0288160">
    <ele>23.4</ele>
    <time>2026-07-16T02:38:48Z</time>
   </trkpt>
   <trkpt lat="37.4678900" lon="127.0288140">
    <ele>23.4</ele>
    <time>2026-07-16T02:38:49Z</time>
   </trkpt>
   <trkpt lat="37.4678880" lon="127.0288120">
    <ele>23.4</ele>
    <time>2026-07-16T02:38:50Z</time>
   </trkpt>
   <trkpt lat="37.4678860" lon="127.0288120">
    <ele>23.4</ele>
    <time>2026-07-16T02:38:51Z</time>
   </trkpt>
   <trkpt lat="37.4678870" lon="127.0288110">
    <ele>23.4</ele>
    <time>2026-07-16T02:38:52Z</time>
   </trkpt>
   <trkpt lat="37.4678870" lon="127.0288130">
    <ele>23.4</ele>
    <time>2026-07-16T02:38:53Z</time>
   </trkpt>
   <trkpt lat="37.4678860" lon="127.0288140">
    <ele>23.4</ele>
    <time>2026-07-16T02:38:54Z</time>
   </trkpt>
   <trkpt lat="37.4678890" lon="127.0288120">
    <ele>23.4</ele>
    <time>2026-07-16T02:38:55Z</time>
   </trkpt>
   <trkpt lat="37.4678870" lon="127.0288160">
    <ele>23.4</ele>
    <time>2026-07-16T02:38:56Z</time>
   </trkpt>
   <trkpt lat="37.4678920" lon="127.0288070">
    <ele>23.4</ele>
    <time>2026-07-16T02:38:57Z</time>
   </trkpt>
   <trkpt lat="37.4678900" lon="127.0288110">
    <ele>23.4</ele>
    <time>2026-07-16T02:38:58Z</time>
   </trkpt>
   <trkpt lat="37.4678940" lon="127.0288120">
    <ele>23.4</ele>
    <time>2026-07-16T02:38:59Z</time>
   </trkpt>
   <trkpt lat="37.4678870" lon="127.0288160">
    <ele>23.4</ele>
    <time>2026-07-16T02:39:00Z</time>
   </trkpt>
   <trkpt lat="37.4678860" lon="127.0288130">
    <ele>23.4</ele>
    <time>2026-07-16T02:39:01Z</time>
   </trkpt>
   <trkpt lat="37.4678890" lon="127.0288120">
    <ele>23.4</ele>
    <time>2026-07-16T02:39:02Z</time>
   </trkpt>
   <trkpt lat="37.4678880" lon="127.0288110">
    <ele>23.4</ele>
    <time>2026-07-16T02:39:03Z</time>
   </trkpt>
   <trkpt lat="37.4678870" lon="127.0288110">
    <ele>23.4</ele>
    <time>2026-07-16T02:39:04Z</time>
   </trkpt>
   <trkpt lat="37.4678870" lon="127.0288100">
    <ele>23.4</ele>
    <time>2026-07-16T02:39:05Z</time>
   </trkpt>
   <trkpt lat="37.4678870" lon="127.0288100">
    <ele>23.4</ele>
    <time>2026-07-16T02:39:06Z</time>
   </trkpt>
   <trkpt lat="37.4678870" lon="127.0288100">
    <ele>23.4</ele>
    <time>2026-07-16T02:39:07Z</time>
   </trkpt>
   <trkpt lat="37.4678950" lon="127.0288070">
    <ele>23.4</ele>
    <time>2026-07-16T02:39:08Z</time>
   </trkpt>
   <trkpt lat="37.4678880" lon="127.0288080">
    <ele>23.4</ele>
    <time>2026-07-16T02:39:09Z</time>
   </trkpt>
   <trkpt lat="37.4678910" lon="127.0288090">
    <ele>23.4</ele>
    <time>2026-07-16T02:39:10Z</time>
   </trkpt>
   <trkpt lat="37.4678920" lon="127.0288140">
    <ele>23.4</ele>
    <time>2026-07-16T02:39:11Z</time>
   </trkpt>
   <trkpt lat="37.4678870" lon="127.0288160">
    <ele>23.4</ele>
    <time>2026-07-16T02:39:12Z</time>
   </trkpt>
   <trkpt lat="37.4678870" lon="127.0288160">
    <ele>23.4</ele>
    <time>2026-07-16T02:39:13Z</time>
   </trkpt>
   <trkpt lat="37.4679010" lon="127.0288060">
    <ele>23.4</ele>
    <time>2026-07-16T02:39:14Z</time>
   </trkpt>
   <trkpt lat="37.4679200" lon="127.0288060">
    <ele>23.4</ele>
    <time>2026-07-16T02:39:15Z</time>
   </trkpt>
   <trkpt lat="37.4679400" lon="127.0288090">
    <ele>23.4</ele>
    <time>2026-07-16T02:39:16Z</time>
   </trkpt>
   <trkpt lat="37.4679580" lon="127.0288110">
    <ele>23.4</ele>
    <time>2026-07-16T02:39:17Z</time>
   </trkpt>
   <trkpt lat="37.4679830" lon="127.0288110">
    <ele>23.4</ele>
    <time>2026-07-16T02:39:18Z</time>
   </trkpt>
   <trkpt lat="37.4680140" lon="127.0287990">
    <ele>23.4</ele>
    <time>2026-07-16T02:39:19Z</time>
   </trkpt>
   <trkpt lat="37.4680440" lon="127.0287860">
    <ele>23.4</ele>
    <time>2026-07-16T02:39:20Z</time>
   </trkpt>
   <trkpt lat="37.4680700" lon="127.0288060">
    <ele>23.4</ele>
    <time>2026-07-16T02:39:21Z</time>
   </trkpt>
   <trkpt lat="37.4681180" lon="127.0288300">
    <ele>23.4</ele>
    <time>2026-07-16T02:39:22Z</time>
   </trkpt>
   <trkpt lat="37.4681550" lon="127.0288500">
    <ele>23.4</ele>
    <time>2026-07-16T02:39:23Z</time>
   </trkpt>
   <trkpt lat="37.4681980" lon="127.0288720">
    <ele>23.4</ele>
    <time>2026-07-16T02:39:24Z</time>
   </trkpt>
   <trkpt lat="37.4682390" lon="127.0289060">
    <ele>23.4</ele>
    <time>2026-07-16T02:39:25Z</time>
   </trkpt>
   <trkpt lat="37.4682820" lon="127.0289410">
    <ele>23.3</ele>
    <time>2026-07-16T02:39:26Z</time>
   </trkpt>
   <trkpt lat="37.4683290" lon="127.0289750">
    <ele>23.3</ele>
    <time>2026-07-16T02:39:27Z</time>
   </trkpt>
   <trkpt lat="37.4683770" lon="127.0290140">
    <ele>23.3</ele>
    <time>2026-07-16T02:39:28Z</time>
   </trkpt>
   <trkpt lat="37.4684260" lon="127.0290520">
    <ele>23.3</ele>
    <time>2026-07-16T02:39:29Z</time>
   </trkpt>
   <trkpt lat="37.4684760" lon="127.0290920">
    <ele>23.2</ele>
    <time>2026-07-16T02:39:30Z</time>
   </trkpt>
   <trkpt lat="37.4685240" lon="127.0291350">
    <ele>23.2</ele>
    <time>2026-07-16T02:39:31Z</time>
   </trkpt>
   <trkpt lat="37.4685700" lon="127.0291760">
    <ele>23.2</ele>
    <time>2026-07-16T02:39:32Z</time>
   </trkpt>
   <trkpt lat="37.4686180" lon="127.0292200">
    <ele>23.1</ele>
    <time>2026-07-16T02:39:33Z</time>
   </trkpt>
   <trkpt lat="37.4686650" lon="127.0292640">
    <ele>23.1</ele>
    <time>2026-07-16T02:39:34Z</time>
   </trkpt>
   <trkpt lat="37.4687120" lon="127.0293070">
    <ele>23.1</ele>
    <time>2026-07-16T02:39:35Z</time>
   </trkpt>
   <trkpt lat="37.4687580" lon="127.0293500">
    <ele>23.0</ele>
    <time>2026-07-16T02:39:36Z</time>
   </trkpt>
   <trkpt lat="37.4688040" lon="127.0293980">
    <ele>23.0</ele>
    <time>2026-07-16T02:39:37Z</time>
   </trkpt>
   <trkpt lat="37.4688480" lon="127.0294410">
    <ele>22.9</ele>
    <time>2026-07-16T02:39:38Z</time>
   </trkpt>
   <trkpt lat="37.4689000" lon="127.0294650">
    <ele>22.9</ele>
    <time>2026-07-16T02:39:39Z</time>
   </trkpt>
   <trkpt lat="37.4689370" lon="127.0295070">
    <ele>22.9</ele>
    <time>2026-07-16T02:39:40Z</time>
   </trkpt>
   <trkpt lat="37.4689750" lon="127.0295450">
    <ele>22.8</ele>
    <time>2026-07-16T02:39:41Z</time>
   </trkpt>
   <trkpt lat="37.4690110" lon="127.0295840">
    <ele>22.8</ele>
    <time>2026-07-16T02:39:42Z</time>
   </trkpt>
   <trkpt lat="37.4690450" lon="127.0296240">
    <ele>22.8</ele>
    <time>2026-07-16T02:39:43Z</time>
   </trkpt>
   <trkpt lat="37.4690870" lon="127.0296580">
    <ele>22.7</ele>
    <time>2026-07-16T02:39:44Z</time>
   </trkpt>
   <trkpt lat="37.4691300" lon="127.0296990">
    <ele>22.7</ele>
    <time>2026-07-16T02:39:45Z</time>
   </trkpt>
   <trkpt lat="37.4691710" lon="127.0297340">
    <ele>22.7</ele>
    <time>2026-07-16T02:39:46Z</time>
   </trkpt>
   <trkpt lat="37.4692110" lon="127.0297740">
    <ele>22.6</ele>
    <time>2026-07-16T02:39:47Z</time>
   </trkpt>
   <trkpt lat="37.4692570" lon="127.0298150">
    <ele>22.6</ele>
    <time>2026-07-16T02:39:48Z</time>
   </trkpt>
   <trkpt lat="37.4693040" lon="127.0298570">
    <ele>22.6</ele>
    <time>2026-07-16T02:39:49Z</time>
   </trkpt>
   <trkpt lat="37.4693520" lon="127.0298970">
    <ele>22.6</ele>
    <time>2026-07-16T02:39:50Z</time>
   </trkpt>
   <trkpt lat="37.4694000" lon="127.0299330">
    <ele>22.6</ele>
    <time>2026-07-16T02:39:51Z</time>
   </trkpt>
   <trkpt lat="37.4694460" lon="127.0299790">
    <ele>22.6</ele>
    <time>2026-07-16T02:39:52Z</time>
   </trkpt>
   <trkpt lat="37.4694930" lon="127.0300220">
    <ele>22.5</ele>
    <time>2026-07-16T02:39:53Z</time>
   </trkpt>
   <trkpt lat="37.4695440" lon="127.0300560">
    <ele>22.5</ele>
    <time>2026-07-16T02:39:54Z</time>
   </trkpt>
   <trkpt lat="37.4695950" lon="127.0300920">
    <ele>22.6</ele>
    <time>2026-07-16T02:39:55Z</time>
   </trkpt>
   <trkpt lat="37.4696440" lon="127.0301260">
    <ele>22.6</ele>
    <time>2026-07-16T02:39:56Z</time>
   </trkpt>
   <trkpt lat="37.4696950" lon="127.0301600">
    <ele>22.6</ele>
    <time>2026-07-16T02:39:57Z</time>
   </trkpt>
   <trkpt lat="37.4697450" lon="127.0301950">
    <ele>22.6</ele>
    <time>2026-07-16T02:39:58Z</time>
   </trkpt>
   <trkpt lat="37.4697950" lon="127.0302270">
    <ele>22.6</ele>
    <time>2026-07-16T02:39:59Z</time>
   </trkpt>
   <trkpt lat="37.4698430" lon="127.0302590">
    <ele>22.6</ele>
    <time>2026-07-16T02:40:00Z</time>
   </trkpt>
   <trkpt lat="37.4698950" lon="127.0302890">
    <ele>22.6</ele>
    <time>2026-07-16T02:40:01Z</time>
   </trkpt>
   <trkpt lat="37.4699440" lon="127.0303230">
    <ele>22.6</ele>
    <time>2026-07-16T02:40:02Z</time>
   </trkpt>
   <trkpt lat="37.4699860" lon="127.0303600">
    <ele>22.6</ele>
    <time>2026-07-16T02:40:03Z</time>
   </trkpt>
   <trkpt lat="37.4700220" lon="127.0304030">
    <ele>22.6</ele>
    <time>2026-07-16T02:40:04Z</time>
   </trkpt>
   <trkpt lat="37.4700590" lon="127.0304300">
    <ele>22.6</ele>
    <time>2026-07-16T02:40:05Z</time>
   </trkpt>
   <trkpt lat="37.4700920" lon="127.0304450">
    <ele>22.6</ele>
    <time>2026-07-16T02:40:06Z</time>
   </trkpt>
   <trkpt lat="37.4701030" lon="127.0304510">
    <ele>22.6</ele>
    <time>2026-07-16T02:40:07Z</time>
   </trkpt>
   <trkpt lat="37.4700930" lon="127.0304420">
    <ele>22.6</ele>
    <time>2026-07-16T02:40:08Z</time>
   </trkpt>
   <trkpt lat="37.4700880" lon="127.0304400">
    <ele>22.6</ele>
    <time>2026-07-16T02:40:09Z</time>
   </trkpt>
   <trkpt lat="37.4700900" lon="127.0304410">
    <ele>22.6</ele>
    <time>2026-07-16T02:40:10Z</time>
   </trkpt>
   <trkpt lat="37.4700900" lon="127.0304400">
    <ele>22.6</ele>
    <time>2026-07-16T02:40:11Z</time>
   </trkpt>
   <trkpt lat="37.4700880" lon="127.0304390">
    <ele>22.6</ele>
    <time>2026-07-16T02:40:12Z</time>
   </trkpt>
   <trkpt lat="37.4700890" lon="127.0304400">
    <ele>22.6</ele>
    <time>2026-07-16T02:40:13Z</time>
   </trkpt>
   <trkpt lat="37.4700890" lon="127.0304400">
    <ele>22.6</ele>
    <time>2026-07-16T02:40:14Z</time>
   </trkpt>
   <trkpt lat="37.4700890" lon="127.0304400">
    <ele>22.6</ele>
    <time>2026-07-16T02:40:15Z</time>
   </trkpt>
   <trkpt lat="37.4700880" lon="127.0304380">
    <ele>22.6</ele>
    <time>2026-07-16T02:40:16Z</time>
   </trkpt>
   <trkpt lat="37.4700800" lon="127.0304350">
    <ele>22.6</ele>
    <time>2026-07-16T02:40:17Z</time>
   </trkpt>
   <trkpt lat="37.4700790" lon="127.0304310">
    <ele>22.6</ele>
    <time>2026-07-16T02:40:18Z</time>
   </trkpt>
   <trkpt lat="37.4700840" lon="127.0304310">
    <ele>22.6</ele>
    <time>2026-07-16T02:40:19Z</time>
   </trkpt>
   <trkpt lat="37.4700850" lon="127.0304410">
    <ele>22.6</ele>
    <time>2026-07-16T02:40:20Z</time>
   </trkpt>
   <trkpt lat="37.4700870" lon="127.0304370">
    <ele>22.6</ele>
    <time>2026-07-16T02:40:21Z</time>
   </trkpt>
   <trkpt lat="37.4700850" lon="127.0304410">
    <ele>22.6</ele>
    <time>2026-07-16T02:40:22Z</time>
   </trkpt>
   <trkpt lat="37.4700850" lon="127.0304400">
    <ele>22.6</ele>
    <time>2026-07-16T02:40:23Z</time>
   </trkpt>
   <trkpt lat="37.4700880" lon="127.0304410">
    <ele>22.6</ele>
    <time>2026-07-16T02:40:24Z</time>
   </trkpt>
   <trkpt lat="37.4700920" lon="127.0304450">
    <ele>22.6</ele>
    <time>2026-07-16T02:40:25Z</time>
   </trkpt>
   <trkpt lat="37.4700910" lon="127.0304450">
    <ele>22.6</ele>
    <time>2026-07-16T02:40:26Z</time>
   </trkpt>
   <trkpt lat="37.4700940" lon="127.0304610">
    <ele>22.6</ele>
    <time>2026-07-16T02:40:27Z</time>
   </trkpt>
   <trkpt lat="37.4701130" lon="127.0304660">
    <ele>22.6</ele>
    <time>2026-07-16T02:40:28Z</time>
   </trkpt>
   <trkpt lat="37.4701370" lon="127.0304630">
    <ele>22.6</ele>
    <time>2026-07-16T02:40:29Z</time>
   </trkpt>
   <trkpt lat="37.4701710" lon="127.0304660">
    <ele>22.6</ele>
    <time>2026-07-16T02:40:30Z</time>
   </trkpt>
   <trkpt lat="37.4701940" lon="127.0304830">
    <ele>22.6</ele>
    <time>2026-07-16T02:40:31Z</time>
   </trkpt>
   <trkpt lat="37.4702180" lon="127.0304940">
    <ele>22.6</ele>
    <time>2026-07-16T02:40:32Z</time>
   </trkpt>
   <trkpt lat="37.4702470" lon="127.0305200">
    <ele>22.6</ele>
    <time>2026-07-16T02:40:33Z</time>
   </trkpt>
   <trkpt lat="37.4702780" lon="127.0305420">
    <ele>22.5</ele>
    <time>2026-07-16T02:40:34Z</time>
   </trkpt>
   <trkpt lat="37.4703200" lon="127.0305630">
    <ele>22.5</ele>
    <time>2026-07-16T02:40:35Z</time>
   </trkpt>
   <trkpt lat="37.4703600" lon="127.0305960">
    <ele>22.5</ele>
    <time>2026-07-16T02:40:36Z</time>
   </trkpt>
   <trkpt lat="37.4703950" lon="127.0306390">
    <ele>22.5</ele>
    <time>2026-07-16T02:40:37Z</time>
   </trkpt>
   <trkpt lat="37.4704370" lon="127.0306790">
    <ele>22.4</ele>
    <time>2026-07-16T02:40:38Z</time>
   </trkpt>
   <trkpt lat="37.4704740" lon="127.0307190">
    <ele>22.4</ele>
    <time>2026-07-16T02:40:39Z</time>
   </trkpt>
   <trkpt lat="37.4705200" lon="127.0307580">
    <ele>22.4</ele>
    <time>2026-07-16T02:40:40Z</time>
   </trkpt>
   <trkpt lat="37.4705680" lon="127.0308040">
    <ele>22.4</ele>
    <time>2026-07-16T02:40:41Z</time>
   </trkpt>
   <trkpt lat="37.4706130" lon="127.0308490">
    <ele>22.3</ele>
    <time>2026-07-16T02:40:42Z</time>
   </trkpt>
   <trkpt lat="37.4706620" lon="127.0308900">
    <ele>22.3</ele>
    <time>2026-07-16T02:40:43Z</time>
   </trkpt>
   <trkpt lat="37.4707090" lon="127.0309360">
    <ele>22.3</ele>
    <time>2026-07-16T02:40:44Z</time>
   </trkpt>
   <trkpt lat="37.4707530" lon="127.0309840">
    <ele>22.3</ele>
    <time>2026-07-16T02:40:45Z</time>
   </trkpt>
   <trkpt lat="37.4707930" lon="127.0310320">
    <ele>22.3</ele>
    <time>2026-07-16T02:40:46Z</time>
   </trkpt>
   <trkpt lat="37.4708370" lon="127.0310780">
    <ele>22.3</ele>
    <time>2026-07-16T02:40:47Z</time>
   </trkpt>
   <trkpt lat="37.4708830" lon="127.0311240">
    <ele>22.3</ele>
    <time>2026-07-16T02:40:48Z</time>
   </trkpt>
   <trkpt lat="37.4709300" lon="127.0311650">
    <ele>22.3</ele>
    <time>2026-07-16T02:40:49Z</time>
   </trkpt>
   <trkpt lat="37.4709750" lon="127.0312120">
    <ele>22.3</ele>
    <time>2026-07-16T02:40:50Z</time>
   </trkpt>
   <trkpt lat="37.4710260" lon="127.0312380">
    <ele>22.4</ele>
    <time>2026-07-16T02:40:51Z</time>
   </trkpt>
   <trkpt lat="37.4710730" lon="127.0312740">
    <ele>22.4</ele>
    <time>2026-07-16T02:40:52Z</time>
   </trkpt>
   <trkpt lat="37.4711160" lon="127.0313200">
    <ele>22.4</ele>
    <time>2026-07-16T02:40:53Z</time>
   </trkpt>
   <trkpt lat="37.4711520" lon="127.0313640">
    <ele>22.4</ele>
    <time>2026-07-16T02:40:54Z</time>
   </trkpt>
   <trkpt lat="37.4711870" lon="127.0314260">
    <ele>22.4</ele>
    <time>2026-07-16T02:40:55Z</time>
   </trkpt>
   <trkpt lat="37.4712310" lon="127.0314700">
    <ele>22.4</ele>
    <time>2026-07-16T02:40:56Z</time>
   </trkpt>
   <trkpt lat="37.4712940" lon="127.0314920">
    <ele>22.4</ele>
    <time>2026-07-16T02:40:57Z</time>
   </trkpt>
   <trkpt lat="37.4713380" lon="127.0315260">
    <ele>22.4</ele>
    <time>2026-07-16T02:40:58Z</time>
   </trkpt>
   <trkpt lat="37.4713740" lon="127.0315840">
    <ele>22.3</ele>
    <time>2026-07-16T02:40:59Z</time>
   </trkpt>
   <trkpt lat="37.4714180" lon="127.0316300">
    <ele>22.3</ele>
    <time>2026-07-16T02:41:00Z</time>
   </trkpt>
   <trkpt lat="37.4714650" lon="127.0316740">
    <ele>22.2</ele>
    <time>2026-07-16T02:41:01Z</time>
   </trkpt>
   <trkpt lat="37.4715070" lon="127.0317250">
    <ele>22.1</ele>
    <time>2026-07-16T02:41:02Z</time>
   </trkpt>
   <trkpt lat="37.4715490" lon="127.0317770">
    <ele>22.1</ele>
    <time>2026-07-16T02:41:03Z</time>
   </trkpt>
   <trkpt lat="37.4715920" lon="127.0318280">
    <ele>22.0</ele>
    <time>2026-07-16T02:41:04Z</time>
   </trkpt>
   <trkpt lat="37.4716400" lon="127.0318710">
    <ele>22.0</ele>
    <time>2026-07-16T02:41:05Z</time>
   </trkpt>
   <trkpt lat="37.4716840" lon="127.0319210">
    <ele>22.0</ele>
    <time>2026-07-16T02:41:06Z</time>
   </trkpt>
   <trkpt lat="37.4717190" lon="127.0319870">
    <ele>22.0</ele>
    <time>2026-07-16T02:41:07Z</time>
   </trkpt>
   <trkpt lat="37.4717520" lon="127.0320510">
    <ele>22.1</ele>
    <time>2026-07-16T02:41:08Z</time>
   </trkpt>
   <trkpt lat="37.4718040" lon="127.0320870">
    <ele>22.1</ele>
    <time>2026-07-16T02:41:09Z</time>
   </trkpt>
   <trkpt lat="37.4718660" lon="127.0321080">
    <ele>22.1</ele>
    <time>2026-07-16T02:41:10Z</time>
   </trkpt>
   <trkpt lat="37.4719230" lon="127.0321390">
    <ele>22.1</ele>
    <time>2026-07-16T02:41:11Z</time>
   </trkpt>
   <trkpt lat="37.4719700" lon="127.0321870">
    <ele>22.1</ele>
    <time>2026-07-16T02:41:12Z</time>
   </trkpt>
   <trkpt lat="37.4719980" lon="127.0322400">
    <ele>22.1</ele>
    <time>2026-07-16T02:41:13Z</time>
   </trkpt>
   <trkpt lat="37.4720450" lon="127.0322890">
    <ele>22.0</ele>
    <time>2026-07-16T02:41:14Z</time>
   </trkpt>
   <trkpt lat="37.4720850" lon="127.0323380">
    <ele>22.0</ele>
    <time>2026-07-16T02:41:15Z</time>
   </trkpt>
   <trkpt lat="37.4721310" lon="127.0323920">
    <ele>22.0</ele>
    <time>2026-07-16T02:41:16Z</time>
   </trkpt>
   <trkpt lat="37.4721690" lon="127.0324360">
    <ele>22.0</ele>
    <time>2026-07-16T02:41:17Z</time>
   </trkpt>
   <trkpt lat="37.4721970" lon="127.0324920">
    <ele>22.0</ele>
    <time>2026-07-16T02:41:18Z</time>
   </trkpt>
   <trkpt lat="37.4722230" lon="127.0325280">
    <ele>22.0</ele>
    <time>2026-07-16T02:41:19Z</time>
   </trkpt>
   <trkpt lat="37.4722490" lon="127.0325420">
    <ele>22.0</ele>
    <time>2026-07-16T02:41:20Z</time>
   </trkpt>
   <trkpt lat="37.4722430" lon="127.0325340">
    <ele>22.0</ele>
    <time>2026-07-16T02:41:21Z</time>
   </trkpt>
   <trkpt lat="37.4722360" lon="127.0325300">
    <ele>22.0</ele>
    <time>2026-07-16T02:41:22Z</time>
   </trkpt>
   <trkpt lat="37.4722340" lon="127.0325310">
    <ele>22.0</ele>
    <time>2026-07-16T02:41:23Z</time>
   </trkpt>
   <trkpt lat="37.4722250" lon="127.0325370">
    <ele>22.0</ele>
    <time>2026-07-16T02:41:24Z</time>
   </trkpt>
   <trkpt lat="37.4722220" lon="127.0325380">
    <ele>22.0</ele>
    <time>2026-07-16T02:41:25Z</time>
   </trkpt>
   <trkpt lat="37.4722220" lon="127.0325380">
    <ele>22.0</ele>
    <time>2026-07-16T02:41:26Z</time>
   </trkpt>
   <trkpt lat="37.4722300" lon="127.0325360">
    <ele>22.1</ele>
    <time>2026-07-16T02:41:27Z</time>
   </trkpt>
   <trkpt lat="37.4722280" lon="127.0325350">
    <ele>22.1</ele>
    <time>2026-07-16T02:41:28Z</time>
   </trkpt>
   <trkpt lat="37.4722280" lon="127.0325360">
    <ele>22.1</ele>
    <time>2026-07-16T02:41:29Z</time>
   </trkpt>
   <trkpt lat="37.4722280" lon="127.0325360">
    <ele>22.1</ele>
    <time>2026-07-16T02:41:30Z</time>
   </trkpt>
   <trkpt lat="37.4722280" lon="127.0325370">
    <ele>22.1</ele>
    <time>2026-07-16T02:41:31Z</time>
   </trkpt>
   <trkpt lat="37.4722270" lon="127.0325380">
    <ele>22.1</ele>
    <time>2026-07-16T02:41:32Z</time>
   </trkpt>
   <trkpt lat="37.4722280" lon="127.0325390">
    <ele>22.1</ele>
    <time>2026-07-16T02:41:33Z</time>
   </trkpt>
   <trkpt lat="37.4722280" lon="127.0325400">
    <ele>22.1</ele>
    <time>2026-07-16T02:41:34Z</time>
   </trkpt>
   <trkpt lat="37.4722280" lon="127.0325410">
    <ele>22.1</ele>
    <time>2026-07-16T02:41:35Z</time>
   </trkpt>
   <trkpt lat="37.4722310" lon="127.0325420">
    <ele>22.1</ele>
    <time>2026-07-16T02:41:36Z</time>
   </trkpt>
   <trkpt lat="37.4722290" lon="127.0325410">
    <ele>22.1</ele>
    <time>2026-07-16T02:41:37Z</time>
   </trkpt>
   <trkpt lat="37.4722310" lon="127.0325440">
    <ele>22.1</ele>
    <time>2026-07-16T02:41:38Z</time>
   </trkpt>
   <trkpt lat="37.4722310" lon="127.0325430">
    <ele>22.1</ele>
    <time>2026-07-16T02:41:39Z</time>
   </trkpt>
   <trkpt lat="37.4722320" lon="127.0325450">
    <ele>22.1</ele>
    <time>2026-07-16T02:41:40Z</time>
   </trkpt>
   <trkpt lat="37.4722450" lon="127.0325480">
    <ele>22.1</ele>
    <time>2026-07-16T02:41:41Z</time>
   </trkpt>
   <trkpt lat="37.4722530" lon="127.0325520">
    <ele>22.1</ele>
    <time>2026-07-16T02:41:42Z</time>
   </trkpt>
   <trkpt lat="37.4722710" lon="127.0325570">
    <ele>22.1</ele>
    <time>2026-07-16T02:41:43Z</time>
   </trkpt>
   <trkpt lat="37.4722950" lon="127.0325560">
    <ele>22.1</ele>
    <time>2026-07-16T02:41:44Z</time>
   </trkpt>
   <trkpt lat="37.4723220" lon="127.0325470">
    <ele>22.1</ele>
    <time>2026-07-16T02:41:45Z</time>
   </trkpt>
   <trkpt lat="37.4723460" lon="127.0325420">
    <ele>22.1</ele>
    <time>2026-07-16T02:41:46Z</time>
   </trkpt>
   <trkpt lat="37.4723660" lon="127.0325670">
    <ele>22.1</ele>
    <time>2026-07-16T02:41:47Z</time>
   </trkpt>
   <trkpt lat="37.4723940" lon="127.0325970">
    <ele>22.1</ele>
    <time>2026-07-16T02:41:48Z</time>
   </trkpt>
   <trkpt lat="37.4724230" lon="127.0326330">
    <ele>22.1</ele>
    <time>2026-07-16T02:41:49Z</time>
   </trkpt>
   <trkpt lat="37.4724470" lon="127.0326750">
    <ele>22.1</ele>
    <time>2026-07-16T02:41:50Z</time>
   </trkpt>
   <trkpt lat="37.4724840" lon="127.0327130">
    <ele>22.1</ele>
    <time>2026-07-16T02:41:51Z</time>
   </trkpt>
   <trkpt lat="37.4725260" lon="127.0327530">
    <ele>22.0</ele>
    <time>2026-07-16T02:41:52Z</time>
   </trkpt>
   <trkpt lat="37.4725670" lon="127.0327980">
    <ele>22.0</ele>
    <time>2026-07-16T02:41:53Z</time>
   </trkpt>
   <trkpt lat="37.4726130" lon="127.0328480">
    <ele>22.0</ele>
    <time>2026-07-16T02:41:54Z</time>
   </trkpt>
   <trkpt lat="37.4726540" lon="127.0329010">
    <ele>21.9</ele>
    <time>2026-07-16T02:41:55Z</time>
   </trkpt>
   <trkpt lat="37.4726970" lon="127.0329480">
    <ele>21.9</ele>
    <time>2026-07-16T02:41:56Z</time>
   </trkpt>
   <trkpt lat="37.4727410" lon="127.0329960">
    <ele>21.9</ele>
    <time>2026-07-16T02:41:57Z</time>
   </trkpt>
   <trkpt lat="37.4727810" lon="127.0330480">
    <ele>21.9</ele>
    <time>2026-07-16T02:41:58Z</time>
   </trkpt>
   <trkpt lat="37.4728210" lon="127.0330990">
    <ele>21.9</ele>
    <time>2026-07-16T02:41:59Z</time>
   </trkpt>
   <trkpt lat="37.4728590" lon="127.0331620">
    <ele>21.9</ele>
    <time>2026-07-16T02:42:00Z</time>
   </trkpt>
   <trkpt lat="37.4728890" lon="127.0332180">
    <ele>21.9</ele>
    <time>2026-07-16T02:42:01Z</time>
   </trkpt>
   <trkpt lat="37.4729240" lon="127.0332760">
    <ele>21.9</ele>
    <time>2026-07-16T02:42:02Z</time>
   </trkpt>
   <trkpt lat="37.4729580" lon="127.0333330">
    <ele>21.9</ele>
    <time>2026-07-16T02:42:03Z</time>
   </trkpt>
   <trkpt lat="37.4729930" lon="127.0333880">
    <ele>21.9</ele>
    <time>2026-07-16T02:42:04Z</time>
   </trkpt>
   <trkpt lat="37.4730280" lon="127.0334430">
    <ele>21.9</ele>
    <time>2026-07-16T02:42:05Z</time>
   </trkpt>
   <trkpt lat="37.4730610" lon="127.0335020">
    <ele>21.9</ele>
    <time>2026-07-16T02:42:06Z</time>
   </trkpt>
   <trkpt lat="37.4730930" lon="127.0335620">
    <ele>21.9</ele>
    <time>2026-07-16T02:42:07Z</time>
   </trkpt>
   <trkpt lat="37.4731250" lon="127.0336200">
    <ele>21.9</ele>
    <time>2026-07-16T02:42:08Z</time>
   </trkpt>
   <trkpt lat="37.4731570" lon="127.0336820">
    <ele>21.9</ele>
    <time>2026-07-16T02:42:09Z</time>
   </trkpt>
   <trkpt lat="37.4731890" lon="127.0337400">
    <ele>21.9</ele>
    <time>2026-07-16T02:42:10Z</time>
   </trkpt>
   <trkpt lat="37.4732180" lon="127.0338020">
    <ele>21.9</ele>
    <time>2026-07-16T02:42:11Z</time>
   </trkpt>
   <trkpt lat="37.4732430" lon="127.0338680">
    <ele>21.9</ele>
    <time>2026-07-16T02:42:12Z</time>
   </trkpt>
   <trkpt lat="37.4732700" lon="127.0339320">
    <ele>21.9</ele>
    <time>2026-07-16T02:42:13Z</time>
   </trkpt>
   <trkpt lat="37.4732930" lon="127.0339980">
    <ele>21.9</ele>
    <time>2026-07-16T02:42:14Z</time>
   </trkpt>
   <trkpt lat="37.4733120" lon="127.0340630">
    <ele>21.8</ele>
    <time>2026-07-16T02:42:15Z</time>
   </trkpt>
   <trkpt lat="37.4733340" lon="127.0341310">
    <ele>21.8</ele>
    <time>2026-07-16T02:42:16Z</time>
   </trkpt>
   <trkpt lat="37.4733560" lon="127.0341980">
    <ele>21.8</ele>
    <time>2026-07-16T02:42:17Z</time>
   </trkpt>
   <trkpt lat="37.4733760" lon="127.0342700">
    <ele>21.8</ele>
    <time>2026-07-16T02:42:18Z</time>
   </trkpt>
   <trkpt lat="37.4733940" lon="127.0343390">
    <ele>21.8</ele>
    <time>2026-07-16T02:42:19Z</time>
   </trkpt>
   <trkpt lat="37.4734110" lon="127.0344070">
    <ele>21.8</ele>
    <time>2026-07-16T02:42:20Z</time>
   </trkpt>
   <trkpt lat="37.4734250" lon="127.0344770">
    <ele>21.8</ele>
    <time>2026-07-16T02:42:21Z</time>
   </trkpt>
   <trkpt lat="37.4734420" lon="127.0345420">
    <ele>21.8</ele>
    <time>2026-07-16T02:42:22Z</time>
   </trkpt>
   <trkpt lat="37.4734600" lon="127.0346120">
    <ele>21.8</ele>
    <time>2026-07-16T02:42:23Z</time>
   </trkpt>
   <trkpt lat="37.4734760" lon="127.0346800">
    <ele>21.8</ele>
    <time>2026-07-16T02:42:24Z</time>
   </trkpt>
   <trkpt lat="37.4734940" lon="127.0347460">
    <ele>21.8</ele>
    <time>2026-07-16T02:42:25Z</time>
   </trkpt>
   <trkpt lat="37.4735080" lon="127.0348110">
    <ele>21.7</ele>
    <time>2026-07-16T02:42:26Z</time>
   </trkpt>
   <trkpt lat="37.4735210" lon="127.0348750">
    <ele>21.7</ele>
    <time>2026-07-16T02:42:27Z</time>
   </trkpt>
   <trkpt lat="37.4735280" lon="127.0349330">
    <ele>21.7</ele>
    <time>2026-07-16T02:42:28Z</time>
   </trkpt>
   <trkpt lat="37.4735340" lon="127.0349950">
    <ele>21.6</ele>
    <time>2026-07-16T02:42:29Z</time>
   </trkpt>
   <trkpt lat="37.4735490" lon="127.0350560">
    <ele>21.6</ele>
    <time>2026-07-16T02:42:30Z</time>
   </trkpt>
   <trkpt lat="37.4735630" lon="127.0351210">
    <ele>21.6</ele>
    <time>2026-07-16T02:42:31Z</time>
   </trkpt>
   <trkpt lat="37.4735730" lon="127.0351910">
    <ele>21.5</ele>
    <time>2026-07-16T02:42:32Z</time>
   </trkpt>
   <trkpt lat="37.4735840" lon="127.0352580">
    <ele>21.5</ele>
    <time>2026-07-16T02:42:33Z</time>
   </trkpt>
   <trkpt lat="37.4735980" lon="127.0353270">
    <ele>21.5</ele>
    <time>2026-07-16T02:42:34Z</time>
   </trkpt>
   <trkpt lat="37.4736100" lon="127.0353950">
    <ele>21.4</ele>
    <time>2026-07-16T02:42:35Z</time>
   </trkpt>
   <trkpt lat="37.4736230" lon="127.0354620">
    <ele>21.4</ele>
    <time>2026-07-16T02:42:36Z</time>
   </trkpt>
   <trkpt lat="37.4736410" lon="127.0355180">
    <ele>21.4</ele>
    <time>2026-07-16T02:42:37Z</time>
   </trkpt>
   <trkpt lat="37.4736550" lon="127.0355740">
    <ele>21.4</ele>
    <time>2026-07-16T02:42:38Z</time>
   </trkpt>
   <trkpt lat="37.4736740" lon="127.0356290">
    <ele>21.4</ele>
    <time>2026-07-16T02:42:39Z</time>
   </trkpt>
   <trkpt lat="37.4736850" lon="127.0356740">
    <ele>21.4</ele>
    <time>2026-07-16T02:42:40Z</time>
   </trkpt>
   <trkpt lat="37.4736890" lon="127.0357230">
    <ele>21.4</ele>
    <time>2026-07-16T02:42:41Z</time>
   </trkpt>
   <trkpt lat="37.4736970" lon="127.0357720">
    <ele>21.4</ele>
    <time>2026-07-16T02:42:42Z</time>
   </trkpt>
   <trkpt lat="37.4737100" lon="127.0358150">
    <ele>21.4</ele>
    <time>2026-07-16T02:42:43Z</time>
   </trkpt>
   <trkpt lat="37.4737230" lon="127.0358550">
    <ele>21.4</ele>
    <time>2026-07-16T02:42:44Z</time>
   </trkpt>
   <trkpt lat="37.4737310" lon="127.0358960">
    <ele>21.5</ele>
    <time>2026-07-16T02:42:45Z</time>
   </trkpt>
   <trkpt lat="37.4737380" lon="127.0359380">
    <ele>21.5</ele>
    <time>2026-07-16T02:42:46Z</time>
   </trkpt>
   <trkpt lat="37.4737530" lon="127.0359760">
    <ele>21.5</ele>
    <time>2026-07-16T02:42:47Z</time>
   </trkpt>
   <trkpt lat="37.4737600" lon="127.0360210">
    <ele>21.5</ele>
    <time>2026-07-16T02:42:48Z</time>
   </trkpt>
   <trkpt lat="37.4737710" lon="127.0360630">
    <ele>21.5</ele>
    <time>2026-07-16T02:42:49Z</time>
   </trkpt>
   <trkpt lat="37.4737950" lon="127.0360990">
    <ele>21.6</ele>
    <time>2026-07-16T02:42:50Z</time>
   </trkpt>
   <trkpt lat="37.4737930" lon="127.0361420">
    <ele>21.6</ele>
    <time>2026-07-16T02:42:51Z</time>
   </trkpt>
   <trkpt lat="37.4737980" lon="127.0361850">
    <ele>21.6</ele>
    <time>2026-07-16T02:42:52Z</time>
   </trkpt>
   <trkpt lat="37.4738060" lon="127.0362190">
    <ele>21.6</ele>
    <time>2026-07-16T02:42:53Z</time>
   </trkpt>
   <trkpt lat="37.4738110" lon="127.0362490">
    <ele>21.7</ele>
    <time>2026-07-16T02:42:54Z</time>
   </trkpt>
   <trkpt lat="37.4738230" lon="127.0362910">
    <ele>21.7</ele>
    <time>2026-07-16T02:42:55Z</time>
   </trkpt>
   <trkpt lat="37.4738310" lon="127.0363120">
    <ele>21.7</ele>
    <time>2026-07-16T02:42:56Z</time>
   </trkpt>
   <trkpt lat="37.4738360" lon="127.0363390">
    <ele>21.7</ele>
    <time>2026-07-16T02:42:57Z</time>
   </trkpt>
   <trkpt lat="37.4738400" lon="127.0363610">
    <ele>21.8</ele>
    <time>2026-07-16T02:42:58Z</time>
   </trkpt>
   <trkpt lat="37.4738430" lon="127.0363790">
    <ele>21.8</ele>
    <time>2026-07-16T02:42:59Z</time>
   </trkpt>
   <trkpt lat="37.4738440" lon="127.0363920">
    <ele>21.8</ele>
    <time>2026-07-16T02:43:00Z</time>
   </trkpt>
   <trkpt lat="37.4738430" lon="127.0364030">
    <ele>21.8</ele>
    <time>2026-07-16T02:43:01Z</time>
   </trkpt>
   <trkpt lat="37.4738430" lon="127.0364090">
    <ele>21.8</ele>
    <time>2026-07-16T02:43:02Z</time>
   </trkpt>
   <trkpt lat="37.4738430" lon="127.0364120">
    <ele>21.8</ele>
    <time>2026-07-16T02:43:03Z</time>
   </trkpt>
   <trkpt lat="37.4738410" lon="127.0364100">
    <ele>21.8</ele>
    <time>2026-07-16T02:43:04Z</time>
   </trkpt>
   <trkpt lat="37.4738410" lon="127.0364140">
    <ele>21.8</ele>
    <time>2026-07-16T02:43:05Z</time>
   </trkpt>
   <trkpt lat="37.4738420" lon="127.0364130">
    <ele>21.8</ele>
    <time>2026-07-16T02:43:06Z</time>
   </trkpt>
   <trkpt lat="37.4738420" lon="127.0364140">
    <ele>21.8</ele>
    <time>2026-07-16T02:43:07Z</time>
   </trkpt>
   <trkpt lat="37.4738410" lon="127.0364160">
    <ele>21.8</ele>
    <time>2026-07-16T02:43:08Z</time>
   </trkpt>
   <trkpt lat="37.4738410" lon="127.0364150">
    <ele>21.8</ele>
    <time>2026-07-16T02:43:09Z</time>
   </trkpt>
   <trkpt lat="37.4738410" lon="127.0364150">
    <ele>21.8</ele>
    <time>2026-07-16T02:43:10Z</time>
   </trkpt>
   <trkpt lat="37.4738420" lon="127.0364150">
    <ele>21.8</ele>
    <time>2026-07-16T02:43:11Z</time>
   </trkpt>
   <trkpt lat="37.4738420" lon="127.0364150">
    <ele>21.8</ele>
    <time>2026-07-16T02:43:12Z</time>
   </trkpt>
   <trkpt lat="37.4738430" lon="127.0364160">
    <ele>21.8</ele>
    <time>2026-07-16T02:43:13Z</time>
   </trkpt>
   <trkpt lat="37.4738400" lon="127.0364200">
    <ele>21.8</ele>
    <time>2026-07-16T02:43:14Z</time>
   </trkpt>
   <trkpt lat="37.4738370" lon="127.0364190">
    <ele>21.8</ele>
    <time>2026-07-16T02:43:15Z</time>
   </trkpt>
   <trkpt lat="37.4738410" lon="127.0364140">
    <ele>21.8</ele>
    <time>2026-07-16T02:43:16Z</time>
   </trkpt>
   <trkpt lat="37.4738410" lon="127.0364120">
    <ele>21.8</ele>
    <time>2026-07-16T02:43:17Z</time>
   </trkpt>
   <trkpt lat="37.4738410" lon="127.0364110">
    <ele>21.8</ele>
    <time>2026-07-16T02:43:18Z</time>
   </trkpt>
   <trkpt lat="37.4738420" lon="127.0364110">
    <ele>21.8</ele>
    <time>2026-07-16T02:43:19Z</time>
   </trkpt>
   <trkpt lat="37.4738420" lon="127.0364100">
    <ele>21.8</ele>
    <time>2026-07-16T02:43:20Z</time>
   </trkpt>
   <trkpt lat="37.4738430" lon="127.0364100">
    <ele>21.8</ele>
    <time>2026-07-16T02:43:21Z</time>
   </trkpt>
   <trkpt lat="37.4738440" lon="127.0364100">
    <ele>21.8</ele>
    <time>2026-07-16T02:43:22Z</time>
   </trkpt>
   <trkpt lat="37.4738450" lon="127.0364070">
    <ele>21.8</ele>
    <time>2026-07-16T02:43:23Z</time>
   </trkpt>
   <trkpt lat="37.4738440" lon="127.0364060">
    <ele>21.8</ele>
    <time>2026-07-16T02:43:24Z</time>
   </trkpt>
   <trkpt lat="37.4738470" lon="127.0364050">
    <ele>21.8</ele>
    <time>2026-07-16T02:43:25Z</time>
   </trkpt>
   <trkpt lat="37.4738460" lon="127.0364030">
    <ele>21.8</ele>
    <time>2026-07-16T02:43:26Z</time>
   </trkpt>
   <trkpt lat="37.4738470" lon="127.0364050">
    <ele>21.8</ele>
    <time>2026-07-16T02:43:27Z</time>
   </trkpt>
   <trkpt lat="37.4738470" lon="127.0364040">
    <ele>21.8</ele>
    <time>2026-07-16T02:43:28Z</time>
   </trkpt>
   <trkpt lat="37.4738460" lon="127.0364040">
    <ele>21.8</ele>
    <time>2026-07-16T02:43:29Z</time>
   </trkpt>
   <trkpt lat="37.4738440" lon="127.0364030">
    <ele>21.8</ele>
    <time>2026-07-16T02:43:30Z</time>
   </trkpt>
   <trkpt lat="37.4738430" lon="127.0364030">
    <ele>21.8</ele>
    <time>2026-07-16T02:43:31Z</time>
   </trkpt>
   <trkpt lat="37.4738490" lon="127.0364040">
    <ele>21.8</ele>
    <time>2026-07-16T02:43:32Z</time>
   </trkpt>
   <trkpt lat="37.4738430" lon="127.0364040">
    <ele>21.8</ele>
    <time>2026-07-16T02:43:33Z</time>
   </trkpt>
   <trkpt lat="37.4738440" lon="127.0364040">
    <ele>21.8</ele>
    <time>2026-07-16T02:43:34Z</time>
   </trkpt>
   <trkpt lat="37.4738420" lon="127.0364060">
    <ele>21.8</ele>
    <time>2026-07-16T02:43:35Z</time>
   </trkpt>
   <trkpt lat="37.4738400" lon="127.0363970">
    <ele>21.8</ele>
    <time>2026-07-16T02:43:36Z</time>
   </trkpt>
   <trkpt lat="37.4738330" lon="127.0364010">
    <ele>21.9</ele>
    <time>2026-07-16T02:43:37Z</time>
   </trkpt>
   <trkpt lat="37.4738380" lon="127.0364060">
    <ele>21.9</ele>
    <time>2026-07-16T02:43:38Z</time>
   </trkpt>
   <trkpt lat="37.4738350" lon="127.0364090">
    <ele>21.9</ele>
    <time>2026-07-16T02:43:39Z</time>
   </trkpt>
   <trkpt lat="37.4738320" lon="127.0364120">
    <ele>21.9</ele>
    <time>2026-07-16T02:43:40Z</time>
   </trkpt>
   <trkpt lat="37.4738270" lon="127.0364090">
    <ele>21.9</ele>
    <time>2026-07-16T02:43:41Z</time>
   </trkpt>
   <trkpt lat="37.4738260" lon="127.0364080">
    <ele>21.9</ele>
    <time>2026-07-16T02:43:42Z</time>
   </trkpt>
   <trkpt lat="37.4738260" lon="127.0364100">
    <ele>21.9</ele>
    <time>2026-07-16T02:43:43Z</time>
   </trkpt>
   <trkpt lat="37.4738270" lon="127.0364100">
    <ele>21.9</ele>
    <time>2026-07-16T02:43:44Z</time>
   </trkpt>
   <trkpt lat="37.4738240" lon="127.0364090">
    <ele>21.9</ele>
    <time>2026-07-16T02:43:45Z</time>
   </trkpt>
   <trkpt lat="37.4738180" lon="127.0364050">
    <ele>21.9</ele>
    <time>2026-07-16T02:43:46Z</time>
   </trkpt>
   <trkpt lat="37.4738130" lon="127.0364050">
    <ele>21.9</ele>
    <time>2026-07-16T02:43:47Z</time>
   </trkpt>
   <trkpt lat="37.4738080" lon="127.0363990">
    <ele>21.9</ele>
    <time>2026-07-16T02:43:48Z</time>
   </trkpt>
   <trkpt lat="37.4738000" lon="127.0363950">
    <ele>21.9</ele>
    <time>2026-07-16T02:43:49Z</time>
   </trkpt>
   <trkpt lat="37.4737950" lon="127.0363920">
    <ele>21.9</ele>
    <time>2026-07-16T02:43:50Z</time>
   </trkpt>
   <trkpt lat="37.4737950" lon="127.0363900">
    <ele>21.9</ele>
    <time>2026-07-16T02:43:51Z</time>
   </trkpt>
   <trkpt lat="37.4737960" lon="127.0363890">
    <ele>21.9</ele>
    <time>2026-07-16T02:43:52Z</time>
   </trkpt>
   <trkpt lat="37.4737960" lon="127.0363890">
    <ele>21.9</ele>
    <time>2026-07-16T02:43:53Z</time>
   </trkpt>
   <trkpt lat="37.4737960" lon="127.0363870">
    <ele>21.9</ele>
    <time>2026-07-16T02:43:54Z</time>
   </trkpt>
   <trkpt lat="37.4737960" lon="127.0363870">
    <ele>21.9</ele>
    <time>2026-07-16T02:43:55Z</time>
   </trkpt>
   <trkpt lat="37.4737970" lon="127.0363860">
    <ele>21.9</ele>
    <time>2026-07-16T02:43:56Z</time>
   </trkpt>
   <trkpt lat="37.4737970" lon="127.0363860">
    <ele>21.9</ele>
    <time>2026-07-16T02:43:57Z</time>
   </trkpt>
   <trkpt lat="37.4737970" lon="127.0363840">
    <ele>21.9</ele>
    <time>2026-07-16T02:43:58Z</time>
   </trkpt>
   <trkpt lat="37.4737960" lon="127.0363850">
    <ele>21.9</ele>
    <time>2026-07-16T02:43:59Z</time>
   </trkpt>
   <trkpt lat="37.4737960" lon="127.0363870">
    <ele>21.9</ele>
    <time>2026-07-16T02:44:00Z</time>
   </trkpt>
   <trkpt lat="37.4737950" lon="127.0363870">
    <ele>21.9</ele>
    <time>2026-07-16T02:44:01Z</time>
   </trkpt>
   <trkpt lat="37.4737940" lon="127.0363870">
    <ele>21.9</ele>
    <time>2026-07-16T02:44:02Z</time>
   </trkpt>
   <trkpt lat="37.4737930" lon="127.0363870">
    <ele>21.9</ele>
    <time>2026-07-16T02:44:03Z</time>
   </trkpt>
   <trkpt lat="37.4737930" lon="127.0363880">
    <ele>21.9</ele>
    <time>2026-07-16T02:44:04Z</time>
   </trkpt>
   <trkpt lat="37.4737920" lon="127.0363890">
    <ele>21.9</ele>
    <time>2026-07-16T02:44:05Z</time>
   </trkpt>
   <trkpt lat="37.4737910" lon="127.0363880">
    <ele>21.9</ele>
    <time>2026-07-16T02:44:06Z</time>
   </trkpt>
   <trkpt lat="37.4737880" lon="127.0363870">
    <ele>21.9</ele>
    <time>2026-07-16T02:44:07Z</time>
   </trkpt>
   <trkpt lat="37.4737860" lon="127.0363860">
    <ele>21.9</ele>
    <time>2026-07-16T02:44:08Z</time>
   </trkpt>
   <trkpt lat="37.4737860" lon="127.0363860">
    <ele>21.9</ele>
    <time>2026-07-16T02:44:09Z</time>
   </trkpt>
   <trkpt lat="37.4737860" lon="127.0363860">
    <ele>21.9</ele>
    <time>2026-07-16T02:44:10Z</time>
   </trkpt>
   <trkpt lat="37.4737850" lon="127.0363850">
    <ele>21.9</ele>
    <time>2026-07-16T02:44:11Z</time>
   </trkpt>
   <trkpt lat="37.4737850" lon="127.0363860">
    <ele>21.9</ele>
    <time>2026-07-16T02:44:12Z</time>
   </trkpt>
   <trkpt lat="37.4737850" lon="127.0363860">
    <ele>21.9</ele>
    <time>2026-07-16T02:44:13Z</time>
   </trkpt>
   <trkpt lat="37.4737760" lon="127.0364200">
    <ele>21.9</ele>
    <time>2026-07-16T02:44:14Z</time>
   </trkpt>
   <trkpt lat="37.4737750" lon="127.0364190">
    <ele>21.9</ele>
    <time>2026-07-16T02:44:15Z</time>
   </trkpt>
   <trkpt lat="37.4737740" lon="127.0364190">
    <ele>21.9</ele>
    <time>2026-07-16T02:44:16Z</time>
   </trkpt>
   <trkpt lat="37.4737740" lon="127.0364190">
    <ele>21.9</ele>
    <time>2026-07-16T02:44:17Z</time>
   </trkpt>
   <trkpt lat="37.4737750" lon="127.0364190">
    <ele>21.9</ele>
    <time>2026-07-16T02:44:18Z</time>
   </trkpt>
   <trkpt lat="37.4737750" lon="127.0364180">
    <ele>21.9</ele>
    <time>2026-07-16T02:44:19Z</time>
   </trkpt>
   <trkpt lat="37.4737740" lon="127.0364180">
    <ele>21.9</ele>
    <time>2026-07-16T02:44:20Z</time>
   </trkpt>
   <trkpt lat="37.4737740" lon="127.0364170">
    <ele>21.9</ele>
    <time>2026-07-16T02:44:21Z</time>
   </trkpt>
   <trkpt lat="37.4737740" lon="127.0364170">
    <ele>21.9</ele>
    <time>2026-07-16T02:44:22Z</time>
   </trkpt>
   <trkpt lat="37.4737750" lon="127.0364170">
    <ele>21.9</ele>
    <time>2026-07-16T02:44:23Z</time>
   </trkpt>
   <trkpt lat="37.4737740" lon="127.0364170">
    <ele>21.9</ele>
    <time>2026-07-16T02:44:24Z</time>
   </trkpt>
   <trkpt lat="37.4737740" lon="127.0364160">
    <ele>21.9</ele>
    <time>2026-07-16T02:44:25Z</time>
   </trkpt>
   <trkpt lat="37.4737760" lon="127.0364160">
    <ele>21.9</ele>
    <time>2026-07-16T02:44:26Z</time>
   </trkpt>
   <trkpt lat="37.4737760" lon="127.0364160">
    <ele>21.9</ele>
    <time>2026-07-16T02:44:27Z</time>
   </trkpt>
   <trkpt lat="37.4737760" lon="127.0364140">
    <ele>21.9</ele>
    <time>2026-07-16T02:44:28Z</time>
   </trkpt>
   <trkpt lat="37.4737780" lon="127.0364120">
    <ele>21.9</ele>
    <time>2026-07-16T02:44:29Z</time>
   </trkpt>
   <trkpt lat="37.4737790" lon="127.0364090">
    <ele>21.9</ele>
    <time>2026-07-16T02:44:30Z</time>
   </trkpt>
   <trkpt lat="37.4737770" lon="127.0364070">
    <ele>21.9</ele>
    <time>2026-07-16T02:44:31Z</time>
   </trkpt>
   <trkpt lat="37.4737660" lon="127.0363980">
    <ele>22.0</ele>
    <time>2026-07-16T02:44:32Z</time>
   </trkpt>
   <trkpt lat="37.4737580" lon="127.0363820">
    <ele>22.0</ele>
    <time>2026-07-16T02:44:33Z</time>
   </trkpt>
   <trkpt lat="37.4737340" lon="127.0363880">
    <ele>22.0</ele>
    <time>2026-07-16T02:44:34Z</time>
   </trkpt>
   <trkpt lat="37.4737110" lon="127.0363810">
    <ele>22.0</ele>
    <time>2026-07-16T02:44:35Z</time>
   </trkpt>
   <trkpt lat="37.4736850" lon="127.0363750">
    <ele>22.0</ele>
    <time>2026-07-16T02:44:36Z</time>
   </trkpt>
   <trkpt lat="37.4736590" lon="127.0363880">
    <ele>22.0</ele>
    <time>2026-07-16T02:44:37Z</time>
   </trkpt>
   <trkpt lat="37.4736330" lon="127.0364100">
    <ele>22.0</ele>
    <time>2026-07-16T02:44:38Z</time>
   </trkpt>
   <trkpt lat="37.4736030" lon="127.0364180">
    <ele>22.0</ele>
    <time>2026-07-16T02:44:39Z</time>
   </trkpt>
   <trkpt lat="37.4735720" lon="127.0364310">
    <ele>22.0</ele>
    <time>2026-07-16T02:44:40Z</time>
   </trkpt>
   <trkpt lat="37.4735450" lon="127.0364470">
    <ele>22.1</ele>
    <time>2026-07-16T02:44:41Z</time>
   </trkpt>
   <trkpt lat="37.4735340" lon="127.0364770">
    <ele>22.1</ele>
    <time>2026-07-16T02:44:42Z</time>
   </trkpt>
   <trkpt lat="37.4735470" lon="127.0365190">
    <ele>22.1</ele>
    <time>2026-07-16T02:44:43Z</time>
   </trkpt>
   <trkpt lat="37.4735560" lon="127.0365750">
    <ele>22.0</ele>
    <time>2026-07-16T02:44:44Z</time>
   </trkpt>
   <trkpt lat="37.4735550" lon="127.0366300">
    <ele>22.0</ele>
    <time>2026-07-16T02:44:45Z</time>
   </trkpt>
   <trkpt lat="37.4735580" lon="127.0366960">
    <ele>21.9</ele>
    <time>2026-07-16T02:44:46Z</time>
   </trkpt>
   <trkpt lat="37.4735680" lon="127.0367610">
    <ele>21.8</ele>
    <time>2026-07-16T02:44:47Z</time>
   </trkpt>
   <trkpt lat="37.4735800" lon="127.0368210">
    <ele>21.8</ele>
    <time>2026-07-16T02:44:48Z</time>
   </trkpt>
   <trkpt lat="37.4735910" lon="127.0368770">
    <ele>21.8</ele>
    <time>2026-07-16T02:44:49Z</time>
   </trkpt>
   <trkpt lat="37.4736040" lon="127.0369260">
    <ele>21.8</ele>
    <time>2026-07-16T02:44:50Z</time>
   </trkpt>
   <trkpt lat="37.4736060" lon="127.0369820">
    <ele>21.8</ele>
    <time>2026-07-16T02:44:51Z</time>
   </trkpt>
   <trkpt lat="37.4736010" lon="127.0370350">
    <ele>21.8</ele>
    <time>2026-07-16T02:44:52Z</time>
   </trkpt>
   <trkpt lat="37.4735890" lon="127.0370800">
    <ele>21.8</ele>
    <time>2026-07-16T02:44:53Z</time>
   </trkpt>
   <trkpt lat="37.4735760" lon="127.0371180">
    <ele>21.8</ele>
    <time>2026-07-16T02:44:54Z</time>
   </trkpt>
   <trkpt lat="37.4735830" lon="127.0371640">
    <ele>21.9</ele>
    <time>2026-07-16T02:44:55Z</time>
   </trkpt>
   <trkpt lat="37.4735860" lon="127.0372200">
    <ele>21.9</ele>
    <time>2026-07-16T02:44:56Z</time>
   </trkpt>
   <trkpt lat="37.4735850" lon="127.0372850">
    <ele>21.9</ele>
    <time>2026-07-16T02:44:57Z</time>
   </trkpt>
   <trkpt lat="37.4735860" lon="127.0373450">
    <ele>21.9</ele>
    <time>2026-07-16T02:44:58Z</time>
   </trkpt>
   <trkpt lat="37.4735790" lon="127.0373960">
    <ele>21.9</ele>
    <time>2026-07-16T02:44:59Z</time>
   </trkpt>
   <trkpt lat="37.4735530" lon="127.0374380">
    <ele>22.0</ele>
    <time>2026-07-16T02:45:00Z</time>
   </trkpt>
   <trkpt lat="37.4735100" lon="127.0374620">
    <ele>22.0</ele>
    <time>2026-07-16T02:45:01Z</time>
   </trkpt>
   <trkpt lat="37.4734720" lon="127.0374800">
    <ele>22.0</ele>
    <time>2026-07-16T02:45:02Z</time>
   </trkpt>
   <trkpt lat="37.4734470" lon="127.0375000">
    <ele>22.0</ele>
    <time>2026-07-16T02:45:03Z</time>
   </trkpt>
   <trkpt lat="37.4734090" lon="127.0375230">
    <ele>22.0</ele>
    <time>2026-07-16T02:45:04Z</time>
   </trkpt>
   <trkpt lat="37.4733790" lon="127.0375460">
    <ele>22.0</ele>
    <time>2026-07-16T02:45:05Z</time>
   </trkpt>
   <trkpt lat="37.4733700" lon="127.0375810">
    <ele>22.0</ele>
    <time>2026-07-16T02:45:06Z</time>
   </trkpt>
   <trkpt lat="37.4733570" lon="127.0376250">
    <ele>22.0</ele>
    <time>2026-07-16T02:45:07Z</time>
   </trkpt>
   <trkpt lat="37.4733460" lon="127.0376810">
    <ele>22.0</ele>
    <time>2026-07-16T02:45:08Z</time>
   </trkpt>
   <trkpt lat="37.4733390" lon="127.0377370">
    <ele>22.0</ele>
    <time>2026-07-16T02:45:09Z</time>
   </trkpt>
   <trkpt lat="37.4733270" lon="127.0377770">
    <ele>22.0</ele>
    <time>2026-07-16T02:45:10Z</time>
   </trkpt>
   <trkpt lat="37.4733180" lon="127.0377940">
    <ele>22.0</ele>
    <time>2026-07-16T02:45:11Z</time>
   </trkpt>
   <trkpt lat="37.4732990" lon="127.0377990">
    <ele>22.0</ele>
    <time>2026-07-16T02:45:12Z</time>
   </trkpt>
   <trkpt lat="37.4732800" lon="127.0377940">
    <ele>22.1</ele>
    <time>2026-07-16T02:45:13Z</time>
   </trkpt>
   <trkpt lat="37.4732640" lon="127.0377870">
    <ele>22.1</ele>
    <time>2026-07-16T02:45:14Z</time>
   </trkpt>
   <trkpt lat="37.4732390" lon="127.0377920">
    <ele>22.2</ele>
    <time>2026-07-16T02:45:15Z</time>
   </trkpt>
   <trkpt lat="37.4732360" lon="127.0377930">
    <ele>22.2</ele>
    <time>2026-07-16T02:45:16Z</time>
   </trkpt>
   <trkpt lat="37.4732400" lon="127.0377950">
    <ele>22.2</ele>
    <time>2026-07-16T02:45:17Z</time>
   </trkpt>
   <trkpt lat="37.4732390" lon="127.0377970">
    <ele>22.2</ele>
    <time>2026-07-16T02:45:18Z</time>
   </trkpt>
   <trkpt lat="37.4732400" lon="127.0377910">
    <ele>22.2</ele>
    <time>2026-07-16T02:45:19Z</time>
   </trkpt>
   <trkpt lat="37.4732390" lon="127.0377860">
    <ele>22.2</ele>
    <time>2026-07-16T02:45:20Z</time>
   </trkpt>
   <trkpt lat="37.4732390" lon="127.0377860">
    <ele>22.2</ele>
    <time>2026-07-16T02:45:21Z</time>
   </trkpt>
   <trkpt lat="37.4732380" lon="127.0377880">
    <ele>22.2</ele>
    <time>2026-07-16T02:45:22Z</time>
   </trkpt>
   <trkpt lat="37.4732340" lon="127.0378010">
    <ele>22.3</ele>
    <time>2026-07-16T02:45:23Z</time>
   </trkpt>
   <trkpt lat="37.4732320" lon="127.0377930">
    <ele>22.3</ele>
    <time>2026-07-16T02:45:24Z</time>
   </trkpt>
   <trkpt lat="37.4732330" lon="127.0378000">
    <ele>22.3</ele>
    <time>2026-07-16T02:45:25Z</time>
   </trkpt>
   <trkpt lat="37.4732290" lon="127.0378070">
    <ele>22.3</ele>
    <time>2026-07-16T02:45:26Z</time>
   </trkpt>
   <trkpt lat="37.4732240" lon="127.0378120">
    <ele>22.3</ele>
    <time>2026-07-16T02:45:27Z</time>
   </trkpt>
   <trkpt lat="37.4732100" lon="127.0378100">
    <ele>22.4</ele>
    <time>2026-07-16T02:45:28Z</time>
   </trkpt>
   <trkpt lat="37.4731830" lon="127.0378200">
    <ele>22.4</ele>
    <time>2026-07-16T02:45:29Z</time>
   </trkpt>
   <trkpt lat="37.4731890" lon="127.0378340">
    <ele>22.4</ele>
    <time>2026-07-16T02:45:30Z</time>
   </trkpt>
   <trkpt lat="37.4731760" lon="127.0378370">
    <ele>22.5</ele>
    <time>2026-07-16T02:45:31Z</time>
   </trkpt>
   <trkpt lat="37.4731610" lon="127.0378450">
    <ele>22.5</ele>
    <time>2026-07-16T02:45:32Z</time>
   </trkpt>
   <trkpt lat="37.4731590" lon="127.0378430">
    <ele>22.5</ele>
    <time>2026-07-16T02:45:33Z</time>
   </trkpt>
   <trkpt lat="37.4731610" lon="127.0378380">
    <ele>22.5</ele>
    <time>2026-07-16T02:45:34Z</time>
   </trkpt>
   <trkpt lat="37.4731540" lon="127.0378370">
    <ele>22.5</ele>
    <time>2026-07-16T02:45:35Z</time>
   </trkpt>
   <trkpt lat="37.4731380" lon="127.0378450">
    <ele>22.6</ele>
    <time>2026-07-16T02:45:36Z</time>
   </trkpt>
   <trkpt lat="37.4731310" lon="127.0378490">
    <ele>22.6</ele>
    <time>2026-07-16T02:45:37Z</time>
   </trkpt>
   <trkpt lat="37.4731220" lon="127.0378440">
    <ele>22.6</ele>
    <time>2026-07-16T02:45:38Z</time>
   </trkpt>
   <trkpt lat="37.4731100" lon="127.0378470">
    <ele>22.6</ele>
    <time>2026-07-16T02:45:39Z</time>
   </trkpt>
   <trkpt lat="37.4731000" lon="127.0378470">
    <ele>22.6</ele>
    <time>2026-07-16T02:45:40Z</time>
   </trkpt>
   <trkpt lat="37.4730950" lon="127.0378370">
    <ele>22.6</ele>
    <time>2026-07-16T02:45:41Z</time>
   </trkpt>
   <trkpt lat="37.4730760" lon="127.0378160">
    <ele>22.7</ele>
    <time>2026-07-16T02:45:42Z</time>
   </trkpt>
   <trkpt lat="37.4730500" lon="127.0378050">
    <ele>22.7</ele>
    <time>2026-07-16T02:45:43Z</time>
   </trkpt>
   <trkpt lat="37.4730250" lon="127.0377990">
    <ele>22.8</ele>
    <time>2026-07-16T02:45:44Z</time>
   </trkpt>
   <trkpt lat="37.4730070" lon="127.0378000">
    <ele>22.8</ele>
    <time>2026-07-16T02:45:45Z</time>
   </trkpt>
   <trkpt lat="37.4729980" lon="127.0377970">
    <ele>22.8</ele>
    <time>2026-07-16T02:45:46Z</time>
   </trkpt>
   <trkpt lat="37.4730080" lon="127.0377950">
    <ele>22.9</ele>
    <time>2026-07-16T02:45:47Z</time>
   </trkpt>
   <trkpt lat="37.4730180" lon="127.0377910">
    <ele>22.9</ele>
    <time>2026-07-16T02:45:48Z</time>
   </trkpt>
   <trkpt lat="37.4730180" lon="127.0377910">
    <ele>22.9</ele>
    <time>2026-07-16T02:45:49Z</time>
   </trkpt>
   <trkpt lat="37.4730180" lon="127.0377910">
    <ele>22.9</ele>
    <time>2026-07-16T02:45:50Z</time>
   </trkpt>
   <trkpt lat="37.4730250" lon="127.0377880">
    <ele>22.9</ele>
    <time>2026-07-16T02:45:51Z</time>
   </trkpt>
   <trkpt lat="37.4730270" lon="127.0377880">
    <ele>22.9</ele>
    <time>2026-07-16T02:45:52Z</time>
   </trkpt>
   <trkpt lat="37.4730270" lon="127.0377880">
    <ele>22.9</ele>
    <time>2026-07-16T02:45:53Z</time>
   </trkpt>
   <trkpt lat="37.4730280" lon="127.0377890">
    <ele>22.9</ele>
    <time>2026-07-16T02:45:54Z</time>
   </trkpt>
   <trkpt lat="37.4730220" lon="127.0377890">
    <ele>22.9</ele>
    <time>2026-07-16T02:45:55Z</time>
   </trkpt>
   <trkpt lat="37.4730270" lon="127.0377890">
    <ele>22.9</ele>
    <time>2026-07-16T02:45:56Z</time>
   </trkpt>
   <trkpt lat="37.4730280" lon="127.0377920">
    <ele>22.9</ele>
    <time>2026-07-16T02:45:57Z</time>
   </trkpt>
   <trkpt lat="37.4730280" lon="127.0377920">
    <ele>22.9</ele>
    <time>2026-07-16T02:45:58Z</time>
   </trkpt>
   <trkpt lat="37.4730280" lon="127.0377910">
    <ele>22.9</ele>
    <time>2026-07-16T02:45:59Z</time>
   </trkpt>
   <trkpt lat="37.4730280" lon="127.0377910">
    <ele>22.9</ele>
    <time>2026-07-16T02:46:00Z</time>
   </trkpt>
   <trkpt lat="37.4730280" lon="127.0377910">
    <ele>22.9</ele>
    <time>2026-07-16T02:46:01Z</time>
   </trkpt>
   <trkpt lat="37.4730280" lon="127.0377910">
    <ele>22.9</ele>
    <time>2026-07-16T02:46:02Z</time>
   </trkpt>
   <trkpt lat="37.4730280" lon="127.0377910">
    <ele>22.9</ele>
    <time>2026-07-16T02:46:03Z</time>
   </trkpt>
   <trkpt lat="37.4730290" lon="127.0377890">
    <ele>22.9</ele>
    <time>2026-07-16T02:46:04Z</time>
   </trkpt>
   <trkpt lat="37.4730290" lon="127.0377890">
    <ele>22.9</ele>
    <time>2026-07-16T02:46:05Z</time>
   </trkpt>
   <trkpt lat="37.4730280" lon="127.0377870">
    <ele>22.9</ele>
    <time>2026-07-16T02:46:06Z</time>
   </trkpt>
   <trkpt lat="37.4730240" lon="127.0377860">
    <ele>22.9</ele>
    <time>2026-07-16T02:46:07Z</time>
   </trkpt>
   <trkpt lat="37.4730120" lon="127.0377840">
    <ele>23.0</ele>
    <time>2026-07-16T02:46:08Z</time>
   </trkpt>
   <trkpt lat="37.4730000" lon="127.0377840">
    <ele>23.0</ele>
    <time>2026-07-16T02:46:09Z</time>
   </trkpt>
   <trkpt lat="37.4729850" lon="127.0377880">
    <ele>23.0</ele>
    <time>2026-07-16T02:46:10Z</time>
   </trkpt>
   <trkpt lat="37.4729700" lon="127.0377950">
    <ele>23.1</ele>
    <time>2026-07-16T02:46:11Z</time>
   </trkpt>
   <trkpt lat="37.4729490" lon="127.0377970">
    <ele>23.1</ele>
    <time>2026-07-16T02:46:12Z</time>
   </trkpt>
   <trkpt lat="37.4729290" lon="127.0378020">
    <ele>23.2</ele>
    <time>2026-07-16T02:46:13Z</time>
   </trkpt>
   <trkpt lat="37.4729040" lon="127.0378060">
    <ele>23.2</ele>
    <time>2026-07-16T02:46:14Z</time>
   </trkpt>
   <trkpt lat="37.4728820" lon="127.0378060">
    <ele>23.3</ele>
    <time>2026-07-16T02:46:15Z</time>
   </trkpt>
   <trkpt lat="37.4728590" lon="127.0378020">
    <ele>23.3</ele>
    <time>2026-07-16T02:46:16Z</time>
   </trkpt>
   <trkpt lat="37.4728370" lon="127.0377920">
    <ele>23.4</ele>
    <time>2026-07-16T02:46:17Z</time>
   </trkpt>
   <trkpt lat="37.4728110" lon="127.0377860">
    <ele>23.4</ele>
    <time>2026-07-16T02:46:18Z</time>
   </trkpt>
   <trkpt lat="37.4727860" lon="127.0377960">
    <ele>23.5</ele>
    <time>2026-07-16T02:46:19Z</time>
   </trkpt>
   <trkpt lat="37.4727590" lon="127.0377940">
    <ele>23.6</ele>
    <time>2026-07-16T02:46:20Z</time>
   </trkpt>
   <trkpt lat="37.4727310" lon="127.0377950">
    <ele>23.6</ele>
    <time>2026-07-16T02:46:21Z</time>
   </trkpt>
   <trkpt lat="37.4727040" lon="127.0378010">
    <ele>23.7</ele>
    <time>2026-07-16T02:46:22Z</time>
   </trkpt>
   <trkpt lat="37.4726840" lon="127.0378060">
    <ele>23.8</ele>
    <time>2026-07-16T02:46:23Z</time>
   </trkpt>
   <trkpt lat="37.4726650" lon="127.0378100">
    <ele>23.8</ele>
    <time>2026-07-16T02:46:24Z</time>
   </trkpt>
   <trkpt lat="37.4726390" lon="127.0378200">
    <ele>23.9</ele>
    <time>2026-07-16T02:46:25Z</time>
   </trkpt>
   <trkpt lat="37.4726130" lon="127.0378330">
    <ele>24.0</ele>
    <time>2026-07-16T02:46:26Z</time>
   </trkpt>
   <trkpt lat="37.4725810" lon="127.0378330">
    <ele>24.1</ele>
    <time>2026-07-16T02:46:27Z</time>
   </trkpt>
   <trkpt lat="37.4725400" lon="127.0378260">
    <ele>24.2</ele>
    <time>2026-07-16T02:46:28Z</time>
   </trkpt>
   <trkpt lat="37.4724880" lon="127.0378310">
    <ele>24.3</ele>
    <time>2026-07-16T02:46:29Z</time>
   </trkpt>
   <trkpt lat="37.4724530" lon="127.0378470">
    <ele>24.4</ele>
    <time>2026-07-16T02:46:30Z</time>
   </trkpt>
   <trkpt lat="37.4724020" lon="127.0378540">
    <ele>24.6</ele>
    <time>2026-07-16T02:46:31Z</time>
   </trkpt>
   <trkpt lat="37.4723520" lon="127.0378560">
    <ele>24.7</ele>
    <time>2026-07-16T02:46:32Z</time>
   </trkpt>
   <trkpt lat="37.4722970" lon="127.0378620">
    <ele>24.8</ele>
    <time>2026-07-16T02:46:33Z</time>
   </trkpt>
   <trkpt lat="37.4722450" lon="127.0378730">
    <ele>24.9</ele>
    <time>2026-07-16T02:46:34Z</time>
   </trkpt>
   <trkpt lat="37.4721890" lon="127.0378820">
    <ele>24.9</ele>
    <time>2026-07-16T02:46:35Z</time>
   </trkpt>
   <trkpt lat="37.4721350" lon="127.0378830">
    <ele>25.0</ele>
    <time>2026-07-16T02:46:36Z</time>
   </trkpt>
   <trkpt lat="37.4720780" lon="127.0378890">
    <ele>25.0</ele>
    <time>2026-07-16T02:46:37Z</time>
   </trkpt>
   <trkpt lat="37.4720240" lon="127.0379010">
    <ele>25.1</ele>
    <time>2026-07-16T02:46:38Z</time>
   </trkpt>
   <trkpt lat="37.4719670" lon="127.0379080">
    <ele>25.1</ele>
    <time>2026-07-16T02:46:39Z</time>
   </trkpt>
   <trkpt lat="37.4719150" lon="127.0379170">
    <ele>25.1</ele>
    <time>2026-07-16T02:46:40Z</time>
   </trkpt>
   <trkpt lat="37.4718640" lon="127.0379240">
    <ele>25.2</ele>
    <time>2026-07-16T02:46:41Z</time>
   </trkpt>
   <trkpt lat="37.4718120" lon="127.0379310">
    <ele>25.2</ele>
    <time>2026-07-16T02:46:42Z</time>
   </trkpt>
   <trkpt lat="37.4717540" lon="127.0379380">
    <ele>25.2</ele>
    <time>2026-07-16T02:46:43Z</time>
   </trkpt>
   <trkpt lat="37.4716960" lon="127.0379450">
    <ele>25.3</ele>
    <time>2026-07-16T02:46:44Z</time>
   </trkpt>
   <trkpt lat="37.4716380" lon="127.0379530">
    <ele>25.3</ele>
    <time>2026-07-16T02:46:45Z</time>
   </trkpt>
   <trkpt lat="37.4715830" lon="127.0379660">
    <ele>25.3</ele>
    <time>2026-07-16T02:46:46Z</time>
   </trkpt>
   <trkpt lat="37.4715370" lon="127.0379890">
    <ele>25.3</ele>
    <time>2026-07-16T02:46:47Z</time>
   </trkpt>
   <trkpt lat="37.4714880" lon="127.0379980">
    <ele>25.3</ele>
    <time>2026-07-16T02:46:48Z</time>
   </trkpt>
   <trkpt lat="37.4714320" lon="127.0380040">
    <ele>25.3</ele>
    <time>2026-07-16T02:46:49Z</time>
   </trkpt>
   <trkpt lat="37.4713810" lon="127.0380090">
    <ele>25.4</ele>
    <time>2026-07-16T02:46:50Z</time>
   </trkpt>
   <trkpt lat="37.4713240" lon="127.0380160">
    <ele>25.4</ele>
    <time>2026-07-16T02:46:51Z</time>
   </trkpt>
   <trkpt lat="37.4712730" lon="127.0380270">
    <ele>25.4</ele>
    <time>2026-07-16T02:46:52Z</time>
   </trkpt>
   <trkpt lat="37.4712190" lon="127.0380350">
    <ele>25.5</ele>
    <time>2026-07-16T02:46:53Z</time>
   </trkpt>
   <trkpt lat="37.4711620" lon="127.0380430">
    <ele>25.5</ele>
    <time>2026-07-16T02:46:54Z</time>
   </trkpt>
   <trkpt lat="37.4711030" lon="127.0380450">
    <ele>25.6</ele>
    <time>2026-07-16T02:46:55Z</time>
   </trkpt>
   <trkpt lat="37.4710480" lon="127.0380600">
    <ele>25.6</ele>
    <time>2026-07-16T02:46:56Z</time>
   </trkpt>
   <trkpt lat="37.4709990" lon="127.0380750">
    <ele>25.7</ele>
    <time>2026-07-16T02:46:57Z</time>
   </trkpt>
   <trkpt lat="37.4709520" lon="127.0380830">
    <ele>25.7</ele>
    <time>2026-07-16T02:46:58Z</time>
   </trkpt>
   <trkpt lat="37.4709160" lon="127.0380860">
    <ele>25.7</ele>
    <time>2026-07-16T02:46:59Z</time>
   </trkpt>
   <trkpt lat="37.4709220" lon="127.0380760">
    <ele>25.8</ele>
    <time>2026-07-16T02:47:00Z</time>
   </trkpt>
   <trkpt lat="37.4709340" lon="127.0380760">
    <ele>25.8</ele>
    <time>2026-07-16T02:47:01Z</time>
   </trkpt>
   <trkpt lat="37.4709350" lon="127.0380770">
    <ele>25.8</ele>
    <time>2026-07-16T02:47:02Z</time>
   </trkpt>
   <trkpt lat="37.4709360" lon="127.0380760">
    <ele>25.8</ele>
    <time>2026-07-16T02:47:03Z</time>
   </trkpt>
   <trkpt lat="37.4709330" lon="127.0380800">
    <ele>25.8</ele>
    <time>2026-07-16T02:47:04Z</time>
   </trkpt>
   <trkpt lat="37.4709340" lon="127.0380790">
    <ele>25.8</ele>
    <time>2026-07-16T02:47:05Z</time>
   </trkpt>
   <trkpt lat="37.4709340" lon="127.0380790">
    <ele>25.8</ele>
    <time>2026-07-16T02:47:06Z</time>
   </trkpt>
   <trkpt lat="37.4709330" lon="127.0380800">
    <ele>25.8</ele>
    <time>2026-07-16T02:47:07Z</time>
   </trkpt>
   <trkpt lat="37.4709330" lon="127.0380790">
    <ele>25.8</ele>
    <time>2026-07-16T02:47:08Z</time>
   </trkpt>
   <trkpt lat="37.4709330" lon="127.0380790">
    <ele>25.8</ele>
    <time>2026-07-16T02:47:09Z</time>
   </trkpt>
   <trkpt lat="37.4709320" lon="127.0380790">
    <ele>25.8</ele>
    <time>2026-07-16T02:47:10Z</time>
   </trkpt>
   <trkpt lat="37.4709310" lon="127.0380810">
    <ele>25.8</ele>
    <time>2026-07-16T02:47:11Z</time>
   </trkpt>
   <trkpt lat="37.4709320" lon="127.0380790">
    <ele>25.8</ele>
    <time>2026-07-16T02:47:12Z</time>
   </trkpt>
   <trkpt lat="37.4709310" lon="127.0380790">
    <ele>25.8</ele>
    <time>2026-07-16T02:47:13Z</time>
   </trkpt>
   <trkpt lat="37.4709300" lon="127.0380750">
    <ele>25.8</ele>
    <time>2026-07-16T02:47:14Z</time>
   </trkpt>
   <trkpt lat="37.4709270" lon="127.0380730">
    <ele>25.8</ele>
    <time>2026-07-16T02:47:15Z</time>
   </trkpt>
   <trkpt lat="37.4709290" lon="127.0380730">
    <ele>25.8</ele>
    <time>2026-07-16T02:47:16Z</time>
   </trkpt>
   <trkpt lat="37.4709320" lon="127.0380760">
    <ele>25.8</ele>
    <time>2026-07-16T02:47:17Z</time>
   </trkpt>
   <trkpt lat="37.4709330" lon="127.0380790">
    <ele>25.8</ele>
    <time>2026-07-16T02:47:18Z</time>
   </trkpt>
   <trkpt lat="37.4709270" lon="127.0380890">
    <ele>25.8</ele>
    <time>2026-07-16T02:47:19Z</time>
   </trkpt>
   <trkpt lat="37.4709230" lon="127.0380770">
    <ele>25.8</ele>
    <time>2026-07-16T02:47:20Z</time>
   </trkpt>
   <trkpt lat="37.4709130" lon="127.0380770">
    <ele>25.8</ele>
    <time>2026-07-16T02:47:21Z</time>
   </trkpt>
   <trkpt lat="37.4709080" lon="127.0380790">
    <ele>25.8</ele>
    <time>2026-07-16T02:47:22Z</time>
   </trkpt>
   <trkpt lat="37.4708970" lon="127.0380850">
    <ele>25.8</ele>
    <time>2026-07-16T02:47:23Z</time>
   </trkpt>
   <trkpt lat="37.4708830" lon="127.0380910">
    <ele>25.8</ele>
    <time>2026-07-16T02:47:24Z</time>
   </trkpt>
   <trkpt lat="37.4708650" lon="127.0380980">
    <ele>25.8</ele>
    <time>2026-07-16T02:47:25Z</time>
   </trkpt>
   <trkpt lat="37.4708390" lon="127.0381000">
    <ele>25.9</ele>
    <time>2026-07-16T02:47:26Z</time>
   </trkpt>
   <trkpt lat="37.4708130" lon="127.0381040">
    <ele>25.9</ele>
    <time>2026-07-16T02:47:27Z</time>
   </trkpt>
   <trkpt lat="37.4707810" lon="127.0381120">
    <ele>25.9</ele>
    <time>2026-07-16T02:47:28Z</time>
   </trkpt>
   <trkpt lat="37.4707440" lon="127.0381180">
    <ele>25.9</ele>
    <time>2026-07-16T02:47:29Z</time>
   </trkpt>
   <trkpt lat="37.4707060" lon="127.0381260">
    <ele>25.9</ele>
    <time>2026-07-16T02:47:30Z</time>
   </trkpt>
   <trkpt lat="37.4706620" lon="127.0381280">
    <ele>26.0</ele>
    <time>2026-07-16T02:47:31Z</time>
   </trkpt>
   <trkpt lat="37.4706200" lon="127.0381320">
    <ele>26.0</ele>
    <time>2026-07-16T02:47:32Z</time>
   </trkpt>
   <trkpt lat="37.4705740" lon="127.0381420">
    <ele>26.0</ele>
    <time>2026-07-16T02:47:33Z</time>
   </trkpt>
   <trkpt lat="37.4705220" lon="127.0381450">
    <ele>26.0</ele>
    <time>2026-07-16T02:47:34Z</time>
   </trkpt>
   <trkpt lat="37.4704660" lon="127.0381530">
    <ele>26.0</ele>
    <time>2026-07-16T02:47:35Z</time>
   </trkpt>
   <trkpt lat="37.4704110" lon="127.0381630">
    <ele>26.0</ele>
    <time>2026-07-16T02:47:36Z</time>
   </trkpt>
   <trkpt lat="37.4703550" lon="127.0381670">
    <ele>26.0</ele>
    <time>2026-07-16T02:47:37Z</time>
   </trkpt>
   <trkpt lat="37.4702980" lon="127.0381770">
    <ele>26.0</ele>
    <time>2026-07-16T02:47:38Z</time>
   </trkpt>
   <trkpt lat="37.4702440" lon="127.0381840">
    <ele>26.0</ele>
    <time>2026-07-16T02:47:39Z</time>
   </trkpt>
   <trkpt lat="37.4701910" lon="127.0381880">
    <ele>26.0</ele>
    <time>2026-07-16T02:47:41Z</time>
   </trkpt>
   <trkpt lat="37.4701420" lon="127.0381980">
    <ele>25.9</ele>
    <time>2026-07-16T02:47:42Z</time>
   </trkpt>
   <trkpt lat="37.4700960" lon="127.0382070">
    <ele>25.8</ele>
    <time>2026-07-16T02:47:43Z</time>
   </trkpt>
   <trkpt lat="37.4700550" lon="127.0382120">
    <ele>25.8</ele>
    <time>2026-07-16T02:47:44Z</time>
   </trkpt>
   <trkpt lat="37.4700130" lon="127.0382150">
    <ele>25.6</ele>
    <time>2026-07-16T02:47:45Z</time>
   </trkpt>
   <trkpt lat="37.4699690" lon="127.0382230">
    <ele>25.5</ele>
    <time>2026-07-16T02:47:46Z</time>
   </trkpt>
   <trkpt lat="37.4699230" lon="127.0382270">
    <ele>25.4</ele>
    <time>2026-07-16T02:47:47Z</time>
   </trkpt>
   <trkpt lat="37.4698730" lon="127.0382350">
    <ele>25.2</ele>
    <time>2026-07-16T02:47:48Z</time>
   </trkpt>
   <trkpt lat="37.4698250" lon="127.0382450">
    <ele>25.1</ele>
    <time>2026-07-16T02:47:49Z</time>
   </trkpt>
   <trkpt lat="37.4697740" lon="127.0382490">
    <ele>24.9</ele>
    <time>2026-07-16T02:47:50Z</time>
   </trkpt>
   <trkpt lat="37.4697240" lon="127.0382590">
    <ele>24.8</ele>
    <time>2026-07-16T02:47:51Z</time>
   </trkpt>
   <trkpt lat="37.4696290" lon="127.0382580">
    <ele>24.5</ele>
    <time>2026-07-16T02:47:52Z</time>
   </trkpt>
   <trkpt lat="37.4695890" lon="127.0382620">
    <ele>24.5</ele>
    <time>2026-07-16T02:47:53Z</time>
   </trkpt>
   <trkpt lat="37.4695550" lon="127.0382590">
    <ele>24.5</ele>
    <time>2026-07-16T02:47:54Z</time>
   </trkpt>
   <trkpt lat="37.4695360" lon="127.0382720">
    <ele>24.5</ele>
    <time>2026-07-16T02:47:55Z</time>
   </trkpt>
   <trkpt lat="37.4695500" lon="127.0382590">
    <ele>24.5</ele>
    <time>2026-07-16T02:47:56Z</time>
   </trkpt>
   <trkpt lat="37.4695570" lon="127.0382590">
    <ele>24.5</ele>
    <time>2026-07-16T02:47:57Z</time>
   </trkpt>
   <trkpt lat="37.4695540" lon="127.0382390">
    <ele>24.5</ele>
    <time>2026-07-16T02:47:58Z</time>
   </trkpt>
   <trkpt lat="37.4695620" lon="127.0382420">
    <ele>24.5</ele>
    <time>2026-07-16T02:47:59Z</time>
   </trkpt>
   <trkpt lat="37.4695590" lon="127.0382500">
    <ele>24.5</ele>
    <time>2026-07-16T02:48:00Z</time>
   </trkpt>
   <trkpt lat="37.4695600" lon="127.0382510">
    <ele>24.5</ele>
    <time>2026-07-16T02:48:01Z</time>
   </trkpt>
   <trkpt lat="37.4695610" lon="127.0382520">
    <ele>24.5</ele>
    <time>2026-07-16T02:48:02Z</time>
   </trkpt>
   <trkpt lat="37.4695620" lon="127.0382530">
    <ele>24.5</ele>
    <time>2026-07-16T02:48:03Z</time>
   </trkpt>
   <trkpt lat="37.4695620" lon="127.0382520">
    <ele>24.5</ele>
    <time>2026-07-16T02:48:04Z</time>
   </trkpt>
   <trkpt lat="37.4695650" lon="127.0382470">
    <ele>24.5</ele>
    <time>2026-07-16T02:48:05Z</time>
   </trkpt>
   <trkpt lat="37.4695680" lon="127.0382460">
    <ele>24.5</ele>
    <time>2026-07-16T02:48:06Z</time>
   </trkpt>
   <trkpt lat="37.4695630" lon="127.0382550">
    <ele>24.5</ele>
    <time>2026-07-16T02:48:07Z</time>
   </trkpt>
   <trkpt lat="37.4695570" lon="127.0382520">
    <ele>24.5</ele>
    <time>2026-07-16T02:48:08Z</time>
   </trkpt>
   <trkpt lat="37.4695480" lon="127.0382670">
    <ele>24.5</ele>
    <time>2026-07-16T02:48:09Z</time>
   </trkpt>
   <trkpt lat="37.4695530" lon="127.0382660">
    <ele>24.5</ele>
    <time>2026-07-16T02:48:10Z</time>
   </trkpt>
   <trkpt lat="37.4695530" lon="127.0382650">
    <ele>24.5</ele>
    <time>2026-07-16T02:48:11Z</time>
   </trkpt>
   <trkpt lat="37.4695540" lon="127.0382650">
    <ele>24.5</ele>
    <time>2026-07-16T02:48:12Z</time>
   </trkpt>
   <trkpt lat="37.4695450" lon="127.0382610">
    <ele>24.6</ele>
    <time>2026-07-16T02:48:13Z</time>
   </trkpt>
   <trkpt lat="37.4695300" lon="127.0382560">
    <ele>24.6</ele>
    <time>2026-07-16T02:48:14Z</time>
   </trkpt>
   <trkpt lat="37.4695130" lon="127.0382630">
    <ele>24.6</ele>
    <time>2026-07-16T02:48:15Z</time>
   </trkpt>
   <trkpt lat="37.4694900" lon="127.0382640">
    <ele>24.6</ele>
    <time>2026-07-16T02:48:16Z</time>
   </trkpt>
   <trkpt lat="37.4694670" lon="127.0382750">
    <ele>24.7</ele>
    <time>2026-07-16T02:48:17Z</time>
   </trkpt>
   <trkpt lat="37.4694360" lon="127.0382780">
    <ele>24.7</ele>
    <time>2026-07-16T02:48:18Z</time>
   </trkpt>
   <trkpt lat="37.4693970" lon="127.0382790">
    <ele>24.7</ele>
    <time>2026-07-16T02:48:19Z</time>
   </trkpt>
   <trkpt lat="37.4693550" lon="127.0382830">
    <ele>24.8</ele>
    <time>2026-07-16T02:48:20Z</time>
   </trkpt>
   <trkpt lat="37.4693110" lon="127.0382890">
    <ele>24.8</ele>
    <time>2026-07-16T02:48:21Z</time>
   </trkpt>
   <trkpt lat="37.4692960" lon="127.0382780">
    <ele>24.9</ele>
    <time>2026-07-16T02:48:22Z</time>
   </trkpt>
   <trkpt lat="37.4692500" lon="127.0382950">
    <ele>24.9</ele>
    <time>2026-07-16T02:48:23Z</time>
   </trkpt>
   <trkpt lat="37.4692150" lon="127.0383060">
    <ele>24.9</ele>
    <time>2026-07-16T02:48:24Z</time>
   </trkpt>
   <trkpt lat="37.4691990" lon="127.0382420">
    <ele>24.9</ele>
    <time>2026-07-16T02:48:25Z</time>
   </trkpt>
   <trkpt lat="37.4691470" lon="127.0382970">
    <ele>24.9</ele>
    <time>2026-07-16T02:48:27Z</time>
   </trkpt>
   <trkpt lat="37.4691000" lon="127.0383190">
    <ele>25.0</ele>
    <time>2026-07-16T02:48:28Z</time>
   </trkpt>
   <trkpt lat="37.4690500" lon="127.0383370">
    <ele>25.0</ele>
    <time>2026-07-16T02:48:29Z</time>
   </trkpt>
   <trkpt lat="37.4690040" lon="127.0383510">
    <ele>25.0</ele>
    <time>2026-07-16T02:48:30Z</time>
   </trkpt>
   <trkpt lat="37.4689590" lon="127.0383600">
    <ele>25.0</ele>
    <time>2026-07-16T02:48:31Z</time>
   </trkpt>
   <trkpt lat="37.4689060" lon="127.0383740">
    <ele>25.0</ele>
    <time>2026-07-16T02:48:32Z</time>
   </trkpt>
   <trkpt lat="37.4688480" lon="127.0383810">
    <ele>25.0</ele>
    <time>2026-07-16T02:48:33Z</time>
   </trkpt>
   <trkpt lat="37.4687900" lon="127.0383650">
    <ele>25.0</ele>
    <time>2026-07-16T02:48:34Z</time>
   </trkpt>
   <trkpt lat="37.4687330" lon="127.0383720">
    <ele>25.1</ele>
    <time>2026-07-16T02:48:35Z</time>
   </trkpt>
   <trkpt lat="37.4686760" lon="127.0383880">
    <ele>25.1</ele>
    <time>2026-07-16T02:48:36Z</time>
   </trkpt>
   <trkpt lat="37.4686220" lon="127.0383920">
    <ele>25.1</ele>
    <time>2026-07-16T02:48:37Z</time>
   </trkpt>
   <trkpt lat="37.4685680" lon="127.0383930">
    <ele>25.1</ele>
    <time>2026-07-16T02:48:38Z</time>
   </trkpt>
   <trkpt lat="37.4685060" lon="127.0384030">
    <ele>25.1</ele>
    <time>2026-07-16T02:48:39Z</time>
   </trkpt>
   <trkpt lat="37.4684450" lon="127.0384030">
    <ele>25.1</ele>
    <time>2026-07-16T02:48:40Z</time>
   </trkpt>
   <trkpt lat="37.4683810" lon="127.0384100">
    <ele>25.1</ele>
    <time>2026-07-16T02:48:41Z</time>
   </trkpt>
   <trkpt lat="37.4683290" lon="127.0384200">
    <ele>25.1</ele>
    <time>2026-07-16T02:48:42Z</time>
   </trkpt>
   <trkpt lat="37.4682700" lon="127.0384380">
    <ele>25.1</ele>
    <time>2026-07-16T02:48:43Z</time>
   </trkpt>
   <trkpt lat="37.4682100" lon="127.0384480">
    <ele>25.2</ele>
    <time>2026-07-16T02:48:44Z</time>
   </trkpt>
   <trkpt lat="37.4681520" lon="127.0384490">
    <ele>25.2</ele>
    <time>2026-07-16T02:48:45Z</time>
   </trkpt>
   <trkpt lat="37.4681020" lon="127.0384520">
    <ele>25.3</ele>
    <time>2026-07-16T02:48:46Z</time>
   </trkpt>
   <trkpt lat="37.4680470" lon="127.0384570">
    <ele>25.3</ele>
    <time>2026-07-16T02:48:47Z</time>
   </trkpt>
   <trkpt lat="37.4680050" lon="127.0384520">
    <ele>25.3</ele>
    <time>2026-07-16T02:48:48Z</time>
   </trkpt>
   <trkpt lat="37.4679500" lon="127.0384470">
    <ele>25.4</ele>
    <time>2026-07-16T02:48:49Z</time>
   </trkpt>
   <trkpt lat="37.4678890" lon="127.0384560">
    <ele>25.4</ele>
    <time>2026-07-16T02:48:50Z</time>
   </trkpt>
   <trkpt lat="37.4678330" lon="127.0384490">
    <ele>25.5</ele>
    <time>2026-07-16T02:48:51Z</time>
   </trkpt>
   <trkpt lat="37.4677730" lon="127.0384590">
    <ele>25.5</ele>
    <time>2026-07-16T02:48:52Z</time>
   </trkpt>
   <trkpt lat="37.4677130" lon="127.0384710">
    <ele>25.6</ele>
    <time>2026-07-16T02:48:53Z</time>
   </trkpt>
   <trkpt lat="37.4676600" lon="127.0384700">
    <ele>25.6</ele>
    <time>2026-07-16T02:48:54Z</time>
   </trkpt>
   <trkpt lat="37.4675980" lon="127.0384800">
    <ele>25.7</ele>
    <time>2026-07-16T02:48:55Z</time>
   </trkpt>
   <trkpt lat="37.4675380" lon="127.0384760">
    <ele>25.7</ele>
    <time>2026-07-16T02:48:56Z</time>
   </trkpt>
   <trkpt lat="37.4674780" lon="127.0384850">
    <ele>25.6</ele>
    <time>2026-07-16T02:48:57Z</time>
   </trkpt>
   <trkpt lat="37.4674180" lon="127.0384960">
    <ele>25.6</ele>
    <time>2026-07-16T02:48:58Z</time>
   </trkpt>
   <trkpt lat="37.4673700" lon="127.0385020">
    <ele>25.6</ele>
    <time>2026-07-16T02:48:59Z</time>
   </trkpt>
   <trkpt lat="37.4673160" lon="127.0385130">
    <ele>25.5</ele>
    <time>2026-07-16T02:49:00Z</time>
   </trkpt>
   <trkpt lat="37.4672620" lon="127.0385150">
    <ele>25.5</ele>
    <time>2026-07-16T02:49:01Z</time>
   </trkpt>
   <trkpt lat="37.4672080" lon="127.0385220">
    <ele>25.5</ele>
    <time>2026-07-16T02:49:02Z</time>
   </trkpt>
   <trkpt lat="37.4671520" lon="127.0385290">
    <ele>25.4</ele>
    <time>2026-07-16T02:49:03Z</time>
   </trkpt>
   <trkpt lat="37.4670950" lon="127.0385400">
    <ele>25.4</ele>
    <time>2026-07-16T02:49:04Z</time>
   </trkpt>
   <trkpt lat="37.4670430" lon="127.0385450">
    <ele>25.3</ele>
    <time>2026-07-16T02:49:05Z</time>
   </trkpt>
   <trkpt lat="37.4669920" lon="127.0385520">
    <ele>25.3</ele>
    <time>2026-07-16T02:49:06Z</time>
   </trkpt>
   <trkpt lat="37.4669390" lon="127.0385610">
    <ele>25.2</ele>
    <time>2026-07-16T02:49:07Z</time>
   </trkpt>
   <trkpt lat="37.4668820" lon="127.0385690">
    <ele>25.2</ele>
    <time>2026-07-16T02:49:08Z</time>
   </trkpt>
   <trkpt lat="37.4668260" lon="127.0385740">
    <ele>25.2</ele>
    <time>2026-07-16T02:49:09Z</time>
   </trkpt>
   <trkpt lat="37.4667680" lon="127.0385800">
    <ele>25.1</ele>
    <time>2026-07-16T02:49:10Z</time>
   </trkpt>
   <trkpt lat="37.4667110" lon="127.0385900">
    <ele>25.1</ele>
    <time>2026-07-16T02:49:11Z</time>
   </trkpt>
   <trkpt lat="37.4666550" lon="127.0386020">
    <ele>25.0</ele>
    <time>2026-07-16T02:49:12Z</time>
   </trkpt>
   <trkpt lat="37.4665980" lon="127.0386140">
    <ele>25.0</ele>
    <time>2026-07-16T02:49:13Z</time>
   </trkpt>
   <trkpt lat="37.4665430" lon="127.0386220">
    <ele>24.9</ele>
    <time>2026-07-16T02:49:14Z</time>
   </trkpt>
   <trkpt lat="37.4664860" lon="127.0386300">
    <ele>24.9</ele>
    <time>2026-07-16T02:49:15Z</time>
   </trkpt>
   <trkpt lat="37.4664310" lon="127.0386370">
    <ele>24.9</ele>
    <time>2026-07-16T02:49:16Z</time>
   </trkpt>
   <trkpt lat="37.4663760" lon="127.0386490">
    <ele>24.8</ele>
    <time>2026-07-16T02:49:17Z</time>
   </trkpt>
   <trkpt lat="37.4663200" lon="127.0386610">
    <ele>24.8</ele>
    <time>2026-07-16T02:49:18Z</time>
   </trkpt>
   <trkpt lat="37.4662640" lon="127.0386700">
    <ele>24.8</ele>
    <time>2026-07-16T02:49:19Z</time>
   </trkpt>
   <trkpt lat="37.4662090" lon="127.0386830">
    <ele>24.7</ele>
    <time>2026-07-16T02:49:20Z</time>
   </trkpt>
   <trkpt lat="37.4661550" lon="127.0386960">
    <ele>24.7</ele>
    <time>2026-07-16T02:49:21Z</time>
   </trkpt>
   <trkpt lat="37.4661020" lon="127.0387110">
    <ele>24.7</ele>
    <time>2026-07-16T02:49:22Z</time>
   </trkpt>
   <trkpt lat="37.4660450" lon="127.0387220">
    <ele>24.7</ele>
    <time>2026-07-16T02:49:23Z</time>
   </trkpt>
   <trkpt lat="37.4659890" lon="127.0387330">
    <ele>24.7</ele>
    <time>2026-07-16T02:49:24Z</time>
   </trkpt>
   <trkpt lat="37.4659350" lon="127.0387540">
    <ele>24.7</ele>
    <time>2026-07-16T02:49:25Z</time>
   </trkpt>
   <trkpt lat="37.4658840" lon="127.0387810">
    <ele>24.7</ele>
    <time>2026-07-16T02:49:26Z</time>
   </trkpt>
   <trkpt lat="37.4658320" lon="127.0388100">
    <ele>24.7</ele>
    <time>2026-07-16T02:49:27Z</time>
   </trkpt>
   <trkpt lat="37.4657790" lon="127.0388350">
    <ele>24.6</ele>
    <time>2026-07-16T02:49:28Z</time>
   </trkpt>
   <trkpt lat="37.4657260" lon="127.0388610">
    <ele>24.6</ele>
    <time>2026-07-16T02:49:29Z</time>
   </trkpt>
   <trkpt lat="37.4656720" lon="127.0388970">
    <ele>24.6</ele>
    <time>2026-07-16T02:49:30Z</time>
   </trkpt>
   <trkpt lat="37.4656230" lon="127.0389380">
    <ele>24.5</ele>
    <time>2026-07-16T02:49:31Z</time>
   </trkpt>
   <trkpt lat="37.4655770" lon="127.0389790">
    <ele>24.5</ele>
    <time>2026-07-16T02:49:32Z</time>
   </trkpt>
   <trkpt lat="37.4655370" lon="127.0390160">
    <ele>24.5</ele>
    <time>2026-07-16T02:49:33Z</time>
   </trkpt>
   <trkpt lat="37.4654800" lon="127.0390550">
    <ele>24.4</ele>
    <time>2026-07-16T02:49:34Z</time>
   </trkpt>
   <trkpt lat="37.4654340" lon="127.0390920">
    <ele>24.4</ele>
    <time>2026-07-16T02:49:35Z</time>
   </trkpt>
   <trkpt lat="37.4653850" lon="127.0391300">
    <ele>24.4</ele>
    <time>2026-07-16T02:49:36Z</time>
   </trkpt>
   <trkpt lat="37.4653440" lon="127.0391620">
    <ele>24.3</ele>
    <time>2026-07-16T02:49:37Z</time>
   </trkpt>
   <trkpt lat="37.4653040" lon="127.0391920">
    <ele>24.3</ele>
    <time>2026-07-16T02:49:38Z</time>
   </trkpt>
   <trkpt lat="37.4652800" lon="127.0392120">
    <ele>24.3</ele>
    <time>2026-07-16T02:49:39Z</time>
   </trkpt>
   <trkpt lat="37.4652660" lon="127.0392220">
    <ele>24.3</ele>
    <time>2026-07-16T02:49:40Z</time>
   </trkpt>
   <trkpt lat="37.4652660" lon="127.0392330">
    <ele>24.3</ele>
    <time>2026-07-16T02:49:41Z</time>
   </trkpt>
   <trkpt lat="37.4652630" lon="127.0392300">
    <ele>24.2</ele>
    <time>2026-07-16T02:49:42Z</time>
   </trkpt>
   <trkpt lat="37.4652540" lon="127.0392340">
    <ele>24.2</ele>
    <time>2026-07-16T02:49:43Z</time>
   </trkpt>
   <trkpt lat="37.4652560" lon="127.0392320">
    <ele>24.2</ele>
    <time>2026-07-16T02:49:44Z</time>
   </trkpt>
   <trkpt lat="37.4652510" lon="127.0392350">
    <ele>24.2</ele>
    <time>2026-07-16T02:49:45Z</time>
   </trkpt>
   <trkpt lat="37.4652380" lon="127.0392310">
    <ele>24.2</ele>
    <time>2026-07-16T02:49:46Z</time>
   </trkpt>
   <trkpt lat="37.4652310" lon="127.0392290">
    <ele>24.2</ele>
    <time>2026-07-16T02:49:47Z</time>
   </trkpt>
   <trkpt lat="37.4652230" lon="127.0392290">
    <ele>24.2</ele>
    <time>2026-07-16T02:49:48Z</time>
   </trkpt>
   <trkpt lat="37.4652250" lon="127.0392280">
    <ele>24.2</ele>
    <time>2026-07-16T02:49:49Z</time>
   </trkpt>
   <trkpt lat="37.4652110" lon="127.0392370">
    <ele>24.2</ele>
    <time>2026-07-16T02:49:50Z</time>
   </trkpt>
   <trkpt lat="37.4651980" lon="127.0392340">
    <ele>24.2</ele>
    <time>2026-07-16T02:49:51Z</time>
   </trkpt>
   <trkpt lat="37.4652050" lon="127.0392130">
    <ele>24.2</ele>
    <time>2026-07-16T02:49:52Z</time>
   </trkpt>
   <trkpt lat="37.4652060" lon="127.0392130">
    <ele>24.2</ele>
    <time>2026-07-16T02:49:53Z</time>
   </trkpt>
   <trkpt lat="37.4651860" lon="127.0392060">
    <ele>24.2</ele>
    <time>2026-07-16T02:49:54Z</time>
   </trkpt>
   <trkpt lat="37.4651870" lon="127.0392090">
    <ele>24.2</ele>
    <time>2026-07-16T02:49:55Z</time>
   </trkpt>
   <trkpt lat="37.4651810" lon="127.0392130">
    <ele>24.2</ele>
    <time>2026-07-16T02:49:56Z</time>
   </trkpt>
   <trkpt lat="37.4651820" lon="127.0392060">
    <ele>24.1</ele>
    <time>2026-07-16T02:49:57Z</time>
   </trkpt>
   <trkpt lat="37.4651890" lon="127.0392050">
    <ele>24.1</ele>
    <time>2026-07-16T02:49:58Z</time>
   </trkpt>
   <trkpt lat="37.4651990" lon="127.0392000">
    <ele>24.1</ele>
    <time>2026-07-16T02:49:59Z</time>
   </trkpt>
   <trkpt lat="37.4652020" lon="127.0391970">
    <ele>24.1</ele>
    <time>2026-07-16T02:50:00Z</time>
   </trkpt>
   <trkpt lat="37.4652020" lon="127.0391970">
    <ele>24.1</ele>
    <time>2026-07-16T02:50:01Z</time>
   </trkpt>
   <trkpt lat="37.4652020" lon="127.0391970">
    <ele>24.1</ele>
    <time>2026-07-16T02:50:02Z</time>
   </trkpt>
   <trkpt lat="37.4652020" lon="127.0391970">
    <ele>24.1</ele>
    <time>2026-07-16T02:50:03Z</time>
   </trkpt>
   <trkpt lat="37.4652020" lon="127.0391970">
    <ele>24.1</ele>
    <time>2026-07-16T02:50:04Z</time>
   </trkpt>
   <trkpt lat="37.4652020" lon="127.0391970">
    <ele>24.1</ele>
    <time>2026-07-16T02:50:05Z</time>
   </trkpt>
   <trkpt lat="37.4651930" lon="127.0392030">
    <ele>24.1</ele>
    <time>2026-07-16T02:50:06Z</time>
   </trkpt>
   <trkpt lat="37.4651880" lon="127.0391960">
    <ele>24.1</ele>
    <time>2026-07-16T02:50:07Z</time>
   </trkpt>
   <trkpt lat="37.4651880" lon="127.0391960">
    <ele>24.1</ele>
    <time>2026-07-16T02:50:08Z</time>
   </trkpt>
   <trkpt lat="37.4651880" lon="127.0391960">
    <ele>24.1</ele>
    <time>2026-07-16T02:50:09Z</time>
   </trkpt>
   <trkpt lat="37.4651670" lon="127.0391660">
    <ele>24.1</ele>
    <time>2026-07-16T02:50:10Z</time>
   </trkpt>
   <trkpt lat="37.4651660" lon="127.0391610">
    <ele>24.1</ele>
    <time>2026-07-16T02:50:11Z</time>
   </trkpt>
   <trkpt lat="37.4651620" lon="127.0391520">
    <ele>24.1</ele>
    <time>2026-07-16T02:50:12Z</time>
   </trkpt>
   <trkpt lat="37.4651620" lon="127.0391520">
    <ele>24.1</ele>
    <time>2026-07-16T02:50:13Z</time>
   </trkpt>
   <trkpt lat="37.4651580" lon="127.0391470">
    <ele>24.1</ele>
    <time>2026-07-16T02:50:14Z</time>
   </trkpt>
   <trkpt lat="37.4651540" lon="127.0391370">
    <ele>24.1</ele>
    <time>2026-07-16T02:50:15Z</time>
   </trkpt>
   <trkpt lat="37.4651550" lon="127.0391320">
    <ele>24.1</ele>
    <time>2026-07-16T02:50:16Z</time>
   </trkpt>
   <trkpt lat="37.4651550" lon="127.0391280">
    <ele>24.1</ele>
    <time>2026-07-16T02:50:17Z</time>
   </trkpt>
   <trkpt lat="37.4651580" lon="127.0391330">
    <ele>24.1</ele>
    <time>2026-07-16T02:50:18Z</time>
   </trkpt>
   <trkpt lat="37.4651490" lon="127.0391390">
    <ele>24.0</ele>
    <time>2026-07-16T02:50:19Z</time>
   </trkpt>
   <trkpt lat="37.4651410" lon="127.0391440">
    <ele>24.0</ele>
    <time>2026-07-16T02:50:20Z</time>
   </trkpt>
   <trkpt lat="37.4651400" lon="127.0391480">
    <ele>24.0</ele>
    <time>2026-07-16T02:50:21Z</time>
   </trkpt>
   <trkpt lat="37.4651430" lon="127.0391550">
    <ele>24.0</ele>
    <time>2026-07-16T02:50:22Z</time>
   </trkpt>
   <trkpt lat="37.4651490" lon="127.0391530">
    <ele>24.0</ele>
    <time>2026-07-16T02:50:23Z</time>
   </trkpt>
   <trkpt lat="37.4651550" lon="127.0391300">
    <ele>24.0</ele>
    <time>2026-07-16T02:50:24Z</time>
   </trkpt>
   <trkpt lat="37.4651550" lon="127.0391300">
    <ele>24.0</ele>
    <time>2026-07-16T02:50:25Z</time>
   </trkpt>
   <trkpt lat="37.4651550" lon="127.0391300">
    <ele>24.0</ele>
    <time>2026-07-16T02:50:26Z</time>
   </trkpt>
   <trkpt lat="37.4651550" lon="127.0391300">
    <ele>24.0</ele>
    <time>2026-07-16T02:50:27Z</time>
   </trkpt>
   <trkpt lat="37.4651690" lon="127.0391620">
    <ele>24.0</ele>
    <time>2026-07-16T02:50:28Z</time>
   </trkpt>
   <trkpt lat="37.4652000" lon="127.0392290">
    <ele>23.9</ele>
    <time>2026-07-16T02:50:29Z</time>
   </trkpt>
   <trkpt lat="37.4651930" lon="127.0392090">
    <ele>23.9</ele>
    <time>2026-07-16T02:50:30Z</time>
   </trkpt>
   <trkpt lat="37.4652050" lon="127.0392180">
    <ele>23.9</ele>
    <time>2026-07-16T02:50:31Z</time>
   </trkpt>
   <trkpt lat="37.4651960" lon="127.0392090">
    <ele>23.8</ele>
    <time>2026-07-16T02:50:32Z</time>
   </trkpt>
   <trkpt lat="37.4651850" lon="127.0391990">
    <ele>23.8</ele>
    <time>2026-07-16T02:50:33Z</time>
   </trkpt>
   <trkpt lat="37.4651840" lon="127.0391970">
    <ele>23.8</ele>
    <time>2026-07-16T02:50:34Z</time>
   </trkpt>
   <trkpt lat="37.4651870" lon="127.0391810">
    <ele>23.8</ele>
    <time>2026-07-16T02:50:35Z</time>
   </trkpt>
   <trkpt lat="37.4651830" lon="127.0391680">
    <ele>23.8</ele>
    <time>2026-07-16T02:50:36Z</time>
   </trkpt>
   <trkpt lat="37.4651730" lon="127.0391480">
    <ele>23.8</ele>
    <time>2026-07-16T02:50:37Z</time>
   </trkpt>
   <trkpt lat="37.4651730" lon="127.0391480">
    <ele>23.8</ele>
    <time>2026-07-16T02:50:38Z</time>
   </trkpt>
   <trkpt lat="37.4651730" lon="127.0391480">
    <ele>23.8</ele>
    <time>2026-07-16T02:50:39Z</time>
   </trkpt>
   <trkpt lat="37.4651730" lon="127.0391480">
    <ele>23.8</ele>
    <time>2026-07-16T02:50:40Z</time>
   </trkpt>
   <trkpt lat="37.4651730" lon="127.0391480">
    <ele>23.8</ele>
    <time>2026-07-16T02:50:41Z</time>
   </trkpt>
   <trkpt lat="37.4651730" lon="127.0391480">
    <ele>23.8</ele>
    <time>2026-07-16T02:50:42Z</time>
   </trkpt>
   <trkpt lat="37.4651730" lon="127.0391480">
    <ele>23.8</ele>
    <time>2026-07-16T02:50:43Z</time>
   </trkpt>
   <trkpt lat="37.4651730" lon="127.0391480">
    <ele>23.8</ele>
    <time>2026-07-16T02:50:44Z</time>
   </trkpt>
   <trkpt lat="37.4651730" lon="127.0391480">
    <ele>23.8</ele>
    <time>2026-07-16T02:50:45Z</time>
   </trkpt>
   <trkpt lat="37.4651730" lon="127.0391480">
    <ele>23.8</ele>
    <time>2026-07-16T02:50:46Z</time>
   </trkpt>
   <trkpt lat="37.4651730" lon="127.0391480">
    <ele>23.8</ele>
    <time>2026-07-16T02:50:47Z</time>
   </trkpt>
   <trkpt lat="37.4651730" lon="127.0391480">
    <ele>23.8</ele>
    <time>2026-07-16T02:50:48Z</time>
   </trkpt>
   <trkpt lat="37.4651560" lon="127.0391250">
    <ele>23.7</ele>
    <time>2026-07-16T02:50:49Z</time>
   </trkpt>
   <trkpt lat="37.4651550" lon="127.0391230">
    <ele>23.7</ele>
    <time>2026-07-16T02:50:50Z</time>
   </trkpt>
   <trkpt lat="37.4651520" lon="127.0391280">
    <ele>23.7</ele>
    <time>2026-07-16T02:50:51Z</time>
   </trkpt>
   <trkpt lat="37.4651480" lon="127.0391470">
    <ele>23.7</ele>
    <time>2026-07-16T02:50:52Z</time>
   </trkpt>
   <trkpt lat="37.4651110" lon="127.0391280">
    <ele>23.7</ele>
    <time>2026-07-16T02:50:53Z</time>
   </trkpt>
   <trkpt lat="37.4650900" lon="127.0391400">
    <ele>23.7</ele>
    <time>2026-07-16T02:50:54Z</time>
   </trkpt>
   <trkpt lat="37.4650860" lon="127.0391790">
    <ele>23.7</ele>
    <time>2026-07-16T02:50:55Z</time>
   </trkpt>
   <trkpt lat="37.4650700" lon="127.0392070">
    <ele>23.7</ele>
    <time>2026-07-16T02:50:56Z</time>
   </trkpt>
   <trkpt lat="37.4650550" lon="127.0392320">
    <ele>23.7</ele>
    <time>2026-07-16T02:50:57Z</time>
   </trkpt>
   <trkpt lat="37.4650370" lon="127.0392630">
    <ele>23.7</ele>
    <time>2026-07-16T02:50:58Z</time>
   </trkpt>
   <trkpt lat="37.4650170" lon="127.0392990">
    <ele>23.7</ele>
    <time>2026-07-16T02:50:59Z</time>
   </trkpt>
   <trkpt lat="37.4649900" lon="127.0393400">
    <ele>23.7</ele>
    <time>2026-07-16T02:51:00Z</time>
   </trkpt>
   <trkpt lat="37.4649630" lon="127.0393850">
    <ele>23.7</ele>
    <time>2026-07-16T02:51:01Z</time>
   </trkpt>
   <trkpt lat="37.4649310" lon="127.0394380">
    <ele>23.7</ele>
    <time>2026-07-16T02:51:02Z</time>
   </trkpt>
   <trkpt lat="37.4648950" lon="127.0394890">
    <ele>23.6</ele>
    <time>2026-07-16T02:51:03Z</time>
   </trkpt>
   <trkpt lat="37.4648610" lon="127.0395340">
    <ele>23.6</ele>
    <time>2026-07-16T02:51:04Z</time>
   </trkpt>
   <trkpt lat="37.4648330" lon="127.0395770">
    <ele>23.6</ele>
    <time>2026-07-16T02:51:05Z</time>
   </trkpt>
   <trkpt lat="37.4648100" lon="127.0396280">
    <ele>23.6</ele>
    <time>2026-07-16T02:51:06Z</time>
   </trkpt>
   <trkpt lat="37.4647740" lon="127.0396650">
    <ele>23.6</ele>
    <time>2026-07-16T02:51:07Z</time>
   </trkpt>
   <trkpt lat="37.4647410" lon="127.0397180">
    <ele>23.6</ele>
    <time>2026-07-16T02:51:08Z</time>
   </trkpt>
   <trkpt lat="37.4646880" lon="127.0397540">
    <ele>23.6</ele>
    <time>2026-07-16T02:51:09Z</time>
   </trkpt>
   <trkpt lat="37.4646500" lon="127.0398030">
    <ele>23.6</ele>
    <time>2026-07-16T02:51:10Z</time>
   </trkpt>
   <trkpt lat="37.4646260" lon="127.0398460">
    <ele>23.6</ele>
    <time>2026-07-16T02:51:11Z</time>
   </trkpt>
   <trkpt lat="37.4645990" lon="127.0398890">
    <ele>23.6</ele>
    <time>2026-07-16T02:51:12Z</time>
   </trkpt>
   <trkpt lat="37.4645660" lon="127.0399290">
    <ele>23.6</ele>
    <time>2026-07-16T02:51:13Z</time>
   </trkpt>
   <trkpt lat="37.4645290" lon="127.0399730">
    <ele>23.6</ele>
    <time>2026-07-16T02:51:14Z</time>
   </trkpt>
   <trkpt lat="37.4644910" lon="127.0400200">
    <ele>23.7</ele>
    <time>2026-07-16T02:51:15Z</time>
   </trkpt>
   <trkpt lat="37.4644340" lon="127.0400390">
    <ele>23.8</ele>
    <time>2026-07-16T02:51:16Z</time>
   </trkpt>
   <trkpt lat="37.4643970" lon="127.0401220">
    <ele>23.8</ele>
    <time>2026-07-16T02:51:17Z</time>
   </trkpt>
   <trkpt lat="37.4643520" lon="127.0401780">
    <ele>23.8</ele>
    <time>2026-07-16T02:51:18Z</time>
   </trkpt>
   <trkpt lat="37.4642960" lon="127.0401980">
    <ele>23.8</ele>
    <time>2026-07-16T02:51:19Z</time>
   </trkpt>
   <trkpt lat="37.4642610" lon="127.0402550">
    <ele>23.8</ele>
    <time>2026-07-16T02:51:20Z</time>
   </trkpt>
   <trkpt lat="37.4642090" lon="127.0402890">
    <ele>23.8</ele>
    <time>2026-07-16T02:51:21Z</time>
   </trkpt>
   <trkpt lat="37.4641690" lon="127.0403330">
    <ele>23.9</ele>
    <time>2026-07-16T02:51:22Z</time>
   </trkpt>
   <trkpt lat="37.4641280" lon="127.0403720">
    <ele>23.9</ele>
    <time>2026-07-16T02:51:23Z</time>
   </trkpt>
   <trkpt lat="37.4640920" lon="127.0404080">
    <ele>24.0</ele>
    <time>2026-07-16T02:51:24Z</time>
   </trkpt>
   <trkpt lat="37.4640480" lon="127.0404450">
    <ele>24.1</ele>
    <time>2026-07-16T02:51:25Z</time>
   </trkpt>
   <trkpt lat="37.4640060" lon="127.0404700">
    <ele>24.1</ele>
    <time>2026-07-16T02:51:26Z</time>
   </trkpt>
   <trkpt lat="37.4639660" lon="127.0404980">
    <ele>24.2</ele>
    <time>2026-07-16T02:51:27Z</time>
   </trkpt>
   <trkpt lat="37.4639290" lon="127.0405190">
    <ele>24.2</ele>
    <time>2026-07-16T02:51:28Z</time>
   </trkpt>
   <trkpt lat="37.4638970" lon="127.0405420">
    <ele>24.3</ele>
    <time>2026-07-16T02:51:29Z</time>
   </trkpt>
   <trkpt lat="37.4638650" lon="127.0405680">
    <ele>24.3</ele>
    <time>2026-07-16T02:51:30Z</time>
   </trkpt>
   <trkpt lat="37.4638320" lon="127.0405940">
    <ele>24.3</ele>
    <time>2026-07-16T02:51:31Z</time>
   </trkpt>
   <trkpt lat="37.4638040" lon="127.0406130">
    <ele>24.4</ele>
    <time>2026-07-16T02:51:32Z</time>
   </trkpt>
   <trkpt lat="37.4637770" lon="127.0406270">
    <ele>24.4</ele>
    <time>2026-07-16T02:51:33Z</time>
   </trkpt>
   <trkpt lat="37.4637550" lon="127.0406380">
    <ele>24.4</ele>
    <time>2026-07-16T02:51:34Z</time>
   </trkpt>
   <trkpt lat="37.4637310" lon="127.0406570">
    <ele>24.4</ele>
    <time>2026-07-16T02:51:35Z</time>
   </trkpt>
   <trkpt lat="37.4637010" lon="127.0406630">
    <ele>24.4</ele>
    <time>2026-07-16T02:51:36Z</time>
   </trkpt>
   <trkpt lat="37.4636740" lon="127.0406820">
    <ele>24.4</ele>
    <time>2026-07-16T02:51:37Z</time>
   </trkpt>
   <trkpt lat="37.4636430" lon="127.0407010">
    <ele>24.4</ele>
    <time>2026-07-16T02:51:38Z</time>
   </trkpt>
   <trkpt lat="37.4636120" lon="127.0407260">
    <ele>24.3</ele>
    <time>2026-07-16T02:51:39Z</time>
   </trkpt>
   <trkpt lat="37.4635770" lon="127.0407490">
    <ele>24.3</ele>
    <time>2026-07-16T02:51:40Z</time>
   </trkpt>
   <trkpt lat="37.4635490" lon="127.0407680">
    <ele>24.3</ele>
    <time>2026-07-16T02:51:41Z</time>
   </trkpt>
   <trkpt lat="37.4635620" lon="127.0408710">
    <ele>24.3</ele>
    <time>2026-07-16T02:51:43Z</time>
   </trkpt>
   <trkpt lat="37.4635270" lon="127.0408790">
    <ele>24.3</ele>
    <time>2026-07-16T02:51:44Z</time>
   </trkpt>
   <trkpt lat="37.4634940" lon="127.0409230">
    <ele>24.4</ele>
    <time>2026-07-16T02:51:45Z</time>
   </trkpt>
   <trkpt lat="37.4634690" lon="127.0409510">
    <ele>24.4</ele>
    <time>2026-07-16T02:51:46Z</time>
   </trkpt>
   <trkpt lat="37.4634080" lon="127.0409550">
    <ele>24.4</ele>
    <time>2026-07-16T02:51:47Z</time>
   </trkpt>
   <trkpt lat="37.4633690" lon="127.0409840">
    <ele>24.4</ele>
    <time>2026-07-16T02:51:48Z</time>
   </trkpt>
   <trkpt lat="37.4633360" lon="127.0410140">
    <ele>24.5</ele>
    <time>2026-07-16T02:51:49Z</time>
   </trkpt>
   <trkpt lat="37.4633080" lon="127.0410370">
    <ele>24.5</ele>
    <time>2026-07-16T02:51:50Z</time>
   </trkpt>
   <trkpt lat="37.4632810" lon="127.0410490">
    <ele>24.5</ele>
    <time>2026-07-16T02:51:51Z</time>
   </trkpt>
   <trkpt lat="37.4632490" lon="127.0410660">
    <ele>24.5</ele>
    <time>2026-07-16T02:51:52Z</time>
   </trkpt>
   <trkpt lat="37.4632120" lon="127.0410830">
    <ele>24.5</ele>
    <time>2026-07-16T02:51:53Z</time>
   </trkpt>
   <trkpt lat="37.4631790" lon="127.0411150">
    <ele>24.5</ele>
    <time>2026-07-16T02:51:54Z</time>
   </trkpt>
   <trkpt lat="37.4631380" lon="127.0411450">
    <ele>24.5</ele>
    <time>2026-07-16T02:51:55Z</time>
   </trkpt>
   <trkpt lat="37.4630990" lon="127.0411690">
    <ele>24.6</ele>
    <time>2026-07-16T02:51:56Z</time>
   </trkpt>
   <trkpt lat="37.4630700" lon="127.0411940">
    <ele>24.6</ele>
    <time>2026-07-16T02:51:57Z</time>
   </trkpt>
   <trkpt lat="37.4630460" lon="127.0412140">
    <ele>24.6</ele>
    <time>2026-07-16T02:51:58Z</time>
   </trkpt>
   <trkpt lat="37.4630320" lon="127.0412230">
    <ele>24.6</ele>
    <time>2026-07-16T02:51:59Z</time>
   </trkpt>
   <trkpt lat="37.4630130" lon="127.0412230">
    <ele>24.7</ele>
    <time>2026-07-16T02:52:00Z</time>
   </trkpt>
   <trkpt lat="37.4629750" lon="127.0412460">
    <ele>24.7</ele>
    <time>2026-07-16T02:52:01Z</time>
   </trkpt>
   <trkpt lat="37.4629400" lon="127.0412660">
    <ele>24.7</ele>
    <time>2026-07-16T02:52:02Z</time>
   </trkpt>
   <trkpt lat="37.4629040" lon="127.0412880">
    <ele>24.7</ele>
    <time>2026-07-16T02:52:03Z</time>
   </trkpt>
   <trkpt lat="37.4628660" lon="127.0413050">
    <ele>24.7</ele>
    <time>2026-07-16T02:52:04Z</time>
   </trkpt>
   <trkpt lat="37.4628270" lon="127.0413260">
    <ele>24.7</ele>
    <time>2026-07-16T02:52:05Z</time>
   </trkpt>
   <trkpt lat="37.4627910" lon="127.0413570">
    <ele>24.7</ele>
    <time>2026-07-16T02:52:06Z</time>
   </trkpt>
   <trkpt lat="37.4627520" lon="127.0413840">
    <ele>24.7</ele>
    <time>2026-07-16T02:52:07Z</time>
   </trkpt>
   <trkpt lat="37.4627080" lon="127.0414050">
    <ele>24.7</ele>
    <time>2026-07-16T02:52:08Z</time>
   </trkpt>
   <trkpt lat="37.4626660" lon="127.0414240">
    <ele>24.7</ele>
    <time>2026-07-16T02:52:09Z</time>
   </trkpt>
   <trkpt lat="37.4626290" lon="127.0414480">
    <ele>24.7</ele>
    <time>2026-07-16T02:52:10Z</time>
   </trkpt>
   <trkpt lat="37.4625730" lon="127.0414930">
    <ele>24.7</ele>
    <time>2026-07-16T02:52:11Z</time>
   </trkpt>
   <trkpt lat="37.4625250" lon="127.0415250">
    <ele>24.8</ele>
    <time>2026-07-16T02:52:12Z</time>
   </trkpt>
   <trkpt lat="37.4624740" lon="127.0415570">
    <ele>24.8</ele>
    <time>2026-07-16T02:52:13Z</time>
   </trkpt>
   <trkpt lat="37.4624270" lon="127.0415910">
    <ele>24.9</ele>
    <time>2026-07-16T02:52:14Z</time>
   </trkpt>
   <trkpt lat="37.4623780" lon="127.0416250">
    <ele>25.0</ele>
    <time>2026-07-16T02:52:15Z</time>
   </trkpt>
   <trkpt lat="37.4623310" lon="127.0416550">
    <ele>25.0</ele>
    <time>2026-07-16T02:52:16Z</time>
   </trkpt>
   <trkpt lat="37.4622820" lon="127.0416870">
    <ele>25.1</ele>
    <time>2026-07-16T02:52:17Z</time>
   </trkpt>
   <trkpt lat="37.4622360" lon="127.0417200">
    <ele>25.1</ele>
    <time>2026-07-16T02:52:18Z</time>
   </trkpt>
   <trkpt lat="37.4621940" lon="127.0417550">
    <ele>25.1</ele>
    <time>2026-07-16T02:52:19Z</time>
   </trkpt>
   <trkpt lat="37.4621510" lon="127.0417870">
    <ele>25.0</ele>
    <time>2026-07-16T02:52:20Z</time>
   </trkpt>
   <trkpt lat="37.4621050" lon="127.0418150">
    <ele>25.0</ele>
    <time>2026-07-16T02:52:21Z</time>
   </trkpt>
   <trkpt lat="37.4620600" lon="127.0418460">
    <ele>24.9</ele>
    <time>2026-07-16T02:52:22Z</time>
   </trkpt>
   <trkpt lat="37.4620190" lon="127.0418690">
    <ele>24.9</ele>
    <time>2026-07-16T02:52:23Z</time>
   </trkpt>
   <trkpt lat="37.4619760" lon="127.0419030">
    <ele>24.9</ele>
    <time>2026-07-16T02:52:24Z</time>
   </trkpt>
   <trkpt lat="37.4619320" lon="127.0419350">
    <ele>25.0</ele>
    <time>2026-07-16T02:52:25Z</time>
   </trkpt>
   <trkpt lat="37.4620910" lon="127.0422840">
    <ele>28.1</ele>
    <time>2026-07-16T02:52:26Z</time>
   </trkpt>
   <trkpt lat="37.4619280" lon="127.0422380">
    <ele>25.0</ele>
    <time>2026-07-16T02:52:27Z</time>
   </trkpt>
   <trkpt lat="37.4619020" lon="127.0422840">
    <ele>25.1</ele>
    <time>2026-07-16T02:52:28Z</time>
   </trkpt>
   <trkpt lat="37.4618860" lon="127.0423390">
    <ele>25.2</ele>
    <time>2026-07-16T02:52:29Z</time>
   </trkpt>
   <trkpt lat="37.4618680" lon="127.0423810">
    <ele>25.3</ele>
    <time>2026-07-16T02:52:30Z</time>
   </trkpt>
   <trkpt lat="37.4618600" lon="127.0424340">
    <ele>25.3</ele>
    <time>2026-07-16T02:52:31Z</time>
   </trkpt>
   <trkpt lat="37.4618530" lon="127.0424910">
    <ele>25.4</ele>
    <time>2026-07-16T02:52:32Z</time>
   </trkpt>
   <trkpt lat="37.4618440" lon="127.0425510">
    <ele>25.5</ele>
    <time>2026-07-16T02:52:33Z</time>
   </trkpt>
   <trkpt lat="37.4618350" lon="127.0426140">
    <ele>25.5</ele>
    <time>2026-07-16T02:52:34Z</time>
   </trkpt>
   <trkpt lat="37.4618290" lon="127.0426820">
    <ele>25.6</ele>
    <time>2026-07-16T02:52:35Z</time>
   </trkpt>
   <trkpt lat="37.4618210" lon="127.0427450">
    <ele>25.6</ele>
    <time>2026-07-16T02:52:36Z</time>
   </trkpt>
   <trkpt lat="37.4618150" lon="127.0428110">
    <ele>25.7</ele>
    <time>2026-07-16T02:52:37Z</time>
   </trkpt>
   <trkpt lat="37.4618160" lon="127.0428810">
    <ele>25.7</ele>
    <time>2026-07-16T02:52:38Z</time>
   </trkpt>
   <trkpt lat="37.4618150" lon="127.0429540">
    <ele>25.7</ele>
    <time>2026-07-16T02:52:39Z</time>
   </trkpt>
   <trkpt lat="37.4618170" lon="127.0430260">
    <ele>25.8</ele>
    <time>2026-07-16T02:52:40Z</time>
   </trkpt>
   <trkpt lat="37.4618140" lon="127.0430890">
    <ele>25.8</ele>
    <time>2026-07-16T02:52:41Z</time>
   </trkpt>
   <trkpt lat="37.4618090" lon="127.0431600">
    <ele>25.9</ele>
    <time>2026-07-16T02:52:42Z</time>
   </trkpt>
   <trkpt lat="37.4618100" lon="127.0432370">
    <ele>25.9</ele>
    <time>2026-07-16T02:52:43Z</time>
   </trkpt>
   <trkpt lat="37.4618130" lon="127.0433110">
    <ele>26.0</ele>
    <time>2026-07-16T02:52:44Z</time>
   </trkpt>
   <trkpt lat="37.4618150" lon="127.0433830">
    <ele>26.0</ele>
    <time>2026-07-16T02:52:45Z</time>
   </trkpt>
   <trkpt lat="37.4618110" lon="127.0434550">
    <ele>26.1</ele>
    <time>2026-07-16T02:52:46Z</time>
   </trkpt>
   <trkpt lat="37.4618090" lon="127.0435280">
    <ele>26.1</ele>
    <time>2026-07-16T02:52:47Z</time>
   </trkpt>
   <trkpt lat="37.4618090" lon="127.0435990">
    <ele>26.2</ele>
    <time>2026-07-16T02:52:48Z</time>
   </trkpt>
   <trkpt lat="37.4618070" lon="127.0436710">
    <ele>26.3</ele>
    <time>2026-07-16T02:52:49Z</time>
   </trkpt>
   <trkpt lat="37.4618070" lon="127.0437450">
    <ele>26.4</ele>
    <time>2026-07-16T02:52:50Z</time>
   </trkpt>
   <trkpt lat="37.4618030" lon="127.0438150">
    <ele>26.4</ele>
    <time>2026-07-16T02:52:51Z</time>
   </trkpt>
   <trkpt lat="37.4618010" lon="127.0438860">
    <ele>26.5</ele>
    <time>2026-07-16T02:52:52Z</time>
   </trkpt>
   <trkpt lat="37.4617970" lon="127.0439570">
    <ele>26.6</ele>
    <time>2026-07-16T02:52:53Z</time>
   </trkpt>
   <trkpt lat="37.4617920" lon="127.0440260">
    <ele>26.7</ele>
    <time>2026-07-16T02:52:54Z</time>
   </trkpt>
   <trkpt lat="37.4617860" lon="127.0440980">
    <ele>26.8</ele>
    <time>2026-07-16T02:52:55Z</time>
   </trkpt>
   <trkpt lat="37.4617800" lon="127.0441710">
    <ele>26.9</ele>
    <time>2026-07-16T02:52:56Z</time>
   </trkpt>
   <trkpt lat="37.4617740" lon="127.0442420">
    <ele>27.1</ele>
    <time>2026-07-16T02:52:57Z</time>
   </trkpt>
   <trkpt lat="37.4617680" lon="127.0443130">
    <ele>27.2</ele>
    <time>2026-07-16T02:52:58Z</time>
   </trkpt>
   <trkpt lat="37.4617590" lon="127.0443850">
    <ele>27.3</ele>
    <time>2026-07-16T02:52:59Z</time>
   </trkpt>
   <trkpt lat="37.4617520" lon="127.0444570">
    <ele>27.4</ele>
    <time>2026-07-16T02:53:00Z</time>
   </trkpt>
   <trkpt lat="37.4617450" lon="127.0445270">
    <ele>27.5</ele>
    <time>2026-07-16T02:53:01Z</time>
   </trkpt>
   <trkpt lat="37.4617360" lon="127.0445930">
    <ele>27.6</ele>
    <time>2026-07-16T02:53:02Z</time>
   </trkpt>
   <trkpt lat="37.4617260" lon="127.0446530">
    <ele>27.8</ele>
    <time>2026-07-16T02:53:03Z</time>
   </trkpt>
   <trkpt lat="37.4617200" lon="127.0447110">
    <ele>27.9</ele>
    <time>2026-07-16T02:53:04Z</time>
   </trkpt>
   <trkpt lat="37.4617130" lon="127.0447660">
    <ele>28.0</ele>
    <time>2026-07-16T02:53:05Z</time>
   </trkpt>
   <trkpt lat="37.4617050" lon="127.0448160">
    <ele>28.2</ele>
    <time>2026-07-16T02:53:06Z</time>
   </trkpt>
   <trkpt lat="37.4616980" lon="127.0448570">
    <ele>28.3</ele>
    <time>2026-07-16T02:53:07Z</time>
   </trkpt>
   <trkpt lat="37.4616960" lon="127.0448790">
    <ele>28.3</ele>
    <time>2026-07-16T02:53:08Z</time>
   </trkpt>
   <trkpt lat="37.4616980" lon="127.0448710">
    <ele>28.3</ele>
    <time>2026-07-16T02:53:09Z</time>
   </trkpt>
   <trkpt lat="37.4616980" lon="127.0448620">
    <ele>28.4</ele>
    <time>2026-07-16T02:53:10Z</time>
   </trkpt>
   <trkpt lat="37.4616960" lon="127.0448590">
    <ele>28.4</ele>
    <time>2026-07-16T02:53:11Z</time>
   </trkpt>
   <trkpt lat="37.4616950" lon="127.0448560">
    <ele>28.4</ele>
    <time>2026-07-16T02:53:12Z</time>
   </trkpt>
   <trkpt lat="37.4616970" lon="127.0448570">
    <ele>28.4</ele>
    <time>2026-07-16T02:53:13Z</time>
   </trkpt>
   <trkpt lat="37.4616970" lon="127.0448580">
    <ele>28.4</ele>
    <time>2026-07-16T02:53:14Z</time>
   </trkpt>
   <trkpt lat="37.4616970" lon="127.0448560">
    <ele>28.4</ele>
    <time>2026-07-16T02:53:15Z</time>
   </trkpt>
   <trkpt lat="37.4616980" lon="127.0448570">
    <ele>28.4</ele>
    <time>2026-07-16T02:53:16Z</time>
   </trkpt>
   <trkpt lat="37.4616970" lon="127.0448560">
    <ele>28.4</ele>
    <time>2026-07-16T02:53:17Z</time>
   </trkpt>
   <trkpt lat="37.4616970" lon="127.0448550">
    <ele>28.4</ele>
    <time>2026-07-16T02:53:18Z</time>
   </trkpt>
   <trkpt lat="37.4616980" lon="127.0448540">
    <ele>28.4</ele>
    <time>2026-07-16T02:53:19Z</time>
   </trkpt>
   <trkpt lat="37.4616980" lon="127.0448540">
    <ele>28.4</ele>
    <time>2026-07-16T02:53:20Z</time>
   </trkpt>
   <trkpt lat="37.4616980" lon="127.0448540">
    <ele>28.4</ele>
    <time>2026-07-16T02:53:21Z</time>
   </trkpt>
   <trkpt lat="37.4616980" lon="127.0448590">
    <ele>28.4</ele>
    <time>2026-07-16T02:53:22Z</time>
   </trkpt>
   <trkpt lat="37.4616950" lon="127.0448550">
    <ele>28.4</ele>
    <time>2026-07-16T02:53:23Z</time>
   </trkpt>
   <trkpt lat="37.4616940" lon="127.0448550">
    <ele>28.4</ele>
    <time>2026-07-16T02:53:24Z</time>
   </trkpt>
   <trkpt lat="37.4616950" lon="127.0448590">
    <ele>28.4</ele>
    <time>2026-07-16T02:53:25Z</time>
   </trkpt>
   <trkpt lat="37.4616950" lon="127.0448560">
    <ele>28.4</ele>
    <time>2026-07-16T02:53:26Z</time>
   </trkpt>
   <trkpt lat="37.4616940" lon="127.0448570">
    <ele>28.4</ele>
    <time>2026-07-16T02:53:27Z</time>
   </trkpt>
   <trkpt lat="37.4616950" lon="127.0448560">
    <ele>28.5</ele>
    <time>2026-07-16T02:53:28Z</time>
   </trkpt>
   <trkpt lat="37.4616940" lon="127.0448620">
    <ele>28.5</ele>
    <time>2026-07-16T02:53:29Z</time>
   </trkpt>
   <trkpt lat="37.4616920" lon="127.0448770">
    <ele>28.5</ele>
    <time>2026-07-16T02:53:30Z</time>
   </trkpt>
   <trkpt lat="37.4616870" lon="127.0448950">
    <ele>28.5</ele>
    <time>2026-07-16T02:53:31Z</time>
   </trkpt>
   <trkpt lat="37.4616840" lon="127.0449190">
    <ele>28.6</ele>
    <time>2026-07-16T02:53:32Z</time>
   </trkpt>
   <trkpt lat="37.4616830" lon="127.0449530">
    <ele>28.7</ele>
    <time>2026-07-16T02:53:33Z</time>
   </trkpt>
   <trkpt lat="37.4616750" lon="127.0449820">
    <ele>28.8</ele>
    <time>2026-07-16T02:53:34Z</time>
   </trkpt>
   <trkpt lat="37.4616670" lon="127.0450220">
    <ele>28.9</ele>
    <time>2026-07-16T02:53:35Z</time>
   </trkpt>
   <trkpt lat="37.4616650" lon="127.0450640">
    <ele>29.0</ele>
    <time>2026-07-16T02:53:36Z</time>
   </trkpt>
   <trkpt lat="37.4616540" lon="127.0451110">
    <ele>29.1</ele>
    <time>2026-07-16T02:53:37Z</time>
   </trkpt>
   <trkpt lat="37.4616400" lon="127.0451640">
    <ele>29.2</ele>
    <time>2026-07-16T02:53:38Z</time>
   </trkpt>
   <trkpt lat="37.4616270" lon="127.0452200">
    <ele>29.3</ele>
    <time>2026-07-16T02:53:39Z</time>
   </trkpt>
   <trkpt lat="37.4616210" lon="127.0452730">
    <ele>29.4</ele>
    <time>2026-07-16T02:53:40Z</time>
   </trkpt>
   <trkpt lat="37.4616100" lon="127.0453200">
    <ele>29.6</ele>
    <time>2026-07-16T02:53:41Z</time>
   </trkpt>
   <trkpt lat="37.4616030" lon="127.0453660">
    <ele>29.6</ele>
    <time>2026-07-16T02:53:42Z</time>
   </trkpt>
   <trkpt lat="37.4615910" lon="127.0454130">
    <ele>29.7</ele>
    <time>2026-07-16T02:53:43Z</time>
   </trkpt>
   <trkpt lat="37.4615780" lon="127.0454590">
    <ele>29.8</ele>
    <time>2026-07-16T02:53:44Z</time>
   </trkpt>
   <trkpt lat="37.4615690" lon="127.0455120">
    <ele>30.0</ele>
    <time>2026-07-16T02:53:45Z</time>
   </trkpt>
   <trkpt lat="37.4615590" lon="127.0455610">
    <ele>30.1</ele>
    <time>2026-07-16T02:53:46Z</time>
   </trkpt>
   <trkpt lat="37.4615440" lon="127.0456090">
    <ele>30.2</ele>
    <time>2026-07-16T02:53:47Z</time>
   </trkpt>
   <trkpt lat="37.4615340" lon="127.0456640">
    <ele>30.3</ele>
    <time>2026-07-16T02:53:48Z</time>
   </trkpt>
   <trkpt lat="37.4615250" lon="127.0457240">
    <ele>30.4</ele>
    <time>2026-07-16T02:53:49Z</time>
   </trkpt>
   <trkpt lat="37.4615120" lon="127.0457760">
    <ele>30.5</ele>
    <time>2026-07-16T02:53:50Z</time>
   </trkpt>
   <trkpt lat="37.4615010" lon="127.0458250">
    <ele>30.6</ele>
    <time>2026-07-16T02:53:51Z</time>
   </trkpt>
   <trkpt lat="37.4614890" lon="127.0458680">
    <ele>30.6</ele>
    <time>2026-07-16T02:53:52Z</time>
   </trkpt>
   <trkpt lat="37.4614810" lon="127.0459150">
    <ele>30.6</ele>
    <time>2026-07-16T02:53:53Z</time>
   </trkpt>
   <trkpt lat="37.4614690" lon="127.0459740">
    <ele>30.5</ele>
    <time>2026-07-16T02:53:54Z</time>
   </trkpt>
   <trkpt lat="37.4614570" lon="127.0460240">
    <ele>30.5</ele>
    <time>2026-07-16T02:53:55Z</time>
   </trkpt>
   <trkpt lat="37.4614460" lon="127.0460580">
    <ele>30.5</ele>
    <time>2026-07-16T02:53:56Z</time>
   </trkpt>
   <trkpt lat="37.4614230" lon="127.0460540">
    <ele>30.5</ele>
    <time>2026-07-16T02:53:57Z</time>
   </trkpt>
   <trkpt lat="37.4613770" lon="127.0461150">
    <ele>30.4</ele>
    <time>2026-07-16T02:53:58Z</time>
   </trkpt>
   <trkpt lat="37.4613320" lon="127.0462120">
    <ele>30.4</ele>
    <time>2026-07-16T02:53:59Z</time>
   </trkpt>
   <trkpt lat="37.4613600" lon="127.0462870">
    <ele>30.4</ele>
    <time>2026-07-16T02:54:00Z</time>
   </trkpt>
   <trkpt lat="37.4613580" lon="127.0463380">
    <ele>30.4</ele>
    <time>2026-07-16T02:54:01Z</time>
   </trkpt>
   <trkpt lat="37.4613580" lon="127.0464090">
    <ele>30.4</ele>
    <time>2026-07-16T02:54:02Z</time>
   </trkpt>
   <trkpt lat="37.4613510" lon="127.0464870">
    <ele>30.3</ele>
    <time>2026-07-16T02:54:03Z</time>
   </trkpt>
   <trkpt lat="37.4613370" lon="127.0465510">
    <ele>30.3</ele>
    <time>2026-07-16T02:54:04Z</time>
   </trkpt>
   <trkpt lat="37.4613200" lon="127.0466120">
    <ele>30.3</ele>
    <time>2026-07-16T02:54:05Z</time>
   </trkpt>
   <trkpt lat="37.4613020" lon="127.0466730">
    <ele>30.3</ele>
    <time>2026-07-16T02:54:06Z</time>
   </trkpt>
   <trkpt lat="37.4612830" lon="127.0467360">
    <ele>30.3</ele>
    <time>2026-07-16T02:54:07Z</time>
   </trkpt>
   <trkpt lat="37.4612600" lon="127.0468100">
    <ele>30.2</ele>
    <time>2026-07-16T02:54:08Z</time>
   </trkpt>
   <trkpt lat="37.4612310" lon="127.0468780">
    <ele>30.2</ele>
    <time>2026-07-16T02:54:09Z</time>
   </trkpt>
   <trkpt lat="37.4612030" lon="127.0469460">
    <ele>30.2</ele>
    <time>2026-07-16T02:54:10Z</time>
   </trkpt>
   <trkpt lat="37.4611790" lon="127.0470150">
    <ele>30.2</ele>
    <time>2026-07-16T02:54:11Z</time>
   </trkpt>
   <trkpt lat="37.4611470" lon="127.0470770">
    <ele>30.1</ele>
    <time>2026-07-16T02:54:12Z</time>
   </trkpt>
   <trkpt lat="37.4611190" lon="127.0471380">
    <ele>30.1</ele>
    <time>2026-07-16T02:54:13Z</time>
   </trkpt>
   <trkpt lat="37.4610890" lon="127.0471970">
    <ele>30.1</ele>
    <time>2026-07-16T02:54:14Z</time>
   </trkpt>
   <trkpt lat="37.4610650" lon="127.0472430">
    <ele>30.1</ele>
    <time>2026-07-16T02:54:15Z</time>
   </trkpt>
   <trkpt lat="37.4610530" lon="127.0472720">
    <ele>30.1</ele>
    <time>2026-07-16T02:54:16Z</time>
   </trkpt>
   <trkpt lat="37.4610410" lon="127.0472850">
    <ele>30.1</ele>
    <time>2026-07-16T02:54:17Z</time>
   </trkpt>
   <trkpt lat="37.4610470" lon="127.0472740">
    <ele>30.1</ele>
    <time>2026-07-16T02:54:18Z</time>
   </trkpt>
   <trkpt lat="37.4610500" lon="127.0472700">
    <ele>30.1</ele>
    <time>2026-07-16T02:54:19Z</time>
   </trkpt>
   <trkpt lat="37.4610490" lon="127.0472770">
    <ele>30.1</ele>
    <time>2026-07-16T02:54:20Z</time>
   </trkpt>
   <trkpt lat="37.4610540" lon="127.0472930">
    <ele>30.1</ele>
    <time>2026-07-16T02:54:21Z</time>
   </trkpt>
   <trkpt lat="37.4610640" lon="127.0473190">
    <ele>30.1</ele>
    <time>2026-07-16T02:54:22Z</time>
   </trkpt>
   <trkpt lat="37.4610590" lon="127.0473140">
    <ele>30.1</ele>
    <time>2026-07-16T02:54:23Z</time>
   </trkpt>
   <trkpt lat="37.4610560" lon="127.0473030">
    <ele>30.1</ele>
    <time>2026-07-16T02:54:24Z</time>
   </trkpt>
   <trkpt lat="37.4610550" lon="127.0472990">
    <ele>30.1</ele>
    <time>2026-07-16T02:54:25Z</time>
   </trkpt>
   <trkpt lat="37.4610540" lon="127.0472940">
    <ele>30.1</ele>
    <time>2026-07-16T02:54:26Z</time>
   </trkpt>
   <trkpt lat="37.4610560" lon="127.0472940">
    <ele>30.1</ele>
    <time>2026-07-16T02:54:27Z</time>
   </trkpt>
   <trkpt lat="37.4610560" lon="127.0472940">
    <ele>30.1</ele>
    <time>2026-07-16T02:54:28Z</time>
   </trkpt>
   <trkpt lat="37.4610560" lon="127.0472940">
    <ele>30.1</ele>
    <time>2026-07-16T02:54:29Z</time>
   </trkpt>
   <trkpt lat="37.4610560" lon="127.0472930">
    <ele>30.1</ele>
    <time>2026-07-16T02:54:30Z</time>
   </trkpt>
   <trkpt lat="37.4610570" lon="127.0472930">
    <ele>30.1</ele>
    <time>2026-07-16T02:54:31Z</time>
   </trkpt>
   <trkpt lat="37.4610570" lon="127.0472930">
    <ele>30.1</ele>
    <time>2026-07-16T02:54:32Z</time>
   </trkpt>
   <trkpt lat="37.4610560" lon="127.0472930">
    <ele>30.1</ele>
    <time>2026-07-16T02:54:33Z</time>
   </trkpt>
   <trkpt lat="37.4610570" lon="127.0472940">
    <ele>30.1</ele>
    <time>2026-07-16T02:54:34Z</time>
   </trkpt>
   <trkpt lat="37.4610560" lon="127.0472910">
    <ele>30.1</ele>
    <time>2026-07-16T02:54:35Z</time>
   </trkpt>
   <trkpt lat="37.4610580" lon="127.0472920">
    <ele>30.1</ele>
    <time>2026-07-16T02:54:36Z</time>
   </trkpt>
   <trkpt lat="37.4610580" lon="127.0472920">
    <ele>30.1</ele>
    <time>2026-07-16T02:54:37Z</time>
   </trkpt>
   <trkpt lat="37.4610600" lon="127.0472930">
    <ele>30.1</ele>
    <time>2026-07-16T02:54:38Z</time>
   </trkpt>
   <trkpt lat="37.4610580" lon="127.0472950">
    <ele>30.1</ele>
    <time>2026-07-16T02:54:39Z</time>
   </trkpt>
   <trkpt lat="37.4610560" lon="127.0472970">
    <ele>30.1</ele>
    <time>2026-07-16T02:54:40Z</time>
   </trkpt>
   <trkpt lat="37.4610540" lon="127.0472990">
    <ele>30.1</ele>
    <time>2026-07-16T02:54:41Z</time>
   </trkpt>
   <trkpt lat="37.4610590" lon="127.0472940">
    <ele>30.1</ele>
    <time>2026-07-16T02:54:42Z</time>
   </trkpt>
   <trkpt lat="37.4610580" lon="127.0472940">
    <ele>30.1</ele>
    <time>2026-07-16T02:54:43Z</time>
   </trkpt>
   <trkpt lat="37.4610580" lon="127.0472940">
    <ele>30.1</ele>
    <time>2026-07-16T02:54:44Z</time>
   </trkpt>
   <trkpt lat="37.4610580" lon="127.0472930">
    <ele>30.1</ele>
    <time>2026-07-16T02:54:45Z</time>
   </trkpt>
   <trkpt lat="37.4610570" lon="127.0472960">
    <ele>30.1</ele>
    <time>2026-07-16T02:54:46Z</time>
   </trkpt>
   <trkpt lat="37.4610560" lon="127.0473070">
    <ele>30.1</ele>
    <time>2026-07-16T02:54:47Z</time>
   </trkpt>
   <trkpt lat="37.4610510" lon="127.0473240">
    <ele>30.1</ele>
    <time>2026-07-16T02:54:48Z</time>
   </trkpt>
   <trkpt lat="37.4610380" lon="127.0473430">
    <ele>30.1</ele>
    <time>2026-07-16T02:54:49Z</time>
   </trkpt>
   <trkpt lat="37.4610240" lon="127.0473680">
    <ele>30.1</ele>
    <time>2026-07-16T02:54:50Z</time>
   </trkpt>
   <trkpt lat="37.4610080" lon="127.0473860">
    <ele>30.1</ele>
    <time>2026-07-16T02:54:51Z</time>
   </trkpt>
   <trkpt lat="37.4609960" lon="127.0474050">
    <ele>30.1</ele>
    <time>2026-07-16T02:54:52Z</time>
   </trkpt>
   <trkpt lat="37.4609810" lon="127.0474260">
    <ele>30.1</ele>
    <time>2026-07-16T02:54:53Z</time>
   </trkpt>
   <trkpt lat="37.4609620" lon="127.0474560">
    <ele>30.1</ele>
    <time>2026-07-16T02:54:54Z</time>
   </trkpt>
   <trkpt lat="37.4609310" lon="127.0474970">
    <ele>30.1</ele>
    <time>2026-07-16T02:54:55Z</time>
   </trkpt>
   <trkpt lat="37.4609000" lon="127.0475310">
    <ele>30.0</ele>
    <time>2026-07-16T02:54:56Z</time>
   </trkpt>
   <trkpt lat="37.4608670" lon="127.0475690">
    <ele>30.0</ele>
    <time>2026-07-16T02:54:57Z</time>
   </trkpt>
   <trkpt lat="37.4608350" lon="127.0476120">
    <ele>30.0</ele>
    <time>2026-07-16T02:54:58Z</time>
   </trkpt>
   <trkpt lat="37.4608000" lon="127.0476530">
    <ele>30.0</ele>
    <time>2026-07-16T02:54:59Z</time>
   </trkpt>
   <trkpt lat="37.4607630" lon="127.0476970">
    <ele>30.1</ele>
    <time>2026-07-16T02:55:00Z</time>
   </trkpt>
   <trkpt lat="37.4607250" lon="127.0477400">
    <ele>30.1</ele>
    <time>2026-07-16T02:55:01Z</time>
   </trkpt>
   <trkpt lat="37.4606810" lon="127.0477720">
    <ele>30.1</ele>
    <time>2026-07-16T02:55:02Z</time>
   </trkpt>
   <trkpt lat="37.4606450" lon="127.0477940">
    <ele>30.1</ele>
    <time>2026-07-16T02:55:03Z</time>
   </trkpt>
   <trkpt lat="37.4606130" lon="127.0478060">
    <ele>30.1</ele>
    <time>2026-07-16T02:55:04Z</time>
   </trkpt>
   <trkpt lat="37.4605890" lon="127.0478210">
    <ele>30.0</ele>
    <time>2026-07-16T02:55:05Z</time>
   </trkpt>
   <trkpt lat="37.4605670" lon="127.0478400">
    <ele>29.9</ele>
    <time>2026-07-16T02:55:06Z</time>
   </trkpt>
   <trkpt lat="37.4605390" lon="127.0478550">
    <ele>29.8</ele>
    <time>2026-07-16T02:55:07Z</time>
   </trkpt>
   <trkpt lat="37.4605030" lon="127.0478610">
    <ele>29.9</ele>
    <time>2026-07-16T02:55:08Z</time>
   </trkpt>
   <trkpt lat="37.4604840" lon="127.0478660">
    <ele>29.9</ele>
    <time>2026-07-16T02:55:09Z</time>
   </trkpt>
   <trkpt lat="37.4604890" lon="127.0478640">
    <ele>30.0</ele>
    <time>2026-07-16T02:55:10Z</time>
   </trkpt>
   <trkpt lat="37.4604960" lon="127.0478620">
    <ele>30.0</ele>
    <time>2026-07-16T02:55:11Z</time>
   </trkpt>
   <trkpt lat="37.4604960" lon="127.0478620">
    <ele>30.0</ele>
    <time>2026-07-16T02:55:12Z</time>
   </trkpt>
   <trkpt lat="37.4604960" lon="127.0478620">
    <ele>30.0</ele>
    <time>2026-07-16T02:55:13Z</time>
   </trkpt>
   <trkpt lat="37.4604960" lon="127.0478620">
    <ele>30.0</ele>
    <time>2026-07-16T02:55:14Z</time>
   </trkpt>
   <trkpt lat="37.4604960" lon="127.0478620">
    <ele>30.0</ele>
    <time>2026-07-16T02:55:15Z</time>
   </trkpt>
   <trkpt lat="37.4604940" lon="127.0478610">
    <ele>30.0</ele>
    <time>2026-07-16T02:55:16Z</time>
   </trkpt>
   <trkpt lat="37.4604940" lon="127.0478600">
    <ele>30.0</ele>
    <time>2026-07-16T02:55:17Z</time>
   </trkpt>
   <trkpt lat="37.4604940" lon="127.0478590">
    <ele>30.0</ele>
    <time>2026-07-16T02:55:18Z</time>
   </trkpt>
   <trkpt lat="37.4604940" lon="127.0478590">
    <ele>30.0</ele>
    <time>2026-07-16T02:55:19Z</time>
   </trkpt>
   <trkpt lat="37.4604940" lon="127.0478590">
    <ele>30.0</ele>
    <time>2026-07-16T02:55:20Z</time>
   </trkpt>
   <trkpt lat="37.4604940" lon="127.0478590">
    <ele>30.0</ele>
    <time>2026-07-16T02:55:21Z</time>
   </trkpt>
   <trkpt lat="37.4604930" lon="127.0478590">
    <ele>30.0</ele>
    <time>2026-07-16T02:55:22Z</time>
   </trkpt>
   <trkpt lat="37.4604930" lon="127.0478580">
    <ele>30.0</ele>
    <time>2026-07-16T02:55:23Z</time>
   </trkpt>
   <trkpt lat="37.4604930" lon="127.0478580">
    <ele>30.0</ele>
    <time>2026-07-16T02:55:24Z</time>
   </trkpt>
   <trkpt lat="37.4604930" lon="127.0478580">
    <ele>30.0</ele>
    <time>2026-07-16T02:55:25Z</time>
   </trkpt>
   <trkpt lat="37.4604920" lon="127.0478570">
    <ele>30.0</ele>
    <time>2026-07-16T02:55:26Z</time>
   </trkpt>
   <trkpt lat="37.4604920" lon="127.0478590">
    <ele>30.0</ele>
    <time>2026-07-16T02:55:27Z</time>
   </trkpt>
   <trkpt lat="37.4604920" lon="127.0478580">
    <ele>30.0</ele>
    <time>2026-07-16T02:55:28Z</time>
   </trkpt>
   <trkpt lat="37.4604920" lon="127.0478580">
    <ele>30.0</ele>
    <time>2026-07-16T02:55:29Z</time>
   </trkpt>
   <trkpt lat="37.4604920" lon="127.0478570">
    <ele>30.0</ele>
    <time>2026-07-16T02:55:30Z</time>
   </trkpt>
   <trkpt lat="37.4604920" lon="127.0478570">
    <ele>30.0</ele>
    <time>2026-07-16T02:55:31Z</time>
   </trkpt>
   <trkpt lat="37.4604920" lon="127.0478570">
    <ele>30.0</ele>
    <time>2026-07-16T02:55:32Z</time>
   </trkpt>
   <trkpt lat="37.4604910" lon="127.0478570">
    <ele>30.0</ele>
    <time>2026-07-16T02:55:33Z</time>
   </trkpt>
   <trkpt lat="37.4604920" lon="127.0478580">
    <ele>30.0</ele>
    <time>2026-07-16T02:55:34Z</time>
   </trkpt>
   <trkpt lat="37.4604920" lon="127.0478580">
    <ele>30.0</ele>
    <time>2026-07-16T02:55:35Z</time>
   </trkpt>
   <trkpt lat="37.4604880" lon="127.0478580">
    <ele>30.1</ele>
    <time>2026-07-16T02:55:36Z</time>
   </trkpt>
   <trkpt lat="37.4604750" lon="127.0478650">
    <ele>30.1</ele>
    <time>2026-07-16T02:55:37Z</time>
   </trkpt>
   <trkpt lat="37.4604670" lon="127.0478760">
    <ele>30.1</ele>
    <time>2026-07-16T02:55:38Z</time>
   </trkpt>
   <trkpt lat="37.4604540" lon="127.0478890">
    <ele>30.2</ele>
    <time>2026-07-16T02:55:39Z</time>
   </trkpt>
   <trkpt lat="37.4604360" lon="127.0478950">
    <ele>30.3</ele>
    <time>2026-07-16T02:55:40Z</time>
   </trkpt>
   <trkpt lat="37.4604120" lon="127.0478960">
    <ele>30.4</ele>
    <time>2026-07-16T02:55:41Z</time>
   </trkpt>
   <trkpt lat="37.4603860" lon="127.0479110">
    <ele>30.5</ele>
    <time>2026-07-16T02:55:42Z</time>
   </trkpt>
   <trkpt lat="37.4603560" lon="127.0479210">
    <ele>30.6</ele>
    <time>2026-07-16T02:55:43Z</time>
   </trkpt>
   <trkpt lat="37.4603190" lon="127.0479290">
    <ele>30.8</ele>
    <time>2026-07-16T02:55:44Z</time>
   </trkpt>
   <trkpt lat="37.4602800" lon="127.0479450">
    <ele>30.9</ele>
    <time>2026-07-16T02:55:45Z</time>
   </trkpt>
   <trkpt lat="37.4602390" lon="127.0479650">
    <ele>31.1</ele>
    <time>2026-07-16T02:55:46Z</time>
   </trkpt>
   <trkpt lat="37.4601990" lon="127.0479960">
    <ele>31.3</ele>
    <time>2026-07-16T02:55:47Z</time>
   </trkpt>
   <trkpt lat="37.4601620" lon="127.0480280">
    <ele>31.5</ele>
    <time>2026-07-16T02:55:48Z</time>
   </trkpt>
   <trkpt lat="37.4601200" lon="127.0480520">
    <ele>31.7</ele>
    <time>2026-07-16T02:55:49Z</time>
   </trkpt>
   <trkpt lat="37.4600750" lon="127.0480750">
    <ele>31.9</ele>
    <time>2026-07-16T02:55:50Z</time>
   </trkpt>
   <trkpt lat="37.4600270" lon="127.0480960">
    <ele>32.1</ele>
    <time>2026-07-16T02:55:51Z</time>
   </trkpt>
   <trkpt lat="37.4599780" lon="127.0481150">
    <ele>32.4</ele>
    <time>2026-07-16T02:55:52Z</time>
   </trkpt>
   <trkpt lat="37.4599390" lon="127.0481460">
    <ele>32.3</ele>
    <time>2026-07-16T02:55:53Z</time>
   </trkpt>
   <trkpt lat="37.4598990" lon="127.0481800">
    <ele>32.1</ele>
    <time>2026-07-16T02:55:54Z</time>
   </trkpt>
   <trkpt lat="37.4598520" lon="127.0482060">
    <ele>31.9</ele>
    <time>2026-07-16T02:55:55Z</time>
   </trkpt>
   <trkpt lat="37.4598030" lon="127.0482320">
    <ele>31.7</ele>
    <time>2026-07-16T02:55:56Z</time>
   </trkpt>
   <trkpt lat="37.4597500" lon="127.0482630">
    <ele>31.4</ele>
    <time>2026-07-16T02:55:57Z</time>
   </trkpt>
   <trkpt lat="37.4597010" lon="127.0482900">
    <ele>31.2</ele>
    <time>2026-07-16T02:55:58Z</time>
   </trkpt>
   <trkpt lat="37.4596520" lon="127.0483240">
    <ele>31.0</ele>
    <time>2026-07-16T02:55:59Z</time>
   </trkpt>
   <trkpt lat="37.4596030" lon="127.0483590">
    <ele>30.7</ele>
    <time>2026-07-16T02:56:00Z</time>
   </trkpt>
   <trkpt lat="37.4595570" lon="127.0483980">
    <ele>30.5</ele>
    <time>2026-07-16T02:56:01Z</time>
   </trkpt>
   <trkpt lat="37.4595130" lon="127.0484410">
    <ele>30.3</ele>
    <time>2026-07-16T02:56:02Z</time>
   </trkpt>
   <trkpt lat="37.4594690" lon="127.0484850">
    <ele>30.1</ele>
    <time>2026-07-16T02:56:03Z</time>
   </trkpt>
   <trkpt lat="37.4594280" lon="127.0485310">
    <ele>30.0</ele>
    <time>2026-07-16T02:56:04Z</time>
   </trkpt>
   <trkpt lat="37.4593850" lon="127.0485740">
    <ele>29.9</ele>
    <time>2026-07-16T02:56:05Z</time>
   </trkpt>
   <trkpt lat="37.4593400" lon="127.0486190">
    <ele>29.9</ele>
    <time>2026-07-16T02:56:06Z</time>
   </trkpt>
   <trkpt lat="37.4592970" lon="127.0486580">
    <ele>29.9</ele>
    <time>2026-07-16T02:56:07Z</time>
   </trkpt>
   <trkpt lat="37.4592500" lon="127.0486960">
    <ele>29.9</ele>
    <time>2026-07-16T02:56:08Z</time>
   </trkpt>
   <trkpt lat="37.4592040" lon="127.0487330">
    <ele>29.9</ele>
    <time>2026-07-16T02:56:09Z</time>
   </trkpt>
   <trkpt lat="37.4591590" lon="127.0487760">
    <ele>29.9</ele>
    <time>2026-07-16T02:56:10Z</time>
   </trkpt>
   <trkpt lat="37.4591150" lon="127.0488180">
    <ele>29.9</ele>
    <time>2026-07-16T02:56:11Z</time>
   </trkpt>
   <trkpt lat="37.4590690" lon="127.0488640">
    <ele>29.8</ele>
    <time>2026-07-16T02:56:12Z</time>
   </trkpt>
   <trkpt lat="37.4590300" lon="127.0489070">
    <ele>29.8</ele>
    <time>2026-07-16T02:56:13Z</time>
   </trkpt>
   <trkpt lat="37.4589810" lon="127.0489510">
    <ele>29.7</ele>
    <time>2026-07-16T02:56:14Z</time>
   </trkpt>
   <trkpt lat="37.4589390" lon="127.0489990">
    <ele>29.7</ele>
    <time>2026-07-16T02:56:15Z</time>
   </trkpt>
   <trkpt lat="37.4588910" lon="127.0490350">
    <ele>29.6</ele>
    <time>2026-07-16T02:56:16Z</time>
   </trkpt>
   <trkpt lat="37.4588430" lon="127.0490720">
    <ele>29.7</ele>
    <time>2026-07-16T02:56:17Z</time>
   </trkpt>
   <trkpt lat="37.4587940" lon="127.0491080">
    <ele>29.8</ele>
    <time>2026-07-16T02:56:18Z</time>
   </trkpt>
   <trkpt lat="37.4587440" lon="127.0491460">
    <ele>29.8</ele>
    <time>2026-07-16T02:56:19Z</time>
   </trkpt>
   <trkpt lat="37.4586940" lon="127.0491760">
    <ele>29.9</ele>
    <time>2026-07-16T02:56:20Z</time>
   </trkpt>
   <trkpt lat="37.4586510" lon="127.0492230">
    <ele>30.0</ele>
    <time>2026-07-16T02:56:21Z</time>
   </trkpt>
   <trkpt lat="37.4586040" lon="127.0492630">
    <ele>30.1</ele>
    <time>2026-07-16T02:56:22Z</time>
   </trkpt>
   <trkpt lat="37.4585570" lon="127.0493020">
    <ele>30.1</ele>
    <time>2026-07-16T02:56:23Z</time>
   </trkpt>
   <trkpt lat="37.4585090" lon="127.0493440">
    <ele>30.2</ele>
    <time>2026-07-16T02:56:24Z</time>
   </trkpt>
   <trkpt lat="37.4584600" lon="127.0493760">
    <ele>30.2</ele>
    <time>2026-07-16T02:56:25Z</time>
   </trkpt>
   <trkpt lat="37.4584150" lon="127.0494040">
    <ele>30.3</ele>
    <time>2026-07-16T02:56:26Z</time>
   </trkpt>
   <trkpt lat="37.4584000" lon="127.0494100">
    <ele>30.3</ele>
    <time>2026-07-16T02:56:27Z</time>
   </trkpt>
   <trkpt lat="37.4584000" lon="127.0494190">
    <ele>30.3</ele>
    <time>2026-07-16T02:56:28Z</time>
   </trkpt>
   <trkpt lat="37.4584180" lon="127.0494000">
    <ele>30.4</ele>
    <time>2026-07-16T02:56:29Z</time>
   </trkpt>
   <trkpt lat="37.4584080" lon="127.0494120">
    <ele>30.4</ele>
    <time>2026-07-16T02:56:30Z</time>
   </trkpt>
   <trkpt lat="37.4584140" lon="127.0494020">
    <ele>30.4</ele>
    <time>2026-07-16T02:56:31Z</time>
   </trkpt>
   <trkpt lat="37.4584150" lon="127.0494030">
    <ele>30.4</ele>
    <time>2026-07-16T02:56:32Z</time>
   </trkpt>
   <trkpt lat="37.4584150" lon="127.0494030">
    <ele>30.4</ele>
    <time>2026-07-16T02:56:33Z</time>
   </trkpt>
   <trkpt lat="37.4584120" lon="127.0494080">
    <ele>30.4</ele>
    <time>2026-07-16T02:56:34Z</time>
   </trkpt>
   <trkpt lat="37.4584150" lon="127.0494030">
    <ele>30.4</ele>
    <time>2026-07-16T02:56:35Z</time>
   </trkpt>
   <trkpt lat="37.4584150" lon="127.0494030">
    <ele>30.4</ele>
    <time>2026-07-16T02:56:36Z</time>
   </trkpt>
   <trkpt lat="37.4584150" lon="127.0494020">
    <ele>30.4</ele>
    <time>2026-07-16T02:56:37Z</time>
   </trkpt>
   <trkpt lat="37.4584150" lon="127.0494020">
    <ele>30.4</ele>
    <time>2026-07-16T02:56:38Z</time>
   </trkpt>
   <trkpt lat="37.4584140" lon="127.0494020">
    <ele>30.4</ele>
    <time>2026-07-16T02:56:39Z</time>
   </trkpt>
   <trkpt lat="37.4584140" lon="127.0494020">
    <ele>30.4</ele>
    <time>2026-07-16T02:56:40Z</time>
   </trkpt>
   <trkpt lat="37.4584130" lon="127.0494010">
    <ele>30.4</ele>
    <time>2026-07-16T02:56:41Z</time>
   </trkpt>
   <trkpt lat="37.4584140" lon="127.0494030">
    <ele>30.4</ele>
    <time>2026-07-16T02:56:42Z</time>
   </trkpt>
   <trkpt lat="37.4584060" lon="127.0494070">
    <ele>30.5</ele>
    <time>2026-07-16T02:56:43Z</time>
   </trkpt>
   <trkpt lat="37.4583950" lon="127.0494090">
    <ele>30.5</ele>
    <time>2026-07-16T02:56:44Z</time>
   </trkpt>
   <trkpt lat="37.4584060" lon="127.0494020">
    <ele>30.5</ele>
    <time>2026-07-16T02:56:45Z</time>
   </trkpt>
   <trkpt lat="37.4584020" lon="127.0494030">
    <ele>30.5</ele>
    <time>2026-07-16T02:56:46Z</time>
   </trkpt>
   <trkpt lat="37.4584030" lon="127.0494020">
    <ele>30.5</ele>
    <time>2026-07-16T02:56:47Z</time>
   </trkpt>
   <trkpt lat="37.4584030" lon="127.0494020">
    <ele>30.5</ele>
    <time>2026-07-16T02:56:48Z</time>
   </trkpt>
   <trkpt lat="37.4584050" lon="127.0494040">
    <ele>30.5</ele>
    <time>2026-07-16T02:56:49Z</time>
   </trkpt>
   <trkpt lat="37.4584060" lon="127.0494040">
    <ele>30.5</ele>
    <time>2026-07-16T02:56:50Z</time>
   </trkpt>
   <trkpt lat="37.4584040" lon="127.0494020">
    <ele>30.5</ele>
    <time>2026-07-16T02:56:51Z</time>
   </trkpt>
   <trkpt lat="37.4584030" lon="127.0494030">
    <ele>30.5</ele>
    <time>2026-07-16T02:56:52Z</time>
   </trkpt>
   <trkpt lat="37.4584020" lon="127.0494020">
    <ele>30.5</ele>
    <time>2026-07-16T02:56:53Z</time>
   </trkpt>
   <trkpt lat="37.4584030" lon="127.0494000">
    <ele>30.5</ele>
    <time>2026-07-16T02:56:54Z</time>
   </trkpt>
   <trkpt lat="37.4584020" lon="127.0494010">
    <ele>30.5</ele>
    <time>2026-07-16T02:56:55Z</time>
   </trkpt>
   <trkpt lat="37.4584030" lon="127.0494050">
    <ele>30.5</ele>
    <time>2026-07-16T02:56:56Z</time>
   </trkpt>
   <trkpt lat="37.4584030" lon="127.0494030">
    <ele>30.5</ele>
    <time>2026-07-16T02:56:57Z</time>
   </trkpt>
   <trkpt lat="37.4584040" lon="127.0494030">
    <ele>30.5</ele>
    <time>2026-07-16T02:56:58Z</time>
   </trkpt>
   <trkpt lat="37.4584040" lon="127.0494030">
    <ele>30.5</ele>
    <time>2026-07-16T02:56:59Z</time>
   </trkpt>
   <trkpt lat="37.4584040" lon="127.0494030">
    <ele>30.5</ele>
    <time>2026-07-16T02:57:00Z</time>
   </trkpt>
   <trkpt lat="37.4584040" lon="127.0494030">
    <ele>30.5</ele>
    <time>2026-07-16T02:57:01Z</time>
   </trkpt>
   <trkpt lat="37.4584040" lon="127.0494010">
    <ele>30.5</ele>
    <time>2026-07-16T02:57:02Z</time>
   </trkpt>
   <trkpt lat="37.4584040" lon="127.0494000">
    <ele>30.5</ele>
    <time>2026-07-16T02:57:03Z</time>
   </trkpt>
   <trkpt lat="37.4584040" lon="127.0494000">
    <ele>30.5</ele>
    <time>2026-07-16T02:57:04Z</time>
   </trkpt>
   <trkpt lat="37.4584040" lon="127.0494000">
    <ele>30.5</ele>
    <time>2026-07-16T02:57:05Z</time>
   </trkpt>
   <trkpt lat="37.4584040" lon="127.0494000">
    <ele>30.5</ele>
    <time>2026-07-16T02:57:06Z</time>
   </trkpt>
   <trkpt lat="37.4584040" lon="127.0494000">
    <ele>30.5</ele>
    <time>2026-07-16T02:57:07Z</time>
   </trkpt>
   <trkpt lat="37.4584040" lon="127.0494000">
    <ele>30.5</ele>
    <time>2026-07-16T02:57:08Z</time>
   </trkpt>
   <trkpt lat="37.4584040" lon="127.0493990">
    <ele>30.5</ele>
    <time>2026-07-16T02:57:09Z</time>
   </trkpt>
   <trkpt lat="37.4584050" lon="127.0493990">
    <ele>30.5</ele>
    <time>2026-07-16T02:57:10Z</time>
   </trkpt>
   <trkpt lat="37.4584040" lon="127.0493980">
    <ele>30.5</ele>
    <time>2026-07-16T02:57:11Z</time>
   </trkpt>
   <trkpt lat="37.4584040" lon="127.0493980">
    <ele>30.5</ele>
    <time>2026-07-16T02:57:12Z</time>
   </trkpt>
   <trkpt lat="37.4584040" lon="127.0493980">
    <ele>30.5</ele>
    <time>2026-07-16T02:57:13Z</time>
   </trkpt>
   <trkpt lat="37.4584050" lon="127.0493970">
    <ele>30.5</ele>
    <time>2026-07-16T02:57:14Z</time>
   </trkpt>
   <trkpt lat="37.4584040" lon="127.0493980">
    <ele>30.5</ele>
    <time>2026-07-16T02:57:15Z</time>
   </trkpt>
   <trkpt lat="37.4584040" lon="127.0493980">
    <ele>30.5</ele>
    <time>2026-07-16T02:57:16Z</time>
   </trkpt>
   <trkpt lat="37.4584040" lon="127.0493980">
    <ele>30.5</ele>
    <time>2026-07-16T02:57:17Z</time>
   </trkpt>
   <trkpt lat="37.4584040" lon="127.0493980">
    <ele>30.5</ele>
    <time>2026-07-16T02:57:18Z</time>
   </trkpt>
   <trkpt lat="37.4584040" lon="127.0493990">
    <ele>30.5</ele>
    <time>2026-07-16T02:57:19Z</time>
   </trkpt>
   <trkpt lat="37.4584040" lon="127.0493990">
    <ele>30.5</ele>
    <time>2026-07-16T02:57:20Z</time>
   </trkpt>
   <trkpt lat="37.4584040" lon="127.0494000">
    <ele>30.5</ele>
    <time>2026-07-16T02:57:21Z</time>
   </trkpt>
   <trkpt lat="37.4584040" lon="127.0494000">
    <ele>30.5</ele>
    <time>2026-07-16T02:57:22Z</time>
   </trkpt>
   <trkpt lat="37.4584040" lon="127.0494000">
    <ele>30.5</ele>
    <time>2026-07-16T02:57:23Z</time>
   </trkpt>
   <trkpt lat="37.4584040" lon="127.0494000">
    <ele>30.5</ele>
    <time>2026-07-16T02:57:24Z</time>
   </trkpt>
   <trkpt lat="37.4584040" lon="127.0494000">
    <ele>30.5</ele>
    <time>2026-07-16T02:57:25Z</time>
   </trkpt>
   <trkpt lat="37.4584040" lon="127.0494000">
    <ele>30.5</ele>
    <time>2026-07-16T02:57:26Z</time>
   </trkpt>
   <trkpt lat="37.4584040" lon="127.0494010">
    <ele>30.5</ele>
    <time>2026-07-16T02:57:27Z</time>
   </trkpt>
   <trkpt lat="37.4584040" lon="127.0494000">
    <ele>30.5</ele>
    <time>2026-07-16T02:57:28Z</time>
   </trkpt>
   <trkpt lat="37.4584010" lon="127.0494020">
    <ele>30.6</ele>
    <time>2026-07-16T02:57:29Z</time>
   </trkpt>
   <trkpt lat="37.4583920" lon="127.0494080">
    <ele>30.6</ele>
    <time>2026-07-16T02:57:30Z</time>
   </trkpt>
   <trkpt lat="37.4583830" lon="127.0494170">
    <ele>30.6</ele>
    <time>2026-07-16T02:57:31Z</time>
   </trkpt>
   <trkpt lat="37.4583710" lon="127.0494290">
    <ele>30.6</ele>
    <time>2026-07-16T02:57:32Z</time>
   </trkpt>
   <trkpt lat="37.4583640" lon="127.0494410">
    <ele>30.6</ele>
    <time>2026-07-16T02:57:33Z</time>
   </trkpt>
   <trkpt lat="37.4583450" lon="127.0494560">
    <ele>30.7</ele>
    <time>2026-07-16T02:57:34Z</time>
   </trkpt>
   <trkpt lat="37.4583250" lon="127.0494740">
    <ele>30.7</ele>
    <time>2026-07-16T02:57:35Z</time>
   </trkpt>
   <trkpt lat="37.4583030" lon="127.0494960">
    <ele>30.7</ele>
    <time>2026-07-16T02:57:36Z</time>
   </trkpt>
   <trkpt lat="37.4582770" lon="127.0495200">
    <ele>30.8</ele>
    <time>2026-07-16T02:57:37Z</time>
   </trkpt>
   <trkpt lat="37.4582490" lon="127.0495500">
    <ele>30.8</ele>
    <time>2026-07-16T02:57:38Z</time>
   </trkpt>
   <trkpt lat="37.4582200" lon="127.0495840">
    <ele>30.9</ele>
    <time>2026-07-16T02:57:39Z</time>
   </trkpt>
   <trkpt lat="37.4581890" lon="127.0496230">
    <ele>31.0</ele>
    <time>2026-07-16T02:57:40Z</time>
   </trkpt>
   <trkpt lat="37.4581570" lon="127.0496650">
    <ele>31.0</ele>
    <time>2026-07-16T02:57:41Z</time>
   </trkpt>
   <trkpt lat="37.4581170" lon="127.0497010">
    <ele>31.1</ele>
    <time>2026-07-16T02:57:42Z</time>
   </trkpt>
   <trkpt lat="37.4580710" lon="127.0497400">
    <ele>31.2</ele>
    <time>2026-07-16T02:57:43Z</time>
   </trkpt>
   <trkpt lat="37.4580270" lon="127.0497770">
    <ele>31.2</ele>
    <time>2026-07-16T02:57:44Z</time>
   </trkpt>
   <trkpt lat="37.4579830" lon="127.0498170">
    <ele>31.3</ele>
    <time>2026-07-16T02:57:45Z</time>
   </trkpt>
   <trkpt lat="37.4579370" lon="127.0498570">
    <ele>31.3</ele>
    <time>2026-07-16T02:57:46Z</time>
   </trkpt>
   <trkpt lat="37.4578930" lon="127.0498970">
    <ele>31.4</ele>
    <time>2026-07-16T02:57:47Z</time>
   </trkpt>
   <trkpt lat="37.4578470" lon="127.0499380">
    <ele>31.5</ele>
    <time>2026-07-16T02:57:48Z</time>
   </trkpt>
   <trkpt lat="37.4578020" lon="127.0499780">
    <ele>31.5</ele>
    <time>2026-07-16T02:57:49Z</time>
   </trkpt>
   <trkpt lat="37.4577570" lon="127.0500200">
    <ele>31.6</ele>
    <time>2026-07-16T02:57:50Z</time>
   </trkpt>
   <trkpt lat="37.4577120" lon="127.0500600">
    <ele>31.7</ele>
    <time>2026-07-16T02:57:51Z</time>
   </trkpt>
   <trkpt lat="37.4576660" lon="127.0501010">
    <ele>31.7</ele>
    <time>2026-07-16T02:57:52Z</time>
   </trkpt>
   <trkpt lat="37.4576190" lon="127.0501410">
    <ele>31.8</ele>
    <time>2026-07-16T02:57:53Z</time>
   </trkpt>
   <trkpt lat="37.4575730" lon="127.0501830">
    <ele>31.9</ele>
    <time>2026-07-16T02:57:54Z</time>
   </trkpt>
   <trkpt lat="37.4575300" lon="127.0502220">
    <ele>31.9</ele>
    <time>2026-07-16T02:57:55Z</time>
   </trkpt>
   <trkpt lat="37.4574830" lon="127.0502620">
    <ele>32.0</ele>
    <time>2026-07-16T02:57:56Z</time>
   </trkpt>
   <trkpt lat="37.4574380" lon="127.0503030">
    <ele>32.0</ele>
    <time>2026-07-16T02:57:57Z</time>
   </trkpt>
   <trkpt lat="37.4573950" lon="127.0503500">
    <ele>32.1</ele>
    <time>2026-07-16T02:57:58Z</time>
   </trkpt>
   <trkpt lat="37.4573510" lon="127.0503940">
    <ele>32.2</ele>
    <time>2026-07-16T02:57:59Z</time>
   </trkpt>
   <trkpt lat="37.4573070" lon="127.0504380">
    <ele>32.3</ele>
    <time>2026-07-16T02:58:00Z</time>
   </trkpt>
   <trkpt lat="37.4572640" lon="127.0504840">
    <ele>32.3</ele>
    <time>2026-07-16T02:58:01Z</time>
   </trkpt>
   <trkpt lat="37.4572250" lon="127.0505330">
    <ele>32.4</ele>
    <time>2026-07-16T02:58:02Z</time>
   </trkpt>
   <trkpt lat="37.4571830" lon="127.0505810">
    <ele>32.4</ele>
    <time>2026-07-16T02:58:03Z</time>
   </trkpt>
   <trkpt lat="37.4571410" lon="127.0506290">
    <ele>32.4</ele>
    <time>2026-07-16T02:58:04Z</time>
   </trkpt>
   <trkpt lat="37.4570980" lon="127.0506780">
    <ele>32.4</ele>
    <time>2026-07-16T02:58:05Z</time>
   </trkpt>
   <trkpt lat="37.4570590" lon="127.0507330">
    <ele>32.5</ele>
    <time>2026-07-16T02:58:06Z</time>
   </trkpt>
   <trkpt lat="37.4570210" lon="127.0507890">
    <ele>32.5</ele>
    <time>2026-07-16T02:58:07Z</time>
   </trkpt>
   <trkpt lat="37.4569850" lon="127.0508450">
    <ele>32.5</ele>
    <time>2026-07-16T02:58:08Z</time>
   </trkpt>
   <trkpt lat="37.4569510" lon="127.0509030">
    <ele>32.5</ele>
    <time>2026-07-16T02:58:09Z</time>
   </trkpt>
   <trkpt lat="37.4569150" lon="127.0509580">
    <ele>32.6</ele>
    <time>2026-07-16T02:58:10Z</time>
   </trkpt>
   <trkpt lat="37.4568810" lon="127.0510160">
    <ele>32.6</ele>
    <time>2026-07-16T02:58:11Z</time>
   </trkpt>
   <trkpt lat="37.4568460" lon="127.0510710">
    <ele>32.7</ele>
    <time>2026-07-16T02:58:12Z</time>
   </trkpt>
   <trkpt lat="37.4568100" lon="127.0511270">
    <ele>32.7</ele>
    <time>2026-07-16T02:58:13Z</time>
   </trkpt>
   <trkpt lat="37.4567780" lon="127.0511810">
    <ele>32.8</ele>
    <time>2026-07-16T02:58:14Z</time>
   </trkpt>
   <trkpt lat="37.4567450" lon="127.0512280">
    <ele>32.8</ele>
    <time>2026-07-16T02:58:15Z</time>
   </trkpt>
   <trkpt lat="37.4567160" lon="127.0512670">
    <ele>32.8</ele>
    <time>2026-07-16T02:58:16Z</time>
   </trkpt>
   <trkpt lat="37.4566930" lon="127.0512960">
    <ele>32.9</ele>
    <time>2026-07-16T02:58:17Z</time>
   </trkpt>
   <trkpt lat="37.4566760" lon="127.0513210">
    <ele>32.9</ele>
    <time>2026-07-16T02:58:18Z</time>
   </trkpt>
   <trkpt lat="37.4566590" lon="127.0513420">
    <ele>32.9</ele>
    <time>2026-07-16T02:58:19Z</time>
   </trkpt>
   <trkpt lat="37.4566560" lon="127.0513530">
    <ele>33.9</ele>
    <time>2026-07-16T02:58:20Z</time>
   </trkpt>
   <trkpt lat="37.4566620" lon="127.0513430">
    <ele>32.8</ele>
    <time>2026-07-16T02:58:21Z</time>
   </trkpt>
   <trkpt lat="37.4566640" lon="127.0513390">
    <ele>32.8</ele>
    <time>2026-07-16T02:58:22Z</time>
   </trkpt>
   <trkpt lat="37.4566770" lon="127.0513220">
    <ele>33.1</ele>
    <time>2026-07-16T02:58:23Z</time>
   </trkpt>
   <trkpt lat="37.4566680" lon="127.0513340">
    <ele>32.7</ele>
    <time>2026-07-16T02:58:24Z</time>
   </trkpt>
   <trkpt lat="37.4566690" lon="127.0513360">
    <ele>33.0</ele>
    <time>2026-07-16T02:58:25Z</time>
   </trkpt>
   <trkpt lat="37.4566670" lon="127.0513430">
    <ele>32.6</ele>
    <time>2026-07-16T02:58:26Z</time>
   </trkpt>
   <trkpt lat="37.4566710" lon="127.0513430">
    <ele>33.0</ele>
    <time>2026-07-16T02:58:27Z</time>
   </trkpt>
   <trkpt lat="37.4566740" lon="127.0513450">
    <ele>32.9</ele>
    <time>2026-07-16T02:58:28Z</time>
   </trkpt>
   <trkpt lat="37.4566740" lon="127.0513480">
    <ele>32.9</ele>
    <time>2026-07-16T02:58:29Z</time>
   </trkpt>
   <trkpt lat="37.4566750" lon="127.0513490">
    <ele>33.9</ele>
    <time>2026-07-16T02:58:30Z</time>
   </trkpt>
   <trkpt lat="37.4566760" lon="127.0513500">
    <ele>33.8</ele>
    <time>2026-07-16T02:58:31Z</time>
   </trkpt>
   <trkpt lat="37.4566780" lon="127.0513520">
    <ele>33.8</ele>
    <time>2026-07-16T02:58:32Z</time>
   </trkpt>
   <trkpt lat="37.4566800" lon="127.0513550">
    <ele>33.7</ele>
    <time>2026-07-16T02:58:33Z</time>
   </trkpt>
   <trkpt lat="37.4566780" lon="127.0513600">
    <ele>33.7</ele>
    <time>2026-07-16T02:58:34Z</time>
   </trkpt>
   <trkpt lat="37.4566800" lon="127.0513610">
    <ele>33.6</ele>
    <time>2026-07-16T02:58:35Z</time>
   </trkpt>
   <trkpt lat="37.4566800" lon="127.0513610">
    <ele>33.6</ele>
    <time>2026-07-16T02:58:36Z</time>
   </trkpt>
   <trkpt lat="37.4566790" lon="127.0513580">
    <ele>33.5</ele>
    <time>2026-07-16T02:58:37Z</time>
   </trkpt>
   <trkpt lat="37.4566770" lon="127.0513570">
    <ele>33.5</ele>
    <time>2026-07-16T02:58:38Z</time>
   </trkpt>
   <trkpt lat="37.4566760" lon="127.0513580">
    <ele>33.4</ele>
    <time>2026-07-16T02:58:39Z</time>
   </trkpt>
   <trkpt lat="37.4566750" lon="127.0513580">
    <ele>33.4</ele>
    <time>2026-07-16T02:58:40Z</time>
   </trkpt>
   <trkpt lat="37.4566750" lon="127.0513550">
    <ele>33.4</ele>
    <time>2026-07-16T02:58:41Z</time>
   </trkpt>
   <trkpt lat="37.4566730" lon="127.0513460">
    <ele>32.2</ele>
    <time>2026-07-16T02:58:42Z</time>
   </trkpt>
   <trkpt lat="37.4566700" lon="127.0513450">
    <ele>32.2</ele>
    <time>2026-07-16T02:58:43Z</time>
   </trkpt>
   <trkpt lat="37.4566680" lon="127.0513390">
    <ele>31.8</ele>
    <time>2026-07-16T02:58:44Z</time>
   </trkpt>
   <trkpt lat="37.4566680" lon="127.0513370">
    <ele>31.7</ele>
    <time>2026-07-16T02:58:45Z</time>
   </trkpt>
   <trkpt lat="37.4566670" lon="127.0513340">
    <ele>31.7</ele>
    <time>2026-07-16T02:58:46Z</time>
   </trkpt>
   <trkpt lat="37.4566670" lon="127.0513320">
    <ele>31.6</ele>
    <time>2026-07-16T02:58:47Z</time>
   </trkpt>
   <trkpt lat="37.4566660" lon="127.0513300">
    <ele>31.6</ele>
    <time>2026-07-16T02:58:48Z</time>
   </trkpt>
   <trkpt lat="37.4566610" lon="127.0513190">
    <ele>31.5</ele>
    <time>2026-07-16T02:58:49Z</time>
   </trkpt>
   <trkpt lat="37.4566600" lon="127.0513290">
    <ele>31.5</ele>
    <time>2026-07-16T02:58:50Z</time>
   </trkpt>
   <trkpt lat="37.4566590" lon="127.0513210">
    <ele>31.4</ele>
    <time>2026-07-16T02:58:51Z</time>
   </trkpt>
   <trkpt lat="37.4566580" lon="127.0513220">
    <ele>31.4</ele>
    <time>2026-07-16T02:58:52Z</time>
   </trkpt>
   <trkpt lat="37.4566610" lon="127.0513270">
    <ele>31.3</ele>
    <time>2026-07-16T02:58:53Z</time>
   </trkpt>
   <trkpt lat="37.4566620" lon="127.0513260">
    <ele>31.3</ele>
    <time>2026-07-16T02:58:54Z</time>
   </trkpt>
   <trkpt lat="37.4566620" lon="127.0513240">
    <ele>31.2</ele>
    <time>2026-07-16T02:58:55Z</time>
   </trkpt>
   <trkpt lat="37.4566650" lon="127.0513240">
    <ele>31.2</ele>
    <time>2026-07-16T02:58:56Z</time>
   </trkpt>
   <trkpt lat="37.4566630" lon="127.0513260">
    <ele>31.1</ele>
    <time>2026-07-16T02:58:57Z</time>
   </trkpt>
   <trkpt lat="37.4566620" lon="127.0513240">
    <ele>31.1</ele>
    <time>2026-07-16T02:58:58Z</time>
   </trkpt>
   <trkpt lat="37.4566630" lon="127.0513230">
    <ele>31.1</ele>
    <time>2026-07-16T02:58:59Z</time>
   </trkpt>
   <trkpt lat="37.4566600" lon="127.0513260">
    <ele>31.0</ele>
    <time>2026-07-16T02:59:00Z</time>
   </trkpt>
   <trkpt lat="37.4566650" lon="127.0513090">
    <ele>31.0</ele>
    <time>2026-07-16T02:59:01Z</time>
   </trkpt>
   <trkpt lat="37.4566640" lon="127.0513140">
    <ele>30.9</ele>
    <time>2026-07-16T02:59:02Z</time>
   </trkpt>
   <trkpt lat="37.4566690" lon="127.0513170">
    <ele>31.3</ele>
    <time>2026-07-16T02:59:03Z</time>
   </trkpt>
   <trkpt lat="37.4566690" lon="127.0513230">
    <ele>31.2</ele>
    <time>2026-07-16T02:59:04Z</time>
   </trkpt>
   <trkpt lat="37.4566710" lon="127.0513270">
    <ele>31.2</ele>
    <time>2026-07-16T02:59:05Z</time>
   </trkpt>
   <trkpt lat="37.4566700" lon="127.0513300">
    <ele>31.1</ele>
    <time>2026-07-16T02:59:06Z</time>
   </trkpt>
   <trkpt lat="37.4566690" lon="127.0513340">
    <ele>31.1</ele>
    <time>2026-07-16T02:59:07Z</time>
   </trkpt>
   <trkpt lat="37.4566670" lon="127.0513350">
    <ele>30.6</ele>
    <time>2026-07-16T02:59:08Z</time>
   </trkpt>
   <trkpt lat="37.4566670" lon="127.0513350">
    <ele>30.6</ele>
    <time>2026-07-16T02:59:09Z</time>
   </trkpt>
   <trkpt lat="37.4566670" lon="127.0513350">
    <ele>30.5</ele>
    <time>2026-07-16T02:59:10Z</time>
   </trkpt>
   <trkpt lat="37.4566670" lon="127.0513350">
    <ele>30.5</ele>
    <time>2026-07-16T02:59:11Z</time>
   </trkpt>
   <trkpt lat="37.4566640" lon="127.0513370">
    <ele>30.4</ele>
    <time>2026-07-16T02:59:12Z</time>
   </trkpt>
   <trkpt lat="37.4566640" lon="127.0513370">
    <ele>30.4</ele>
    <time>2026-07-16T02:59:13Z</time>
   </trkpt>
   <trkpt lat="37.4566640" lon="127.0513370">
    <ele>30.3</ele>
    <time>2026-07-16T02:59:14Z</time>
   </trkpt>
   <trkpt lat="37.4566650" lon="127.0513370">
    <ele>30.3</ele>
    <time>2026-07-16T02:59:15Z</time>
   </trkpt>
   <trkpt lat="37.4566640" lon="127.0513390">
    <ele>30.3</ele>
    <time>2026-07-16T02:59:16Z</time>
   </trkpt>
   <trkpt lat="37.4566640" lon="127.0513380">
    <ele>30.2</ele>
    <time>2026-07-16T02:59:17Z</time>
   </trkpt>
   <trkpt lat="37.4566640" lon="127.0513380">
    <ele>30.2</ele>
    <time>2026-07-16T02:59:18Z</time>
   </trkpt>
   <trkpt lat="37.4566690" lon="127.0513300">
    <ele>30.5</ele>
    <time>2026-07-16T02:59:19Z</time>
   </trkpt>
   <trkpt lat="37.4566720" lon="127.0513240">
    <ele>30.5</ele>
    <time>2026-07-16T02:59:20Z</time>
   </trkpt>
   <trkpt lat="37.4566740" lon="127.0513230">
    <ele>30.4</ele>
    <time>2026-07-16T02:59:21Z</time>
   </trkpt>
   <trkpt lat="37.4566730" lon="127.0513320">
    <ele>30.4</ele>
    <time>2026-07-16T02:59:22Z</time>
   </trkpt>
   <trkpt lat="37.4566710" lon="127.0513310">
    <ele>30.4</ele>
    <time>2026-07-16T02:59:23Z</time>
   </trkpt>
   <trkpt lat="37.4566700" lon="127.0513320">
    <ele>30.4</ele>
    <time>2026-07-16T02:59:24Z</time>
   </trkpt>
   <trkpt lat="37.4566680" lon="127.0513320">
    <ele>30.4</ele>
    <time>2026-07-16T02:59:25Z</time>
   </trkpt>
   <trkpt lat="37.4566680" lon="127.0513330">
    <ele>30.4</ele>
    <time>2026-07-16T02:59:26Z</time>
   </trkpt>
   <trkpt lat="37.4566650" lon="127.0513360">
    <ele>30.4</ele>
    <time>2026-07-16T02:59:27Z</time>
   </trkpt>
   <trkpt lat="37.4566620" lon="127.0513390">
    <ele>30.4</ele>
    <time>2026-07-16T02:59:28Z</time>
   </trkpt>
   <trkpt lat="37.4566620" lon="127.0513380">
    <ele>30.4</ele>
    <time>2026-07-16T02:59:29Z</time>
   </trkpt>
   <trkpt lat="37.4566620" lon="127.0513390">
    <ele>30.4</ele>
    <time>2026-07-16T02:59:30Z</time>
   </trkpt>
   <trkpt lat="37.4566590" lon="127.0513400">
    <ele>30.4</ele>
    <time>2026-07-16T02:59:31Z</time>
   </trkpt>
   <trkpt lat="37.4566560" lon="127.0513500">
    <ele>30.4</ele>
    <time>2026-07-16T02:59:32Z</time>
   </trkpt>
   <trkpt lat="37.4566440" lon="127.0513640">
    <ele>30.4</ele>
    <time>2026-07-16T02:59:33Z</time>
   </trkpt>
   <trkpt lat="37.4566260" lon="127.0513880">
    <ele>30.4</ele>
    <time>2026-07-16T02:59:34Z</time>
   </trkpt>
   <trkpt lat="37.4566020" lon="127.0514100">
    <ele>30.4</ele>
    <time>2026-07-16T02:59:35Z</time>
   </trkpt>
   <trkpt lat="37.4565810" lon="127.0514370">
    <ele>30.5</ele>
    <time>2026-07-16T02:59:36Z</time>
   </trkpt>
   <trkpt lat="37.4565600" lon="127.0514620">
    <ele>30.5</ele>
    <time>2026-07-16T02:59:37Z</time>
   </trkpt>
   <trkpt lat="37.4565440" lon="127.0514850">
    <ele>30.5</ele>
    <time>2026-07-16T02:59:38Z</time>
   </trkpt>
   <trkpt lat="37.4565330" lon="127.0515020">
    <ele>30.5</ele>
    <time>2026-07-16T02:59:39Z</time>
   </trkpt>
   <trkpt lat="37.4565160" lon="127.0515240">
    <ele>30.5</ele>
    <time>2026-07-16T02:59:40Z</time>
   </trkpt>
   <trkpt lat="37.4565020" lon="127.0515460">
    <ele>30.5</ele>
    <time>2026-07-16T02:59:41Z</time>
   </trkpt>
   <trkpt lat="37.4564880" lon="127.0515780">
    <ele>30.6</ele>
    <time>2026-07-16T02:59:42Z</time>
   </trkpt>
   <trkpt lat="37.4564640" lon="127.0515950">
    <ele>30.6</ele>
    <time>2026-07-16T02:59:43Z</time>
   </trkpt>
   <trkpt lat="37.4564320" lon="127.0516090">
    <ele>30.6</ele>
    <time>2026-07-16T02:59:44Z</time>
   </trkpt>
   <trkpt lat="37.4564030" lon="127.0516270">
    <ele>30.6</ele>
    <time>2026-07-16T02:59:45Z</time>
   </trkpt>
   <trkpt lat="37.4563690" lon="127.0516500">
    <ele>30.7</ele>
    <time>2026-07-16T02:59:46Z</time>
   </trkpt>
   <trkpt lat="37.4563440" lon="127.0516740">
    <ele>30.7</ele>
    <time>2026-07-16T02:59:47Z</time>
   </trkpt>
   <trkpt lat="37.4563170" lon="127.0516920">
    <ele>30.7</ele>
    <time>2026-07-16T02:59:48Z</time>
   </trkpt>
   <trkpt lat="37.4562870" lon="127.0517130">
    <ele>30.7</ele>
    <time>2026-07-16T02:59:49Z</time>
   </trkpt>
   <trkpt lat="37.4562620" lon="127.0517270">
    <ele>30.8</ele>
    <time>2026-07-16T02:59:50Z</time>
   </trkpt>
   <trkpt lat="37.4562340" lon="127.0517430">
    <ele>30.8</ele>
    <time>2026-07-16T02:59:51Z</time>
   </trkpt>
   <trkpt lat="37.4562030" lon="127.0517570">
    <ele>30.8</ele>
    <time>2026-07-16T02:59:52Z</time>
   </trkpt>
   <trkpt lat="37.4561840" lon="127.0517790">
    <ele>30.8</ele>
    <time>2026-07-16T02:59:53Z</time>
   </trkpt>
   <trkpt lat="37.4561510" lon="127.0517880">
    <ele>30.8</ele>
    <time>2026-07-16T02:59:54Z</time>
   </trkpt>
   <trkpt lat="37.4561160" lon="127.0518090">
    <ele>30.9</ele>
    <time>2026-07-16T02:59:55Z</time>
   </trkpt>
   <trkpt lat="37.4560780" lon="127.0518260">
    <ele>30.9</ele>
    <time>2026-07-16T02:59:56Z</time>
   </trkpt>
   <trkpt lat="37.4560430" lon="127.0518390">
    <ele>30.9</ele>
    <time>2026-07-16T02:59:57Z</time>
   </trkpt>
   <trkpt lat="37.4560050" lon="127.0518540">
    <ele>30.9</ele>
    <time>2026-07-16T02:59:58Z</time>
   </trkpt>
   <trkpt lat="37.4559710" lon="127.0518590">
    <ele>31.0</ele>
    <time>2026-07-16T02:59:59Z</time>
   </trkpt>
   <trkpt lat="37.4559390" lon="127.0518720">
    <ele>31.0</ele>
    <time>2026-07-16T03:00:00Z</time>
   </trkpt>
   <trkpt lat="37.4559030" lon="127.0518820">
    <ele>31.1</ele>
    <time>2026-07-16T03:00:01Z</time>
   </trkpt>
   <trkpt lat="37.4558600" lon="127.0518900">
    <ele>31.1</ele>
    <time>2026-07-16T03:00:02Z</time>
   </trkpt>
   <trkpt lat="37.4558150" lon="127.0519050">
    <ele>31.2</ele>
    <time>2026-07-16T03:00:03Z</time>
   </trkpt>
   <trkpt lat="37.4557730" lon="127.0519250">
    <ele>31.3</ele>
    <time>2026-07-16T03:00:04Z</time>
   </trkpt>
   <trkpt lat="37.4557390" lon="127.0519470">
    <ele>31.4</ele>
    <time>2026-07-16T03:00:05Z</time>
   </trkpt>
   <trkpt lat="37.4557070" lon="127.0519670">
    <ele>31.4</ele>
    <time>2026-07-16T03:00:06Z</time>
   </trkpt>
   <trkpt lat="37.4556810" lon="127.0519840">
    <ele>31.4</ele>
    <time>2026-07-16T03:00:07Z</time>
   </trkpt>
   <trkpt lat="37.4556600" lon="127.0519990">
    <ele>31.4</ele>
    <time>2026-07-16T03:00:08Z</time>
   </trkpt>
   <trkpt lat="37.4556420" lon="127.0520110">
    <ele>31.5</ele>
    <time>2026-07-16T03:00:09Z</time>
   </trkpt>
   <trkpt lat="37.4556280" lon="127.0520190">
    <ele>31.5</ele>
    <time>2026-07-16T03:00:10Z</time>
   </trkpt>
   <trkpt lat="37.4556160" lon="127.0520150">
    <ele>31.5</ele>
    <time>2026-07-16T03:00:11Z</time>
   </trkpt>
   <trkpt lat="37.4556190" lon="127.0520150">
    <ele>31.5</ele>
    <time>2026-07-16T03:00:12Z</time>
   </trkpt>
   <trkpt lat="37.4556250" lon="127.0520140">
    <ele>31.5</ele>
    <time>2026-07-16T03:00:13Z</time>
   </trkpt>
   <trkpt lat="37.4556260" lon="127.0520130">
    <ele>31.5</ele>
    <time>2026-07-16T03:00:14Z</time>
   </trkpt>
   <trkpt lat="37.4556250" lon="127.0520140">
    <ele>31.5</ele>
    <time>2026-07-16T03:00:15Z</time>
   </trkpt>
   <trkpt lat="37.4556260" lon="127.0520140">
    <ele>31.5</ele>
    <time>2026-07-16T03:00:16Z</time>
   </trkpt>
   <trkpt lat="37.4556250" lon="127.0520130">
    <ele>31.5</ele>
    <time>2026-07-16T03:00:17Z</time>
   </trkpt>
   <trkpt lat="37.4556260" lon="127.0520130">
    <ele>31.5</ele>
    <time>2026-07-16T03:00:18Z</time>
   </trkpt>
   <trkpt lat="37.4556260" lon="127.0520130">
    <ele>31.5</ele>
    <time>2026-07-16T03:00:19Z</time>
   </trkpt>
   <trkpt lat="37.4556260" lon="127.0520130">
    <ele>31.5</ele>
    <time>2026-07-16T03:00:20Z</time>
   </trkpt>
   <trkpt lat="37.4556260" lon="127.0520130">
    <ele>31.5</ele>
    <time>2026-07-16T03:00:21Z</time>
   </trkpt>
   <trkpt lat="37.4556270" lon="127.0520120">
    <ele>31.5</ele>
    <time>2026-07-16T03:00:22Z</time>
   </trkpt>
   <trkpt lat="37.4556260" lon="127.0520130">
    <ele>31.5</ele>
    <time>2026-07-16T03:00:23Z</time>
   </trkpt>
   <trkpt lat="37.4556250" lon="127.0520130">
    <ele>31.5</ele>
    <time>2026-07-16T03:00:24Z</time>
   </trkpt>
   <trkpt lat="37.4556230" lon="127.0520170">
    <ele>31.5</ele>
    <time>2026-07-16T03:00:25Z</time>
   </trkpt>
   <trkpt lat="37.4556200" lon="127.0520180">
    <ele>31.5</ele>
    <time>2026-07-16T03:00:26Z</time>
   </trkpt>
   <trkpt lat="37.4556230" lon="127.0520170">
    <ele>31.5</ele>
    <time>2026-07-16T03:00:27Z</time>
   </trkpt>
   <trkpt lat="37.4556020" lon="127.0520220">
    <ele>31.5</ele>
    <time>2026-07-16T03:00:28Z</time>
   </trkpt>
   <trkpt lat="37.4555890" lon="127.0520200">
    <ele>31.5</ele>
    <time>2026-07-16T03:00:29Z</time>
   </trkpt>
   <trkpt lat="37.4555740" lon="127.0520200">
    <ele>31.5</ele>
    <time>2026-07-16T03:00:30Z</time>
   </trkpt>
   <trkpt lat="37.4555500" lon="127.0520150">
    <ele>31.6</ele>
    <time>2026-07-16T03:00:31Z</time>
   </trkpt>
   <trkpt lat="37.4555250" lon="127.0520120">
    <ele>31.6</ele>
    <time>2026-07-16T03:00:32Z</time>
   </trkpt>
   <trkpt lat="37.4555030" lon="127.0519980">
    <ele>31.6</ele>
    <time>2026-07-16T03:00:33Z</time>
   </trkpt>
   <trkpt lat="37.4554700" lon="127.0519810">
    <ele>31.6</ele>
    <time>2026-07-16T03:00:34Z</time>
   </trkpt>
   <trkpt lat="37.4554330" lon="127.0519790">
    <ele>31.7</ele>
    <time>2026-07-16T03:00:35Z</time>
   </trkpt>
   <trkpt lat="37.4553920" lon="127.0519830">
    <ele>31.7</ele>
    <time>2026-07-16T03:00:36Z</time>
   </trkpt>
   <trkpt lat="37.4553460" lon="127.0519830">
    <ele>31.7</ele>
    <time>2026-07-16T03:00:37Z</time>
   </trkpt>
   <trkpt lat="37.4553000" lon="127.0519930">
    <ele>31.8</ele>
    <time>2026-07-16T03:00:38Z</time>
   </trkpt>
   <trkpt lat="37.4552500" lon="127.0520000">
    <ele>31.8</ele>
    <time>2026-07-16T03:00:39Z</time>
   </trkpt>
   <trkpt lat="37.4551990" lon="127.0520040">
    <ele>31.9</ele>
    <time>2026-07-16T03:00:40Z</time>
   </trkpt>
   <trkpt lat="37.4551460" lon="127.0520140">
    <ele>31.9</ele>
    <time>2026-07-16T03:00:41Z</time>
   </trkpt>
   <trkpt lat="37.4550930" lon="127.0520310">
    <ele>31.9</ele>
    <time>2026-07-16T03:00:42Z</time>
   </trkpt>
   <trkpt lat="37.4550410" lon="127.0520540">
    <ele>31.9</ele>
    <time>2026-07-16T03:00:43Z</time>
   </trkpt>
   <trkpt lat="37.4549920" lon="127.0520930">
    <ele>32.0</ele>
    <time>2026-07-16T03:00:44Z</time>
   </trkpt>
   <trkpt lat="37.4549460" lon="127.0521330">
    <ele>32.0</ele>
    <time>2026-07-16T03:00:45Z</time>
   </trkpt>
   <trkpt lat="37.4549000" lon="127.0521740">
    <ele>32.0</ele>
    <time>2026-07-16T03:00:46Z</time>
   </trkpt>
   <trkpt lat="37.4548510" lon="127.0522190">
    <ele>32.1</ele>
    <time>2026-07-16T03:00:47Z</time>
   </trkpt>
   <trkpt lat="37.4548060" lon="127.0522610">
    <ele>32.1</ele>
    <time>2026-07-16T03:00:48Z</time>
   </trkpt>
   <trkpt lat="37.4547600" lon="127.0523080">
    <ele>32.2</ele>
    <time>2026-07-16T03:00:49Z</time>
   </trkpt>
   <trkpt lat="37.4547220" lon="127.0523600">
    <ele>32.2</ele>
    <time>2026-07-16T03:00:50Z</time>
   </trkpt>
   <trkpt lat="37.4546840" lon="127.0524120">
    <ele>32.3</ele>
    <time>2026-07-16T03:00:51Z</time>
   </trkpt>
   <trkpt lat="37.4546450" lon="127.0524640">
    <ele>32.3</ele>
    <time>2026-07-16T03:00:52Z</time>
   </trkpt>
   <trkpt lat="37.4546050" lon="127.0525170">
    <ele>32.4</ele>
    <time>2026-07-16T03:00:53Z</time>
   </trkpt>
   <trkpt lat="37.4545720" lon="127.0525720">
    <ele>32.5</ele>
    <time>2026-07-16T03:00:54Z</time>
   </trkpt>
   <trkpt lat="37.4545380" lon="127.0526280">
    <ele>32.6</ele>
    <time>2026-07-16T03:00:55Z</time>
   </trkpt>
   <trkpt lat="37.4545070" lon="127.0526870">
    <ele>32.8</ele>
    <time>2026-07-16T03:00:56Z</time>
   </trkpt>
   <trkpt lat="37.4544770" lon="127.0527420">
    <ele>32.8</ele>
    <time>2026-07-16T03:00:57Z</time>
   </trkpt>
   <trkpt lat="37.4544420" lon="127.0527960">
    <ele>32.9</ele>
    <time>2026-07-16T03:00:58Z</time>
   </trkpt>
   <trkpt lat="37.4544100" lon="127.0528530">
    <ele>32.9</ele>
    <time>2026-07-16T03:00:59Z</time>
   </trkpt>
   <trkpt lat="37.4543790" lon="127.0529110">
    <ele>32.9</ele>
    <time>2026-07-16T03:01:00Z</time>
   </trkpt>
   <trkpt lat="37.4543550" lon="127.0529660">
    <ele>32.9</ele>
    <time>2026-07-16T03:01:01Z</time>
   </trkpt>
   <trkpt lat="37.4543240" lon="127.0530310">
    <ele>33.0</ele>
    <time>2026-07-16T03:01:02Z</time>
   </trkpt>
   <trkpt lat="37.4542910" lon="127.0530900">
    <ele>33.0</ele>
    <time>2026-07-16T03:01:03Z</time>
   </trkpt>
   <trkpt lat="37.4542600" lon="127.0531470">
    <ele>33.1</ele>
    <time>2026-07-16T03:01:04Z</time>
   </trkpt>
   <trkpt lat="37.4542270" lon="127.0532020">
    <ele>33.2</ele>
    <time>2026-07-16T03:01:05Z</time>
   </trkpt>
   <trkpt lat="37.4541970" lon="127.0532620">
    <ele>33.2</ele>
    <time>2026-07-16T03:01:06Z</time>
   </trkpt>
   <trkpt lat="37.4541660" lon="127.0533180">
    <ele>33.3</ele>
    <time>2026-07-16T03:01:07Z</time>
   </trkpt>
   <trkpt lat="37.4541370" lon="127.0533760">
    <ele>33.4</ele>
    <time>2026-07-16T03:01:08Z</time>
   </trkpt>
   <trkpt lat="37.4541080" lon="127.0534340">
    <ele>33.5</ele>
    <time>2026-07-16T03:01:09Z</time>
   </trkpt>
   <trkpt lat="37.4540790" lon="127.0534970">
    <ele>33.6</ele>
    <time>2026-07-16T03:01:10Z</time>
   </trkpt>
   <trkpt lat="37.4540540" lon="127.0535580">
    <ele>33.7</ele>
    <time>2026-07-16T03:01:11Z</time>
   </trkpt>
   <trkpt lat="37.4540280" lon="127.0536200">
    <ele>33.8</ele>
    <time>2026-07-16T03:01:12Z</time>
   </trkpt>
   <trkpt lat="37.4540060" lon="127.0536840">
    <ele>33.9</ele>
    <time>2026-07-16T03:01:13Z</time>
   </trkpt>
   <trkpt lat="37.4539800" lon="127.0537480">
    <ele>33.9</ele>
    <time>2026-07-16T03:01:14Z</time>
   </trkpt>
   <trkpt lat="37.4539580" lon="127.0538100">
    <ele>34.0</ele>
    <time>2026-07-16T03:01:15Z</time>
   </trkpt>
   <trkpt lat="37.4539330" lon="127.0538720">
    <ele>34.1</ele>
    <time>2026-07-16T03:01:16Z</time>
   </trkpt>
   <trkpt lat="37.4539060" lon="127.0539360">
    <ele>34.2</ele>
    <time>2026-07-16T03:01:17Z</time>
   </trkpt>
   <trkpt lat="37.4538820" lon="127.0539980">
    <ele>34.3</ele>
    <time>2026-07-16T03:01:18Z</time>
   </trkpt>
   <trkpt lat="37.4538570" lon="127.0540590">
    <ele>34.5</ele>
    <time>2026-07-16T03:01:19Z</time>
   </trkpt>
   <trkpt lat="37.4538350" lon="127.0541200">
    <ele>34.6</ele>
    <time>2026-07-16T03:01:20Z</time>
   </trkpt>
   <trkpt lat="37.4538100" lon="127.0541790">
    <ele>34.7</ele>
    <time>2026-07-16T03:01:21Z</time>
   </trkpt>
   <trkpt lat="37.4537830" lon="127.0542350">
    <ele>34.8</ele>
    <time>2026-07-16T03:01:22Z</time>
   </trkpt>
   <trkpt lat="37.4537510" lon="127.0542930">
    <ele>34.9</ele>
    <time>2026-07-16T03:01:23Z</time>
   </trkpt>
   <trkpt lat="37.4537220" lon="127.0543510">
    <ele>35.0</ele>
    <time>2026-07-16T03:01:24Z</time>
   </trkpt>
   <trkpt lat="37.4536940" lon="127.0544100">
    <ele>35.1</ele>
    <time>2026-07-16T03:01:25Z</time>
   </trkpt>
   <trkpt lat="37.4536620" lon="127.0544660">
    <ele>35.2</ele>
    <time>2026-07-16T03:01:26Z</time>
   </trkpt>
   <trkpt lat="37.4536280" lon="127.0545230">
    <ele>35.3</ele>
    <time>2026-07-16T03:01:27Z</time>
   </trkpt>
   <trkpt lat="37.4535910" lon="127.0545740">
    <ele>35.4</ele>
    <time>2026-07-16T03:01:28Z</time>
   </trkpt>
   <trkpt lat="37.4535610" lon="127.0546290">
    <ele>35.5</ele>
    <time>2026-07-16T03:01:29Z</time>
   </trkpt>
   <trkpt lat="37.4535100" lon="127.0546670">
    <ele>35.7</ele>
    <time>2026-07-16T03:01:30Z</time>
   </trkpt>
   <trkpt lat="37.4534690" lon="127.0547090">
    <ele>35.8</ele>
    <time>2026-07-16T03:01:31Z</time>
   </trkpt>
   <trkpt lat="37.4534280" lon="127.0547590">
    <ele>35.9</ele>
    <time>2026-07-16T03:01:32Z</time>
   </trkpt>
   <trkpt lat="37.4533860" lon="127.0548040">
    <ele>36.0</ele>
    <time>2026-07-16T03:01:33Z</time>
   </trkpt>
   <trkpt lat="37.4533420" lon="127.0548480">
    <ele>36.1</ele>
    <time>2026-07-16T03:01:34Z</time>
   </trkpt>
   <trkpt lat="37.4532950" lon="127.0548890">
    <ele>36.2</ele>
    <time>2026-07-16T03:01:35Z</time>
   </trkpt>
   <trkpt lat="37.4532510" lon="127.0549290">
    <ele>36.3</ele>
    <time>2026-07-16T03:01:36Z</time>
   </trkpt>
   <trkpt lat="37.4532130" lon="127.0549580">
    <ele>36.4</ele>
    <time>2026-07-16T03:01:37Z</time>
   </trkpt>
   <trkpt lat="37.4531710" lon="127.0549880">
    <ele>36.5</ele>
    <time>2026-07-16T03:01:38Z</time>
   </trkpt>
   <trkpt lat="37.4531280" lon="127.0550200">
    <ele>36.6</ele>
    <time>2026-07-16T03:01:39Z</time>
   </trkpt>
   <trkpt lat="37.4530810" lon="127.0550570">
    <ele>36.7</ele>
    <time>2026-07-16T03:01:40Z</time>
   </trkpt>
   <trkpt lat="37.4530340" lon="127.0550940">
    <ele>36.8</ele>
    <time>2026-07-16T03:01:41Z</time>
   </trkpt>
   <trkpt lat="37.4529860" lon="127.0551300">
    <ele>36.9</ele>
    <time>2026-07-16T03:01:42Z</time>
   </trkpt>
   <trkpt lat="37.4529390" lon="127.0551690">
    <ele>37.0</ele>
    <time>2026-07-16T03:01:43Z</time>
   </trkpt>
   <trkpt lat="37.4528960" lon="127.0552100">
    <ele>37.1</ele>
    <time>2026-07-16T03:01:44Z</time>
   </trkpt>
   <trkpt lat="37.4528500" lon="127.0552480">
    <ele>37.2</ele>
    <time>2026-07-16T03:01:45Z</time>
   </trkpt>
   <trkpt lat="37.4528050" lon="127.0552830">
    <ele>37.3</ele>
    <time>2026-07-16T03:01:46Z</time>
   </trkpt>
   <trkpt lat="37.4527650" lon="127.0553180">
    <ele>37.4</ele>
    <time>2026-07-16T03:01:47Z</time>
   </trkpt>
   <trkpt lat="37.4527230" lon="127.0553500">
    <ele>37.5</ele>
    <time>2026-07-16T03:01:48Z</time>
   </trkpt>
   <trkpt lat="37.4526780" lon="127.0553850">
    <ele>37.6</ele>
    <time>2026-07-16T03:01:49Z</time>
   </trkpt>
   <trkpt lat="37.4526310" lon="127.0554220">
    <ele>37.7</ele>
    <time>2026-07-16T03:01:50Z</time>
   </trkpt>
   <trkpt lat="37.4525820" lon="127.0554590">
    <ele>37.8</ele>
    <time>2026-07-16T03:01:51Z</time>
   </trkpt>
   <trkpt lat="37.4525370" lon="127.0554980">
    <ele>37.9</ele>
    <time>2026-07-16T03:01:52Z</time>
   </trkpt>
   <trkpt lat="37.4524950" lon="127.0555410">
    <ele>38.0</ele>
    <time>2026-07-16T03:01:53Z</time>
   </trkpt>
   <trkpt lat="37.4524640" lon="127.0556050">
    <ele>38.1</ele>
    <time>2026-07-16T03:01:54Z</time>
   </trkpt>
   <trkpt lat="37.4524170" lon="127.0556420">
    <ele>38.2</ele>
    <time>2026-07-16T03:01:55Z</time>
   </trkpt>
   <trkpt lat="37.4523780" lon="127.0556850">
    <ele>38.3</ele>
    <time>2026-07-16T03:01:56Z</time>
   </trkpt>
   <trkpt lat="37.4523420" lon="127.0557260">
    <ele>38.4</ele>
    <time>2026-07-16T03:01:57Z</time>
   </trkpt>
   <trkpt lat="37.4523030" lon="127.0557630">
    <ele>38.5</ele>
    <time>2026-07-16T03:01:58Z</time>
   </trkpt>
   <trkpt lat="37.4522620" lon="127.0557990">
    <ele>38.6</ele>
    <time>2026-07-16T03:01:59Z</time>
   </trkpt>
   <trkpt lat="37.4522200" lon="127.0558400">
    <ele>38.8</ele>
    <time>2026-07-16T03:02:00Z</time>
   </trkpt>
   <trkpt lat="37.4521760" lon="127.0558810">
    <ele>38.9</ele>
    <time>2026-07-16T03:02:01Z</time>
   </trkpt>
   <trkpt lat="37.4521340" lon="127.0559200">
    <ele>39.0</ele>
    <time>2026-07-16T03:02:02Z</time>
   </trkpt>
   <trkpt lat="37.4520900" lon="127.0559600">
    <ele>39.1</ele>
    <time>2026-07-16T03:02:03Z</time>
   </trkpt>
   <trkpt lat="37.4520430" lon="127.0559920">
    <ele>39.2</ele>
    <time>2026-07-16T03:02:04Z</time>
   </trkpt>
   <trkpt lat="37.4519930" lon="127.0560200">
    <ele>39.4</ele>
    <time>2026-07-16T03:02:05Z</time>
   </trkpt>
   <trkpt lat="37.4519440" lon="127.0560460">
    <ele>39.5</ele>
    <time>2026-07-16T03:02:06Z</time>
   </trkpt>
   <trkpt lat="37.4518960" lon="127.0560630">
    <ele>39.6</ele>
    <time>2026-07-16T03:02:07Z</time>
   </trkpt>
   <trkpt lat="37.4518460" lon="127.0560790">
    <ele>39.7</ele>
    <time>2026-07-16T03:02:08Z</time>
   </trkpt>
   <trkpt lat="37.4517950" lon="127.0560940">
    <ele>39.8</ele>
    <time>2026-07-16T03:02:09Z</time>
   </trkpt>
   <trkpt lat="37.4517470" lon="127.0561070">
    <ele>39.9</ele>
    <time>2026-07-16T03:02:10Z</time>
   </trkpt>
   <trkpt lat="37.4516970" lon="127.0561190">
    <ele>40.1</ele>
    <time>2026-07-16T03:02:11Z</time>
   </trkpt>
   <trkpt lat="37.4516440" lon="127.0561240">
    <ele>40.2</ele>
    <time>2026-07-16T03:02:12Z</time>
   </trkpt>
   <trkpt lat="37.4515890" lon="127.0561300">
    <ele>40.3</ele>
    <time>2026-07-16T03:02:13Z</time>
   </trkpt>
   <trkpt lat="37.4515410" lon="127.0561500">
    <ele>40.4</ele>
    <time>2026-07-16T03:02:14Z</time>
   </trkpt>
   <trkpt lat="37.4514920" lon="127.0561720">
    <ele>40.5</ele>
    <time>2026-07-16T03:02:15Z</time>
   </trkpt>
   <trkpt lat="37.4514410" lon="127.0561810">
    <ele>40.6</ele>
    <time>2026-07-16T03:02:16Z</time>
   </trkpt>
   <trkpt lat="37.4513860" lon="127.0561940">
    <ele>40.7</ele>
    <time>2026-07-16T03:02:17Z</time>
   </trkpt>
   <trkpt lat="37.4513440" lon="127.0562100">
    <ele>40.8</ele>
    <time>2026-07-16T03:02:18Z</time>
   </trkpt>
   <trkpt lat="37.4513010" lon="127.0562170">
    <ele>40.9</ele>
    <time>2026-07-16T03:02:19Z</time>
   </trkpt>
   <trkpt lat="37.4512680" lon="127.0562360">
    <ele>41.0</ele>
    <time>2026-07-16T03:02:20Z</time>
   </trkpt>
   <trkpt lat="37.4512370" lon="127.0562470">
    <ele>41.1</ele>
    <time>2026-07-16T03:02:21Z</time>
   </trkpt>
   <trkpt lat="37.4512000" lon="127.0562580">
    <ele>41.2</ele>
    <time>2026-07-16T03:02:22Z</time>
   </trkpt>
   <trkpt lat="37.4511590" lon="127.0562580">
    <ele>41.3</ele>
    <time>2026-07-16T03:02:23Z</time>
   </trkpt>
   <trkpt lat="37.4511340" lon="127.0562790">
    <ele>41.4</ele>
    <time>2026-07-16T03:02:24Z</time>
   </trkpt>
   <trkpt lat="37.4511060" lon="127.0562910">
    <ele>41.5</ele>
    <time>2026-07-16T03:02:25Z</time>
   </trkpt>
   <trkpt lat="37.4510850" lon="127.0563030">
    <ele>41.5</ele>
    <time>2026-07-16T03:02:26Z</time>
   </trkpt>
   <trkpt lat="37.4510770" lon="127.0563130">
    <ele>41.5</ele>
    <time>2026-07-16T03:02:27Z</time>
   </trkpt>
   <trkpt lat="37.4510820" lon="127.0563130">
    <ele>41.5</ele>
    <time>2026-07-16T03:02:28Z</time>
   </trkpt>
   <trkpt lat="37.4510840" lon="127.0563120">
    <ele>41.6</ele>
    <time>2026-07-16T03:02:29Z</time>
   </trkpt>
   <trkpt lat="37.4510850" lon="127.0563130">
    <ele>41.6</ele>
    <time>2026-07-16T03:02:30Z</time>
   </trkpt>
   <trkpt lat="37.4510860" lon="127.0563070">
    <ele>41.6</ele>
    <time>2026-07-16T03:02:31Z</time>
   </trkpt>
   <trkpt lat="37.4510880" lon="127.0563060">
    <ele>41.6</ele>
    <time>2026-07-16T03:02:32Z</time>
   </trkpt>
   <trkpt lat="37.4510860" lon="127.0563090">
    <ele>41.6</ele>
    <time>2026-07-16T03:02:33Z</time>
   </trkpt>
   <trkpt lat="37.4510860" lon="127.0563080">
    <ele>41.6</ele>
    <time>2026-07-16T03:02:34Z</time>
   </trkpt>
   <trkpt lat="37.4510870" lon="127.0563090">
    <ele>41.6</ele>
    <time>2026-07-16T03:02:35Z</time>
   </trkpt>
   <trkpt lat="37.4510870" lon="127.0563100">
    <ele>41.6</ele>
    <time>2026-07-16T03:02:36Z</time>
   </trkpt>
   <trkpt lat="37.4510870" lon="127.0563100">
    <ele>41.6</ele>
    <time>2026-07-16T03:02:37Z</time>
   </trkpt>
   <trkpt lat="37.4510860" lon="127.0563120">
    <ele>41.6</ele>
    <time>2026-07-16T03:02:38Z</time>
   </trkpt>
   <trkpt lat="37.4510870" lon="127.0563120">
    <ele>41.6</ele>
    <time>2026-07-16T03:02:39Z</time>
   </trkpt>
   <trkpt lat="37.4510870" lon="127.0563130">
    <ele>41.6</ele>
    <time>2026-07-16T03:02:40Z</time>
   </trkpt>
   <trkpt lat="37.4510870" lon="127.0563140">
    <ele>41.6</ele>
    <time>2026-07-16T03:02:41Z</time>
   </trkpt>
   <trkpt lat="37.4510870" lon="127.0563150">
    <ele>41.6</ele>
    <time>2026-07-16T03:02:42Z</time>
   </trkpt>
   <trkpt lat="37.4510870" lon="127.0563150">
    <ele>41.6</ele>
    <time>2026-07-16T03:02:43Z</time>
   </trkpt>
   <trkpt lat="37.4510870" lon="127.0563160">
    <ele>41.6</ele>
    <time>2026-07-16T03:02:44Z</time>
   </trkpt>
   <trkpt lat="37.4510870" lon="127.0563160">
    <ele>41.6</ele>
    <time>2026-07-16T03:02:45Z</time>
   </trkpt>
   <trkpt lat="37.4510870" lon="127.0563170">
    <ele>41.6</ele>
    <time>2026-07-16T03:02:46Z</time>
   </trkpt>
   <trkpt lat="37.4510870" lon="127.0563170">
    <ele>41.6</ele>
    <time>2026-07-16T03:02:47Z</time>
   </trkpt>
   <trkpt lat="37.4510880" lon="127.0563180">
    <ele>41.6</ele>
    <time>2026-07-16T03:02:48Z</time>
   </trkpt>
   <trkpt lat="37.4510870" lon="127.0563180">
    <ele>41.6</ele>
    <time>2026-07-16T03:02:49Z</time>
   </trkpt>
   <trkpt lat="37.4510880" lon="127.0563180">
    <ele>41.6</ele>
    <time>2026-07-16T03:02:50Z</time>
   </trkpt>
   <trkpt lat="37.4510890" lon="127.0563180">
    <ele>41.6</ele>
    <time>2026-07-16T03:02:51Z</time>
   </trkpt>
   <trkpt lat="37.4510890" lon="127.0563170">
    <ele>41.6</ele>
    <time>2026-07-16T03:02:52Z</time>
   </trkpt>
   <trkpt lat="37.4510900" lon="127.0563170">
    <ele>41.6</ele>
    <time>2026-07-16T03:02:53Z</time>
   </trkpt>
   <trkpt lat="37.4510890" lon="127.0563160">
    <ele>41.6</ele>
    <time>2026-07-16T03:02:54Z</time>
   </trkpt>
   <trkpt lat="37.4510890" lon="127.0563160">
    <ele>41.6</ele>
    <time>2026-07-16T03:02:55Z</time>
   </trkpt>
   <trkpt lat="37.4510890" lon="127.0563160">
    <ele>41.6</ele>
    <time>2026-07-16T03:02:56Z</time>
   </trkpt>
   <trkpt lat="37.4510890" lon="127.0563170">
    <ele>41.6</ele>
    <time>2026-07-16T03:02:57Z</time>
   </trkpt>
   <trkpt lat="37.4510890" lon="127.0563170">
    <ele>41.6</ele>
    <time>2026-07-16T03:02:58Z</time>
   </trkpt>
   <trkpt lat="37.4510890" lon="127.0563170">
    <ele>41.6</ele>
    <time>2026-07-16T03:02:59Z</time>
   </trkpt>
   <trkpt lat="37.4510890" lon="127.0563190">
    <ele>41.6</ele>
    <time>2026-07-16T03:03:00Z</time>
   </trkpt>
   <trkpt lat="37.4510880" lon="127.0563180">
    <ele>41.6</ele>
    <time>2026-07-16T03:03:01Z</time>
   </trkpt>
   <trkpt lat="37.4510860" lon="127.0563190">
    <ele>41.6</ele>
    <time>2026-07-16T03:03:02Z</time>
   </trkpt>
   <trkpt lat="37.4510880" lon="127.0563230">
    <ele>41.6</ele>
    <time>2026-07-16T03:03:03Z</time>
   </trkpt>
   <trkpt lat="37.4510920" lon="127.0563230">
    <ele>41.7</ele>
    <time>2026-07-16T03:03:04Z</time>
   </trkpt>
   <trkpt lat="37.4510880" lon="127.0563240">
    <ele>41.7</ele>
    <time>2026-07-16T03:03:05Z</time>
   </trkpt>
   <trkpt lat="37.4510760" lon="127.0563270">
    <ele>41.7</ele>
    <time>2026-07-16T03:03:06Z</time>
   </trkpt>
   <trkpt lat="37.4510540" lon="127.0563370">
    <ele>41.7</ele>
    <time>2026-07-16T03:03:07Z</time>
   </trkpt>
   <trkpt lat="37.4510430" lon="127.0563490">
    <ele>41.8</ele>
    <time>2026-07-16T03:03:08Z</time>
   </trkpt>
   <trkpt lat="37.4510260" lon="127.0563580">
    <ele>41.8</ele>
    <time>2026-07-16T03:03:09Z</time>
   </trkpt>
   <trkpt lat="37.4510020" lon="127.0563720">
    <ele>41.9</ele>
    <time>2026-07-16T03:03:10Z</time>
   </trkpt>
   <trkpt lat="37.4509750" lon="127.0563890">
    <ele>42.0</ele>
    <time>2026-07-16T03:03:11Z</time>
   </trkpt>
   <trkpt lat="37.4509430" lon="127.0564080">
    <ele>42.1</ele>
    <time>2026-07-16T03:03:12Z</time>
   </trkpt>
   <trkpt lat="37.4509170" lon="127.0564290">
    <ele>42.1</ele>
    <time>2026-07-16T03:03:13Z</time>
   </trkpt>
   <trkpt lat="37.4508850" lon="127.0564550">
    <ele>42.2</ele>
    <time>2026-07-16T03:03:14Z</time>
   </trkpt>
   <trkpt lat="37.4508530" lon="127.0564870">
    <ele>42.3</ele>
    <time>2026-07-16T03:03:15Z</time>
   </trkpt>
   <trkpt lat="37.4508170" lon="127.0565190">
    <ele>42.4</ele>
    <time>2026-07-16T03:03:16Z</time>
   </trkpt>
   <trkpt lat="37.4507770" lon="127.0565540">
    <ele>42.5</ele>
    <time>2026-07-16T03:03:17Z</time>
   </trkpt>
   <trkpt lat="37.4507360" lon="127.0565930">
    <ele>42.7</ele>
    <time>2026-07-16T03:03:18Z</time>
   </trkpt>
   <trkpt lat="37.4507000" lon="127.0566420">
    <ele>42.8</ele>
    <time>2026-07-16T03:03:19Z</time>
   </trkpt>
   <trkpt lat="37.4506610" lon="127.0566850">
    <ele>42.9</ele>
    <time>2026-07-16T03:03:20Z</time>
   </trkpt>
   <trkpt lat="37.4506210" lon="127.0567370">
    <ele>43.0</ele>
    <time>2026-07-16T03:03:21Z</time>
   </trkpt>
   <trkpt lat="37.4505850" lon="127.0567870">
    <ele>43.2</ele>
    <time>2026-07-16T03:03:22Z</time>
   </trkpt>
   <trkpt lat="37.4505500" lon="127.0568410">
    <ele>43.3</ele>
    <time>2026-07-16T03:03:23Z</time>
   </trkpt>
   <trkpt lat="37.4505190" lon="127.0568910">
    <ele>43.4</ele>
    <time>2026-07-16T03:03:24Z</time>
   </trkpt>
   <trkpt lat="37.4504910" lon="127.0569520">
    <ele>43.6</ele>
    <time>2026-07-16T03:03:25Z</time>
   </trkpt>
   <trkpt lat="37.4504650" lon="127.0570020">
    <ele>43.7</ele>
    <time>2026-07-16T03:03:26Z</time>
   </trkpt>
   <trkpt lat="37.4504370" lon="127.0570540">
    <ele>43.9</ele>
    <time>2026-07-16T03:03:27Z</time>
   </trkpt>
   <trkpt lat="37.4504100" lon="127.0571090">
    <ele>44.0</ele>
    <time>2026-07-16T03:03:28Z</time>
   </trkpt>
   <trkpt lat="37.4503770" lon="127.0571560">
    <ele>44.2</ele>
    <time>2026-07-16T03:03:29Z</time>
   </trkpt>
   <trkpt lat="37.4503610" lon="127.0572260">
    <ele>44.3</ele>
    <time>2026-07-16T03:03:30Z</time>
   </trkpt>
   <trkpt lat="37.4503360" lon="127.0572870">
    <ele>44.4</ele>
    <time>2026-07-16T03:03:31Z</time>
   </trkpt>
   <trkpt lat="37.4503210" lon="127.0573510">
    <ele>44.6</ele>
    <time>2026-07-16T03:03:32Z</time>
   </trkpt>
   <trkpt lat="37.4503020" lon="127.0574180">
    <ele>44.7</ele>
    <time>2026-07-16T03:03:33Z</time>
   </trkpt>
   <trkpt lat="37.4502830" lon="127.0574810">
    <ele>44.8</ele>
    <time>2026-07-16T03:03:34Z</time>
   </trkpt>
   <trkpt lat="37.4502610" lon="127.0575450">
    <ele>45.0</ele>
    <time>2026-07-16T03:03:35Z</time>
   </trkpt>
   <trkpt lat="37.4502450" lon="127.0576070">
    <ele>45.1</ele>
    <time>2026-07-16T03:03:36Z</time>
   </trkpt>
   <trkpt lat="37.4502230" lon="127.0576720">
    <ele>45.3</ele>
    <time>2026-07-16T03:03:37Z</time>
   </trkpt>
   <trkpt lat="37.4502070" lon="127.0577320">
    <ele>45.4</ele>
    <time>2026-07-16T03:03:38Z</time>
   </trkpt>
   <trkpt lat="37.4501890" lon="127.0577990">
    <ele>45.5</ele>
    <time>2026-07-16T03:03:39Z</time>
   </trkpt>
   <trkpt lat="37.4501700" lon="127.0578690">
    <ele>45.7</ele>
    <time>2026-07-16T03:03:40Z</time>
   </trkpt>
   <trkpt lat="37.4501600" lon="127.0579380">
    <ele>45.8</ele>
    <time>2026-07-16T03:03:41Z</time>
   </trkpt>
   <trkpt lat="37.4501400" lon="127.0579960">
    <ele>45.9</ele>
    <time>2026-07-16T03:03:42Z</time>
   </trkpt>
   <trkpt lat="37.4501250" lon="127.0580480">
    <ele>46.0</ele>
    <time>2026-07-16T03:03:43Z</time>
   </trkpt>
   <trkpt lat="37.4501100" lon="127.0580940">
    <ele>46.0</ele>
    <time>2026-07-16T03:03:44Z</time>
   </trkpt>
   <trkpt lat="37.4500980" lon="127.0581220">
    <ele>46.1</ele>
    <time>2026-07-16T03:03:45Z</time>
   </trkpt>
   <trkpt lat="37.4500890" lon="127.0581270">
    <ele>46.1</ele>
    <time>2026-07-16T03:03:46Z</time>
   </trkpt>
   <trkpt lat="37.4500870" lon="127.0581210">
    <ele>46.1</ele>
    <time>2026-07-16T03:03:47Z</time>
   </trkpt>
   <trkpt lat="37.4500920" lon="127.0581160">
    <ele>46.1</ele>
    <time>2026-07-16T03:03:48Z</time>
   </trkpt>
   <trkpt lat="37.4500930" lon="127.0581160">
    <ele>46.1</ele>
    <time>2026-07-16T03:03:49Z</time>
   </trkpt>
   <trkpt lat="37.4500920" lon="127.0581160">
    <ele>46.1</ele>
    <time>2026-07-16T03:03:50Z</time>
   </trkpt>
   <trkpt lat="37.4500850" lon="127.0581190">
    <ele>46.1</ele>
    <time>2026-07-16T03:03:51Z</time>
   </trkpt>
   <trkpt lat="37.4500810" lon="127.0581220">
    <ele>46.1</ele>
    <time>2026-07-16T03:03:52Z</time>
   </trkpt>
   <trkpt lat="37.4500850" lon="127.0581180">
    <ele>46.1</ele>
    <time>2026-07-16T03:03:53Z</time>
   </trkpt>
   <trkpt lat="37.4500850" lon="127.0581190">
    <ele>46.1</ele>
    <time>2026-07-16T03:03:54Z</time>
   </trkpt>
   <trkpt lat="37.4500850" lon="127.0581150">
    <ele>46.1</ele>
    <time>2026-07-16T03:03:55Z</time>
   </trkpt>
   <trkpt lat="37.4500830" lon="127.0581130">
    <ele>46.1</ele>
    <time>2026-07-16T03:03:56Z</time>
   </trkpt>
   <trkpt lat="37.4500850" lon="127.0581200">
    <ele>46.2</ele>
    <time>2026-07-16T03:03:57Z</time>
   </trkpt>
   <trkpt lat="37.4500860" lon="127.0581170">
    <ele>46.2</ele>
    <time>2026-07-16T03:03:58Z</time>
   </trkpt>
   <trkpt lat="37.4500850" lon="127.0581150">
    <ele>46.2</ele>
    <time>2026-07-16T03:03:59Z</time>
   </trkpt>
   <trkpt lat="37.4500850" lon="127.0581140">
    <ele>46.2</ele>
    <time>2026-07-16T03:04:00Z</time>
   </trkpt>
   <trkpt lat="37.4500840" lon="127.0581160">
    <ele>46.2</ele>
    <time>2026-07-16T03:04:01Z</time>
   </trkpt>
   <trkpt lat="37.4500850" lon="127.0581170">
    <ele>46.2</ele>
    <time>2026-07-16T03:04:02Z</time>
   </trkpt>
   <trkpt lat="37.4500850" lon="127.0581170">
    <ele>46.2</ele>
    <time>2026-07-16T03:04:03Z</time>
   </trkpt>
   <trkpt lat="37.4500850" lon="127.0581180">
    <ele>46.2</ele>
    <time>2026-07-16T03:04:04Z</time>
   </trkpt>
   <trkpt lat="37.4500850" lon="127.0581180">
    <ele>46.2</ele>
    <time>2026-07-16T03:04:05Z</time>
   </trkpt>
   <trkpt lat="37.4500850" lon="127.0581180">
    <ele>46.2</ele>
    <time>2026-07-16T03:04:06Z</time>
   </trkpt>
   <trkpt lat="37.4500860" lon="127.0581170">
    <ele>46.2</ele>
    <time>2026-07-16T03:04:07Z</time>
   </trkpt>
   <trkpt lat="37.4500840" lon="127.0581190">
    <ele>46.2</ele>
    <time>2026-07-16T03:04:08Z</time>
   </trkpt>
   <trkpt lat="37.4500830" lon="127.0581160">
    <ele>46.2</ele>
    <time>2026-07-16T03:04:09Z</time>
   </trkpt>
   <trkpt lat="37.4500800" lon="127.0581230">
    <ele>46.2</ele>
    <time>2026-07-16T03:04:10Z</time>
   </trkpt>
   <trkpt lat="37.4500700" lon="127.0581330">
    <ele>46.2</ele>
    <time>2026-07-16T03:04:11Z</time>
   </trkpt>
   <trkpt lat="37.4500540" lon="127.0581290">
    <ele>46.2</ele>
    <time>2026-07-16T03:04:12Z</time>
   </trkpt>
   <trkpt lat="37.4500420" lon="127.0581260">
    <ele>46.3</ele>
    <time>2026-07-16T03:04:13Z</time>
   </trkpt>
   <trkpt lat="37.4500280" lon="127.0581190">
    <ele>46.3</ele>
    <time>2026-07-16T03:04:14Z</time>
   </trkpt>
   <trkpt lat="37.4500110" lon="127.0581120">
    <ele>46.3</ele>
    <time>2026-07-16T03:04:15Z</time>
   </trkpt>
   <trkpt lat="37.4499920" lon="127.0581240">
    <ele>46.4</ele>
    <time>2026-07-16T03:04:16Z</time>
   </trkpt>
   <trkpt lat="37.4499780" lon="127.0581510">
    <ele>46.4</ele>
    <time>2026-07-16T03:04:17Z</time>
   </trkpt>
   <trkpt lat="37.4499610" lon="127.0581860">
    <ele>46.5</ele>
    <time>2026-07-16T03:04:18Z</time>
   </trkpt>
   <trkpt lat="37.4499420" lon="127.0582220">
    <ele>46.5</ele>
    <time>2026-07-16T03:04:19Z</time>
   </trkpt>
   <trkpt lat="37.4499220" lon="127.0582600">
    <ele>46.6</ele>
    <time>2026-07-16T03:04:20Z</time>
   </trkpt>
   <trkpt lat="37.4499000" lon="127.0583040">
    <ele>46.7</ele>
    <time>2026-07-16T03:04:21Z</time>
   </trkpt>
   <trkpt lat="37.4498710" lon="127.0583450">
    <ele>46.8</ele>
    <time>2026-07-16T03:04:22Z</time>
   </trkpt>
   <trkpt lat="37.4498380" lon="127.0583850">
    <ele>46.5</ele>
    <time>2026-07-16T03:04:23Z</time>
   </trkpt>
   <trkpt lat="37.4498030" lon="127.0584220">
    <ele>46.3</ele>
    <time>2026-07-16T03:04:24Z</time>
   </trkpt>
   <trkpt lat="37.4497640" lon="127.0584600">
    <ele>46.0</ele>
    <time>2026-07-16T03:04:25Z</time>
   </trkpt>
   <trkpt lat="37.4497280" lon="127.0584960">
    <ele>45.8</ele>
    <time>2026-07-16T03:04:26Z</time>
   </trkpt>
   <trkpt lat="37.4496880" lon="127.0585300">
    <ele>45.6</ele>
    <time>2026-07-16T03:04:27Z</time>
   </trkpt>
   <trkpt lat="37.4496470" lon="127.0585610">
    <ele>45.4</ele>
    <time>2026-07-16T03:04:28Z</time>
   </trkpt>
   <trkpt lat="37.4496010" lon="127.0585910">
    <ele>45.5</ele>
    <time>2026-07-16T03:04:29Z</time>
   </trkpt>
   <trkpt lat="37.4495550" lon="127.0586190">
    <ele>45.5</ele>
    <time>2026-07-16T03:04:30Z</time>
   </trkpt>
   <trkpt lat="37.4495110" lon="127.0586530">
    <ele>45.6</ele>
    <time>2026-07-16T03:04:31Z</time>
   </trkpt>
   <trkpt lat="37.4494630" lon="127.0586840">
    <ele>45.7</ele>
    <time>2026-07-16T03:04:32Z</time>
   </trkpt>
   <trkpt lat="37.4494210" lon="127.0587100">
    <ele>45.8</ele>
    <time>2026-07-16T03:04:33Z</time>
   </trkpt>
   <trkpt lat="37.4493860" lon="127.0587270">
    <ele>45.8</ele>
    <time>2026-07-16T03:04:34Z</time>
   </trkpt>
   <trkpt lat="37.4493700" lon="127.0587380">
    <ele>45.9</ele>
    <time>2026-07-16T03:04:35Z</time>
   </trkpt>
   <trkpt lat="37.4493680" lon="127.0587420">
    <ele>45.9</ele>
    <time>2026-07-16T03:04:36Z</time>
   </trkpt>
   <trkpt lat="37.4493720" lon="127.0587380">
    <ele>45.9</ele>
    <time>2026-07-16T03:04:37Z</time>
   </trkpt>
   <trkpt lat="37.4493710" lon="127.0587370">
    <ele>45.9</ele>
    <time>2026-07-16T03:04:38Z</time>
   </trkpt>
   <trkpt lat="37.4493710" lon="127.0587390">
    <ele>45.9</ele>
    <time>2026-07-16T03:04:39Z</time>
   </trkpt>
   <trkpt lat="37.4493710" lon="127.0587370">
    <ele>45.9</ele>
    <time>2026-07-16T03:04:40Z</time>
   </trkpt>
   <trkpt lat="37.4493730" lon="127.0587370">
    <ele>45.9</ele>
    <time>2026-07-16T03:04:41Z</time>
   </trkpt>
   <trkpt lat="37.4493740" lon="127.0587370">
    <ele>45.9</ele>
    <time>2026-07-16T03:04:42Z</time>
   </trkpt>
   <trkpt lat="37.4493730" lon="127.0587370">
    <ele>45.9</ele>
    <time>2026-07-16T03:04:43Z</time>
   </trkpt>
   <trkpt lat="37.4493710" lon="127.0587370">
    <ele>45.9</ele>
    <time>2026-07-16T03:04:44Z</time>
   </trkpt>
   <trkpt lat="37.4493700" lon="127.0587360">
    <ele>45.9</ele>
    <time>2026-07-16T03:04:45Z</time>
   </trkpt>
   <trkpt lat="37.4493700" lon="127.0587360">
    <ele>45.9</ele>
    <time>2026-07-16T03:04:46Z</time>
   </trkpt>
   <trkpt lat="37.4493710" lon="127.0587360">
    <ele>45.9</ele>
    <time>2026-07-16T03:04:47Z</time>
   </trkpt>
   <trkpt lat="37.4493710" lon="127.0587360">
    <ele>45.9</ele>
    <time>2026-07-16T03:04:48Z</time>
   </trkpt>
   <trkpt lat="37.4493710" lon="127.0587350">
    <ele>45.9</ele>
    <time>2026-07-16T03:04:49Z</time>
   </trkpt>
   <trkpt lat="37.4493690" lon="127.0587330">
    <ele>45.9</ele>
    <time>2026-07-16T03:04:50Z</time>
   </trkpt>
   <trkpt lat="37.4493670" lon="127.0587340">
    <ele>45.9</ele>
    <time>2026-07-16T03:04:51Z</time>
   </trkpt>
   <trkpt lat="37.4493660" lon="127.0587380">
    <ele>45.9</ele>
    <time>2026-07-16T03:04:52Z</time>
   </trkpt>
   <trkpt lat="37.4493700" lon="127.0587380">
    <ele>45.9</ele>
    <time>2026-07-16T03:04:53Z</time>
   </trkpt>
   <trkpt lat="37.4493680" lon="127.0587380">
    <ele>45.9</ele>
    <time>2026-07-16T03:04:54Z</time>
   </trkpt>
   <trkpt lat="37.4493660" lon="127.0587390">
    <ele>45.9</ele>
    <time>2026-07-16T03:04:55Z</time>
   </trkpt>
   <trkpt lat="37.4493680" lon="127.0587360">
    <ele>45.9</ele>
    <time>2026-07-16T03:04:56Z</time>
   </trkpt>
   <trkpt lat="37.4493680" lon="127.0587360">
    <ele>45.9</ele>
    <time>2026-07-16T03:04:57Z</time>
   </trkpt>
   <trkpt lat="37.4493690" lon="127.0587320">
    <ele>45.9</ele>
    <time>2026-07-16T03:04:58Z</time>
   </trkpt>
   <trkpt lat="37.4493690" lon="127.0587300">
    <ele>46.0</ele>
    <time>2026-07-16T03:04:59Z</time>
   </trkpt>
   <trkpt lat="37.4493690" lon="127.0587290">
    <ele>46.0</ele>
    <time>2026-07-16T03:05:00Z</time>
   </trkpt>
   <trkpt lat="37.4493690" lon="127.0587300">
    <ele>46.0</ele>
    <time>2026-07-16T03:05:01Z</time>
   </trkpt>
   <trkpt lat="37.4493610" lon="127.0587340">
    <ele>46.0</ele>
    <time>2026-07-16T03:05:02Z</time>
   </trkpt>
   <trkpt lat="37.4493550" lon="127.0587330">
    <ele>46.0</ele>
    <time>2026-07-16T03:05:03Z</time>
   </trkpt>
   <trkpt lat="37.4493480" lon="127.0587390">
    <ele>46.0</ele>
    <time>2026-07-16T03:05:04Z</time>
   </trkpt>
   <trkpt lat="37.4493350" lon="127.0587480">
    <ele>46.0</ele>
    <time>2026-07-16T03:05:05Z</time>
   </trkpt>
   <trkpt lat="37.4493180" lon="127.0587570">
    <ele>46.1</ele>
    <time>2026-07-16T03:05:06Z</time>
   </trkpt>
   <trkpt lat="37.4492990" lon="127.0587700">
    <ele>46.1</ele>
    <time>2026-07-16T03:05:07Z</time>
   </trkpt>
   <trkpt lat="37.4492770" lon="127.0587800">
    <ele>46.1</ele>
    <time>2026-07-16T03:05:08Z</time>
   </trkpt>
   <trkpt lat="37.4492550" lon="127.0587900">
    <ele>46.2</ele>
    <time>2026-07-16T03:05:09Z</time>
   </trkpt>
   <trkpt lat="37.4492260" lon="127.0588000">
    <ele>46.3</ele>
    <time>2026-07-16T03:05:10Z</time>
   </trkpt>
   <trkpt lat="37.4492050" lon="127.0588080">
    <ele>46.3</ele>
    <time>2026-07-16T03:05:11Z</time>
   </trkpt>
   <trkpt lat="37.4491920" lon="127.0588210">
    <ele>46.4</ele>
    <time>2026-07-16T03:05:12Z</time>
   </trkpt>
   <trkpt lat="37.4491830" lon="127.0588290">
    <ele>46.4</ele>
    <time>2026-07-16T03:05:13Z</time>
   </trkpt>
   <trkpt lat="37.4491700" lon="127.0588290">
    <ele>46.4</ele>
    <time>2026-07-16T03:05:14Z</time>
   </trkpt>
   <trkpt lat="37.4491560" lon="127.0588320">
    <ele>46.4</ele>
    <time>2026-07-16T03:05:15Z</time>
   </trkpt>
   <trkpt lat="37.4491500" lon="127.0588390">
    <ele>46.5</ele>
    <time>2026-07-16T03:05:16Z</time>
   </trkpt>
   <trkpt lat="37.4491460" lon="127.0588550">
    <ele>46.5</ele>
    <time>2026-07-16T03:05:17Z</time>
   </trkpt>
   <trkpt lat="37.4491340" lon="127.0588600">
    <ele>46.5</ele>
    <time>2026-07-16T03:05:18Z</time>
   </trkpt>
   <trkpt lat="37.4491300" lon="127.0588570">
    <ele>46.5</ele>
    <time>2026-07-16T03:05:19Z</time>
   </trkpt>
   <trkpt lat="37.4491340" lon="127.0588560">
    <ele>46.5</ele>
    <time>2026-07-16T03:05:20Z</time>
   </trkpt>
   <trkpt lat="37.4491330" lon="127.0588580">
    <ele>46.6</ele>
    <time>2026-07-16T03:05:21Z</time>
   </trkpt>
   <trkpt lat="37.4491260" lon="127.0588570">
    <ele>46.6</ele>
    <time>2026-07-16T03:05:22Z</time>
   </trkpt>
   <trkpt lat="37.4491230" lon="127.0588590">
    <ele>46.6</ele>
    <time>2026-07-16T03:05:23Z</time>
   </trkpt>
   <trkpt lat="37.4491180" lon="127.0588620">
    <ele>46.6</ele>
    <time>2026-07-16T03:05:24Z</time>
   </trkpt>
   <trkpt lat="37.4491080" lon="127.0588620">
    <ele>46.6</ele>
    <time>2026-07-16T03:05:25Z</time>
   </trkpt>
   <trkpt lat="37.4490990" lon="127.0588660">
    <ele>46.6</ele>
    <time>2026-07-16T03:05:26Z</time>
   </trkpt>
   <trkpt lat="37.4490910" lon="127.0588750">
    <ele>46.7</ele>
    <time>2026-07-16T03:05:27Z</time>
   </trkpt>
   <trkpt lat="37.4490800" lon="127.0588830">
    <ele>46.7</ele>
    <time>2026-07-16T03:05:28Z</time>
   </trkpt>
   <trkpt lat="37.4490720" lon="127.0588930">
    <ele>46.7</ele>
    <time>2026-07-16T03:05:29Z</time>
   </trkpt>
   <trkpt lat="37.4490500" lon="127.0589010">
    <ele>46.8</ele>
    <time>2026-07-16T03:05:30Z</time>
   </trkpt>
   <trkpt lat="37.4490210" lon="127.0589090">
    <ele>46.8</ele>
    <time>2026-07-16T03:05:31Z</time>
   </trkpt>
   <trkpt lat="37.4490010" lon="127.0589270">
    <ele>46.9</ele>
    <time>2026-07-16T03:05:32Z</time>
   </trkpt>
   <trkpt lat="37.4489840" lon="127.0589420">
    <ele>46.9</ele>
    <time>2026-07-16T03:05:33Z</time>
   </trkpt>
   <trkpt lat="37.4489710" lon="127.0589450">
    <ele>46.9</ele>
    <time>2026-07-16T03:05:34Z</time>
   </trkpt>
   <trkpt lat="37.4489570" lon="127.0589460">
    <ele>46.9</ele>
    <time>2026-07-16T03:05:35Z</time>
   </trkpt>
   <trkpt lat="37.4489400" lon="127.0589550">
    <ele>46.9</ele>
    <time>2026-07-16T03:05:36Z</time>
   </trkpt>
   <trkpt lat="37.4489240" lon="127.0589690">
    <ele>47.0</ele>
    <time>2026-07-16T03:05:37Z</time>
   </trkpt>
   <trkpt lat="37.4489170" lon="127.0589740">
    <ele>47.0</ele>
    <time>2026-07-16T03:05:38Z</time>
   </trkpt>
   <trkpt lat="37.4489020" lon="127.0589810">
    <ele>47.0</ele>
    <time>2026-07-16T03:05:39Z</time>
   </trkpt>
   <trkpt lat="37.4488880" lon="127.0589920">
    <ele>47.0</ele>
    <time>2026-07-16T03:05:40Z</time>
   </trkpt>
   <trkpt lat="37.4488640" lon="127.0590060">
    <ele>47.1</ele>
    <time>2026-07-16T03:05:41Z</time>
   </trkpt>
   <trkpt lat="37.4488530" lon="127.0590120">
    <ele>47.1</ele>
    <time>2026-07-16T03:05:42Z</time>
   </trkpt>
   <trkpt lat="37.4488430" lon="127.0590210">
    <ele>47.1</ele>
    <time>2026-07-16T03:05:43Z</time>
   </trkpt>
   <trkpt lat="37.4488260" lon="127.0590340">
    <ele>47.1</ele>
    <time>2026-07-16T03:05:44Z</time>
   </trkpt>
   <trkpt lat="37.4488080" lon="127.0590440">
    <ele>47.1</ele>
    <time>2026-07-16T03:05:45Z</time>
   </trkpt>
   <trkpt lat="37.4487960" lon="127.0590480">
    <ele>47.1</ele>
    <time>2026-07-16T03:05:46Z</time>
   </trkpt>
   <trkpt lat="37.4487770" lon="127.0590580">
    <ele>47.1</ele>
    <time>2026-07-16T03:05:47Z</time>
   </trkpt>
   <trkpt lat="37.4487620" lon="127.0590680">
    <ele>47.2</ele>
    <time>2026-07-16T03:05:48Z</time>
   </trkpt>
   <trkpt lat="37.4487500" lon="127.0590740">
    <ele>47.2</ele>
    <time>2026-07-16T03:05:49Z</time>
   </trkpt>
   <trkpt lat="37.4487380" lon="127.0590860">
    <ele>47.2</ele>
    <time>2026-07-16T03:05:50Z</time>
   </trkpt>
   <trkpt lat="37.4487160" lon="127.0590940">
    <ele>47.2</ele>
    <time>2026-07-16T03:05:51Z</time>
   </trkpt>
   <trkpt lat="37.4487050" lon="127.0591030">
    <ele>47.2</ele>
    <time>2026-07-16T03:05:52Z</time>
   </trkpt>
   <trkpt lat="37.4486950" lon="127.0591180">
    <ele>47.2</ele>
    <time>2026-07-16T03:05:53Z</time>
   </trkpt>
   <trkpt lat="37.4486760" lon="127.0591370">
    <ele>47.2</ele>
    <time>2026-07-16T03:05:54Z</time>
   </trkpt>
   <trkpt lat="37.4486510" lon="127.0591410">
    <ele>47.3</ele>
    <time>2026-07-16T03:05:55Z</time>
   </trkpt>
   <trkpt lat="37.4486340" lon="127.0591570">
    <ele>47.3</ele>
    <time>2026-07-16T03:05:56Z</time>
   </trkpt>
   <trkpt lat="37.4486230" lon="127.0591720">
    <ele>47.3</ele>
    <time>2026-07-16T03:05:57Z</time>
   </trkpt>
   <trkpt lat="37.4486080" lon="127.0591840">
    <ele>47.3</ele>
    <time>2026-07-16T03:05:58Z</time>
   </trkpt>
   <trkpt lat="37.4485890" lon="127.0592020">
    <ele>47.3</ele>
    <time>2026-07-16T03:05:59Z</time>
   </trkpt>
   <trkpt lat="37.4485670" lon="127.0592180">
    <ele>47.4</ele>
    <time>2026-07-16T03:06:00Z</time>
   </trkpt>
   <trkpt lat="37.4485490" lon="127.0592300">
    <ele>47.4</ele>
    <time>2026-07-16T03:06:01Z</time>
   </trkpt>
   <trkpt lat="37.4485220" lon="127.0592460">
    <ele>47.4</ele>
    <time>2026-07-16T03:06:02Z</time>
   </trkpt>
   <trkpt lat="37.4484970" lon="127.0592640">
    <ele>47.5</ele>
    <time>2026-07-16T03:06:03Z</time>
   </trkpt>
   <trkpt lat="37.4484730" lon="127.0592810">
    <ele>47.5</ele>
    <time>2026-07-16T03:06:04Z</time>
   </trkpt>
   <trkpt lat="37.4484450" lon="127.0592970">
    <ele>47.6</ele>
    <time>2026-07-16T03:06:05Z</time>
   </trkpt>
   <trkpt lat="37.4484250" lon="127.0593080">
    <ele>47.6</ele>
    <time>2026-07-16T03:06:06Z</time>
   </trkpt>
   <trkpt lat="37.4484110" lon="127.0593210">
    <ele>47.6</ele>
    <time>2026-07-16T03:06:07Z</time>
   </trkpt>
   <trkpt lat="37.4483950" lon="127.0593360">
    <ele>47.6</ele>
    <time>2026-07-16T03:06:08Z</time>
   </trkpt>
   <trkpt lat="37.4483660" lon="127.0593440">
    <ele>47.7</ele>
    <time>2026-07-16T03:06:09Z</time>
   </trkpt>
   <trkpt lat="37.4483400" lon="127.0593620">
    <ele>47.7</ele>
    <time>2026-07-16T03:06:10Z</time>
   </trkpt>
   <trkpt lat="37.4483180" lon="127.0593790">
    <ele>47.8</ele>
    <time>2026-07-16T03:06:11Z</time>
   </trkpt>
   <trkpt lat="37.4482990" lon="127.0594000">
    <ele>47.8</ele>
    <time>2026-07-16T03:06:12Z</time>
   </trkpt>
   <trkpt lat="37.4482730" lon="127.0594260">
    <ele>47.9</ele>
    <time>2026-07-16T03:06:13Z</time>
   </trkpt>
   <trkpt lat="37.4482610" lon="127.0594540">
    <ele>47.9</ele>
    <time>2026-07-16T03:06:14Z</time>
   </trkpt>
   <trkpt lat="37.4482470" lon="127.0594790">
    <ele>48.0</ele>
    <time>2026-07-16T03:06:15Z</time>
   </trkpt>
   <trkpt lat="37.4482320" lon="127.0595000">
    <ele>48.0</ele>
    <time>2026-07-16T03:06:16Z</time>
   </trkpt>
   <trkpt lat="37.4482140" lon="127.0595270">
    <ele>48.1</ele>
    <time>2026-07-16T03:06:17Z</time>
   </trkpt>
   <trkpt lat="37.4481970" lon="127.0595610">
    <ele>48.1</ele>
    <time>2026-07-16T03:06:18Z</time>
   </trkpt>
   <trkpt lat="37.4481850" lon="127.0595920">
    <ele>48.2</ele>
    <time>2026-07-16T03:06:19Z</time>
   </trkpt>
   <trkpt lat="37.4481720" lon="127.0596160">
    <ele>48.2</ele>
    <time>2026-07-16T03:06:20Z</time>
   </trkpt>
   <trkpt lat="37.4481610" lon="127.0596380">
    <ele>48.3</ele>
    <time>2026-07-16T03:06:21Z</time>
   </trkpt>
   <trkpt lat="37.4481500" lon="127.0596750">
    <ele>48.3</ele>
    <time>2026-07-16T03:06:22Z</time>
   </trkpt>
   <trkpt lat="37.4481260" lon="127.0597060">
    <ele>48.4</ele>
    <time>2026-07-16T03:06:23Z</time>
   </trkpt>
   <trkpt lat="37.4481090" lon="127.0597440">
    <ele>48.4</ele>
    <time>2026-07-16T03:06:24Z</time>
   </trkpt>
   <trkpt lat="37.4480930" lon="127.0597820">
    <ele>48.5</ele>
    <time>2026-07-16T03:06:25Z</time>
   </trkpt>
   <trkpt lat="37.4480820" lon="127.0598040">
    <ele>48.6</ele>
    <time>2026-07-16T03:06:26Z</time>
   </trkpt>
   <trkpt lat="37.4480700" lon="127.0598250">
    <ele>48.6</ele>
    <time>2026-07-16T03:06:27Z</time>
   </trkpt>
   <trkpt lat="37.4480540" lon="127.0598540">
    <ele>48.7</ele>
    <time>2026-07-16T03:06:28Z</time>
   </trkpt>
   <trkpt lat="37.4480430" lon="127.0598830">
    <ele>48.7</ele>
    <time>2026-07-16T03:06:29Z</time>
   </trkpt>
   <trkpt lat="37.4480350" lon="127.0599050">
    <ele>48.7</ele>
    <time>2026-07-16T03:06:30Z</time>
   </trkpt>
   <trkpt lat="37.4480260" lon="127.0599220">
    <ele>48.8</ele>
    <time>2026-07-16T03:06:31Z</time>
   </trkpt>
   <trkpt lat="37.4480100" lon="127.0599460">
    <ele>48.8</ele>
    <time>2026-07-16T03:06:32Z</time>
   </trkpt>
   <trkpt lat="37.4479970" lon="127.0599710">
    <ele>48.9</ele>
    <time>2026-07-16T03:06:33Z</time>
   </trkpt>
   <trkpt lat="37.4479790" lon="127.0599930">
    <ele>48.9</ele>
    <time>2026-07-16T03:06:34Z</time>
   </trkpt>
   <trkpt lat="37.4479600" lon="127.0599980">
    <ele>49.0</ele>
    <time>2026-07-16T03:06:35Z</time>
   </trkpt>
   <trkpt lat="37.4479470" lon="127.0600190">
    <ele>49.0</ele>
    <time>2026-07-16T03:06:36Z</time>
   </trkpt>
   <trkpt lat="37.4479300" lon="127.0600410">
    <ele>49.1</ele>
    <time>2026-07-16T03:06:37Z</time>
   </trkpt>
   <trkpt lat="37.4479070" lon="127.0600560">
    <ele>49.1</ele>
    <time>2026-07-16T03:06:38Z</time>
   </trkpt>
   <trkpt lat="37.4478750" lon="127.0600720">
    <ele>49.2</ele>
    <time>2026-07-16T03:06:39Z</time>
   </trkpt>
   <trkpt lat="37.4478410" lon="127.0600870">
    <ele>49.2</ele>
    <time>2026-07-16T03:06:40Z</time>
   </trkpt>
   <trkpt lat="37.4478050" lon="127.0601080">
    <ele>49.3</ele>
    <time>2026-07-16T03:06:41Z</time>
   </trkpt>
   <trkpt lat="37.4477620" lon="127.0601140">
    <ele>49.4</ele>
    <time>2026-07-16T03:06:42Z</time>
   </trkpt>
   <trkpt lat="37.4477190" lon="127.0601140">
    <ele>49.5</ele>
    <time>2026-07-16T03:06:43Z</time>
   </trkpt>
   <trkpt lat="37.4476920" lon="127.0601140">
    <ele>49.5</ele>
    <time>2026-07-16T03:06:44Z</time>
   </trkpt>
   <trkpt lat="37.4476690" lon="127.0601170">
    <ele>49.6</ele>
    <time>2026-07-16T03:06:45Z</time>
   </trkpt>
   <trkpt lat="37.4476390" lon="127.0601290">
    <ele>49.6</ele>
    <time>2026-07-16T03:06:46Z</time>
   </trkpt>
   <trkpt lat="37.4476030" lon="127.0601300">
    <ele>49.7</ele>
    <time>2026-07-16T03:06:47Z</time>
   </trkpt>
   <trkpt lat="37.4475680" lon="127.0601130">
    <ele>49.8</ele>
    <time>2026-07-16T03:06:48Z</time>
   </trkpt>
   <trkpt lat="37.4475320" lon="127.0601050">
    <ele>49.8</ele>
    <time>2026-07-16T03:06:49Z</time>
   </trkpt>
   <trkpt lat="37.4475030" lon="127.0600900">
    <ele>49.9</ele>
    <time>2026-07-16T03:06:50Z</time>
   </trkpt>
   <trkpt lat="37.4474770" lon="127.0600790">
    <ele>49.9</ele>
    <time>2026-07-16T03:06:51Z</time>
   </trkpt>
   <trkpt lat="37.4474460" lon="127.0600650">
    <ele>50.0</ele>
    <time>2026-07-16T03:06:52Z</time>
   </trkpt>
   <trkpt lat="37.4474140" lon="127.0600490">
    <ele>50.0</ele>
    <time>2026-07-16T03:06:53Z</time>
   </trkpt>
   <trkpt lat="37.4473860" lon="127.0600300">
    <ele>50.1</ele>
    <time>2026-07-16T03:06:54Z</time>
   </trkpt>
   <trkpt lat="37.4473580" lon="127.0600030">
    <ele>50.2</ele>
    <time>2026-07-16T03:06:55Z</time>
   </trkpt>
   <trkpt lat="37.4473260" lon="127.0599810">
    <ele>50.2</ele>
    <time>2026-07-16T03:06:56Z</time>
   </trkpt>
   <trkpt lat="37.4473000" lon="127.0599560">
    <ele>50.3</ele>
    <time>2026-07-16T03:06:57Z</time>
   </trkpt>
   <trkpt lat="37.4472760" lon="127.0599330">
    <ele>50.4</ele>
    <time>2026-07-16T03:06:58Z</time>
   </trkpt>
   <trkpt lat="37.4472500" lon="127.0599020">
    <ele>50.4</ele>
    <time>2026-07-16T03:06:59Z</time>
   </trkpt>
   <trkpt lat="37.4472240" lon="127.0598710">
    <ele>50.5</ele>
    <time>2026-07-16T03:07:00Z</time>
   </trkpt>
   <trkpt lat="37.4471960" lon="127.0598490">
    <ele>50.5</ele>
    <time>2026-07-16T03:07:01Z</time>
   </trkpt>
   <trkpt lat="37.4471780" lon="127.0598260">
    <ele>50.6</ele>
    <time>2026-07-16T03:07:02Z</time>
   </trkpt>
   <trkpt lat="37.4471590" lon="127.0598110">
    <ele>50.6</ele>
    <time>2026-07-16T03:07:03Z</time>
   </trkpt>
   <trkpt lat="37.4471350" lon="127.0597950">
    <ele>50.7</ele>
    <time>2026-07-16T03:07:04Z</time>
   </trkpt>
   <trkpt lat="37.4471120" lon="127.0597810">
    <ele>50.7</ele>
    <time>2026-07-16T03:07:05Z</time>
   </trkpt>
   <trkpt lat="37.4470890" lon="127.0597600">
    <ele>50.7</ele>
    <time>2026-07-16T03:07:06Z</time>
   </trkpt>
   <trkpt lat="37.4470650" lon="127.0597400">
    <ele>50.8</ele>
    <time>2026-07-16T03:07:07Z</time>
   </trkpt>
   <trkpt lat="37.4470460" lon="127.0597160">
    <ele>50.8</ele>
    <time>2026-07-16T03:07:08Z</time>
   </trkpt>
   <trkpt lat="37.4470190" lon="127.0596960">
    <ele>50.9</ele>
    <time>2026-07-16T03:07:09Z</time>
   </trkpt>
   <trkpt lat="37.4469890" lon="127.0596760">
    <ele>50.9</ele>
    <time>2026-07-16T03:07:10Z</time>
   </trkpt>
   <trkpt lat="37.4469640" lon="127.0596520">
    <ele>51.0</ele>
    <time>2026-07-16T03:07:11Z</time>
   </trkpt>
   <trkpt lat="37.4469370" lon="127.0596380">
    <ele>51.1</ele>
    <time>2026-07-16T03:07:12Z</time>
   </trkpt>
   <trkpt lat="37.4469090" lon="127.0596120">
    <ele>51.1</ele>
    <time>2026-07-16T03:07:13Z</time>
   </trkpt>
   <trkpt lat="37.4468850" lon="127.0595940">
    <ele>51.2</ele>
    <time>2026-07-16T03:07:14Z</time>
   </trkpt>
   <trkpt lat="37.4468640" lon="127.0595840">
    <ele>51.2</ele>
    <time>2026-07-16T03:07:15Z</time>
   </trkpt>
   <trkpt lat="37.4468490" lon="127.0595840">
    <ele>51.2</ele>
    <time>2026-07-16T03:07:16Z</time>
   </trkpt>
   <trkpt lat="37.4468260" lon="127.0595770">
    <ele>51.3</ele>
    <time>2026-07-16T03:07:17Z</time>
   </trkpt>
   <trkpt lat="37.4467930" lon="127.0595570">
    <ele>51.3</ele>
    <time>2026-07-16T03:07:18Z</time>
   </trkpt>
   <trkpt lat="37.4467670" lon="127.0595340">
    <ele>51.4</ele>
    <time>2026-07-16T03:07:19Z</time>
   </trkpt>
   <trkpt lat="37.4467460" lon="127.0595330">
    <ele>51.4</ele>
    <time>2026-07-16T03:07:20Z</time>
   </trkpt>
   <trkpt lat="37.4467170" lon="127.0595300">
    <ele>51.5</ele>
    <time>2026-07-16T03:07:21Z</time>
   </trkpt>
   <trkpt lat="37.4466780" lon="127.0595130">
    <ele>51.5</ele>
    <time>2026-07-16T03:07:22Z</time>
   </trkpt>
   <trkpt lat="37.4466470" lon="127.0595030">
    <ele>51.6</ele>
    <time>2026-07-16T03:07:23Z</time>
   </trkpt>
   <trkpt lat="37.4466260" lon="127.0594970">
    <ele>51.6</ele>
    <time>2026-07-16T03:07:24Z</time>
   </trkpt>
   <trkpt lat="37.4465960" lon="127.0594830">
    <ele>51.7</ele>
    <time>2026-07-16T03:07:25Z</time>
   </trkpt>
   <trkpt lat="37.4465680" lon="127.0594800">
    <ele>51.7</ele>
    <time>2026-07-16T03:07:26Z</time>
   </trkpt>
   <trkpt lat="37.4465370" lon="127.0594800">
    <ele>51.7</ele>
    <time>2026-07-16T03:07:27Z</time>
   </trkpt>
   <trkpt lat="37.4465050" lon="127.0594840">
    <ele>51.8</ele>
    <time>2026-07-16T03:07:28Z</time>
   </trkpt>
   <trkpt lat="37.4464850" lon="127.0594710">
    <ele>51.8</ele>
    <time>2026-07-16T03:07:29Z</time>
   </trkpt>
   <trkpt lat="37.4464660" lon="127.0594650">
    <ele>51.9</ele>
    <time>2026-07-16T03:07:30Z</time>
   </trkpt>
   <trkpt lat="37.4464420" lon="127.0594710">
    <ele>51.9</ele>
    <time>2026-07-16T03:07:31Z</time>
   </trkpt>
   <trkpt lat="37.4464120" lon="127.0594720">
    <ele>51.9</ele>
    <time>2026-07-16T03:07:32Z</time>
   </trkpt>
   <trkpt lat="37.4463870" lon="127.0594540">
    <ele>52.0</ele>
    <time>2026-07-16T03:07:33Z</time>
   </trkpt>
   <trkpt lat="37.4463630" lon="127.0594420">
    <ele>52.0</ele>
    <time>2026-07-16T03:07:34Z</time>
   </trkpt>
   <trkpt lat="37.4463220" lon="127.0594450">
    <ele>52.1</ele>
    <time>2026-07-16T03:07:35Z</time>
   </trkpt>
   <trkpt lat="37.4462900" lon="127.0594590">
    <ele>52.1</ele>
    <time>2026-07-16T03:07:36Z</time>
   </trkpt>
   <trkpt lat="37.4462720" lon="127.0594820">
    <ele>52.2</ele>
    <time>2026-07-16T03:07:37Z</time>
   </trkpt>
   <trkpt lat="37.4462390" lon="127.0594860">
    <ele>52.2</ele>
    <time>2026-07-16T03:07:38Z</time>
   </trkpt>
   <trkpt lat="37.4462100" lon="127.0594760">
    <ele>52.2</ele>
    <time>2026-07-16T03:07:39Z</time>
   </trkpt>
   <trkpt lat="37.4461740" lon="127.0594700">
    <ele>52.3</ele>
    <time>2026-07-16T03:07:40Z</time>
   </trkpt>
   <trkpt lat="37.4461450" lon="127.0594760">
    <ele>52.3</ele>
    <time>2026-07-16T03:07:41Z</time>
   </trkpt>
   <trkpt lat="37.4461160" lon="127.0594870">
    <ele>52.3</ele>
    <time>2026-07-16T03:07:42Z</time>
   </trkpt>
   <trkpt lat="37.4460940" lon="127.0594820">
    <ele>52.4</ele>
    <time>2026-07-16T03:07:43Z</time>
   </trkpt>
   <trkpt lat="37.4460680" lon="127.0594700">
    <ele>52.4</ele>
    <time>2026-07-16T03:07:44Z</time>
   </trkpt>
   <trkpt lat="37.4460440" lon="127.0594650">
    <ele>52.4</ele>
    <time>2026-07-16T03:07:45Z</time>
   </trkpt>
   <trkpt lat="37.4460150" lon="127.0594590">
    <ele>52.5</ele>
    <time>2026-07-16T03:07:46Z</time>
   </trkpt>
   <trkpt lat="37.4459820" lon="127.0594560">
    <ele>52.5</ele>
    <time>2026-07-16T03:07:47Z</time>
   </trkpt>
   <trkpt lat="37.4459620" lon="127.0594440">
    <ele>52.5</ele>
    <time>2026-07-16T03:07:48Z</time>
   </trkpt>
   <trkpt lat="37.4459410" lon="127.0594350">
    <ele>52.6</ele>
    <time>2026-07-16T03:07:49Z</time>
   </trkpt>
   <trkpt lat="37.4459100" lon="127.0594320">
    <ele>52.6</ele>
    <time>2026-07-16T03:07:50Z</time>
   </trkpt>
   <trkpt lat="37.4458750" lon="127.0594310">
    <ele>52.7</ele>
    <time>2026-07-16T03:07:51Z</time>
   </trkpt>
   <trkpt lat="37.4458530" lon="127.0594170">
    <ele>52.7</ele>
    <time>2026-07-16T03:07:52Z</time>
   </trkpt>
   <trkpt lat="37.4458210" lon="127.0594020">
    <ele>52.8</ele>
    <time>2026-07-16T03:07:53Z</time>
   </trkpt>
   <trkpt lat="37.4457840" lon="127.0593950">
    <ele>52.8</ele>
    <time>2026-07-16T03:07:54Z</time>
   </trkpt>
   <trkpt lat="37.4457430" lon="127.0593830">
    <ele>52.9</ele>
    <time>2026-07-16T03:07:55Z</time>
   </trkpt>
   <trkpt lat="37.4457010" lon="127.0593660">
    <ele>53.0</ele>
    <time>2026-07-16T03:07:56Z</time>
   </trkpt>
   <trkpt lat="37.4456600" lon="127.0593530">
    <ele>53.0</ele>
    <time>2026-07-16T03:07:57Z</time>
   </trkpt>
   <trkpt lat="37.4456110" lon="127.0593470">
    <ele>53.1</ele>
    <time>2026-07-16T03:07:58Z</time>
   </trkpt>
   <trkpt lat="37.4455620" lon="127.0593480">
    <ele>53.2</ele>
    <time>2026-07-16T03:07:59Z</time>
   </trkpt>
   <trkpt lat="37.4455110" lon="127.0593520">
    <ele>53.3</ele>
    <time>2026-07-16T03:08:00Z</time>
   </trkpt>
   <trkpt lat="37.4454590" lon="127.0593480">
    <ele>53.4</ele>
    <time>2026-07-16T03:08:01Z</time>
   </trkpt>
   <trkpt lat="37.4454000" lon="127.0593450">
    <ele>53.5</ele>
    <time>2026-07-16T03:08:02Z</time>
   </trkpt>
   <trkpt lat="37.4453480" lon="127.0593580">
    <ele>53.6</ele>
    <time>2026-07-16T03:08:03Z</time>
   </trkpt>
   <trkpt lat="37.4453020" lon="127.0593750">
    <ele>53.6</ele>
    <time>2026-07-16T03:08:04Z</time>
   </trkpt>
   <trkpt lat="37.4452480" lon="127.0593920">
    <ele>53.7</ele>
    <time>2026-07-16T03:08:05Z</time>
   </trkpt>
   <trkpt lat="37.4451980" lon="127.0594120">
    <ele>53.8</ele>
    <time>2026-07-16T03:08:06Z</time>
   </trkpt>
   <trkpt lat="37.4451480" lon="127.0594330">
    <ele>53.8</ele>
    <time>2026-07-16T03:08:07Z</time>
   </trkpt>
   <trkpt lat="37.4451020" lon="127.0594600">
    <ele>53.9</ele>
    <time>2026-07-16T03:08:08Z</time>
   </trkpt>
   <trkpt lat="37.4450680" lon="127.0594740">
    <ele>53.9</ele>
    <time>2026-07-16T03:08:09Z</time>
   </trkpt>
   <trkpt lat="37.4450410" lon="127.0594810">
    <ele>54.0</ele>
    <time>2026-07-16T03:08:10Z</time>
   </trkpt>
   <trkpt lat="37.4450210" lon="127.0594890">
    <ele>54.0</ele>
    <time>2026-07-16T03:08:11Z</time>
   </trkpt>
   <trkpt lat="37.4450030" lon="127.0594980">
    <ele>54.0</ele>
    <time>2026-07-16T03:08:12Z</time>
   </trkpt>
   <trkpt lat="37.4449880" lon="127.0594990">
    <ele>54.0</ele>
    <time>2026-07-16T03:08:13Z</time>
   </trkpt>
   <trkpt lat="37.4449750" lon="127.0595070">
    <ele>54.1</ele>
    <time>2026-07-16T03:08:14Z</time>
   </trkpt>
   <trkpt lat="37.4449630" lon="127.0595130">
    <ele>54.1</ele>
    <time>2026-07-16T03:08:15Z</time>
   </trkpt>
   <trkpt lat="37.4449530" lon="127.0595210">
    <ele>54.1</ele>
    <time>2026-07-16T03:08:16Z</time>
   </trkpt>
   <trkpt lat="37.4449340" lon="127.0595290">
    <ele>54.1</ele>
    <time>2026-07-16T03:08:17Z</time>
   </trkpt>
   <trkpt lat="37.4449140" lon="127.0595270">
    <ele>54.2</ele>
    <time>2026-07-16T03:08:18Z</time>
   </trkpt>
   <trkpt lat="37.4448910" lon="127.0595200">
    <ele>54.2</ele>
    <time>2026-07-16T03:08:19Z</time>
   </trkpt>
   <trkpt lat="37.4448720" lon="127.0595200">
    <ele>54.2</ele>
    <time>2026-07-16T03:08:20Z</time>
   </trkpt>
   <trkpt lat="37.4448530" lon="127.0595190">
    <ele>54.3</ele>
    <time>2026-07-16T03:08:21Z</time>
   </trkpt>
   <trkpt lat="37.4448310" lon="127.0595220">
    <ele>54.3</ele>
    <time>2026-07-16T03:08:22Z</time>
   </trkpt>
   <trkpt lat="37.4448080" lon="127.0595270">
    <ele>54.3</ele>
    <time>2026-07-16T03:08:23Z</time>
   </trkpt>
   <trkpt lat="37.4447790" lon="127.0595270">
    <ele>54.4</ele>
    <time>2026-07-16T03:08:24Z</time>
   </trkpt>
   <trkpt lat="37.4447560" lon="127.0595190">
    <ele>54.4</ele>
    <time>2026-07-16T03:08:25Z</time>
   </trkpt>
   <trkpt lat="37.4447320" lon="127.0595110">
    <ele>54.4</ele>
    <time>2026-07-16T03:08:26Z</time>
   </trkpt>
   <trkpt lat="37.4447050" lon="127.0594990">
    <ele>54.5</ele>
    <time>2026-07-16T03:08:27Z</time>
   </trkpt>
   <trkpt lat="37.4446810" lon="127.0595010">
    <ele>54.5</ele>
    <time>2026-07-16T03:08:28Z</time>
   </trkpt>
   <trkpt lat="37.4446610" lon="127.0594980">
    <ele>54.6</ele>
    <time>2026-07-16T03:08:29Z</time>
   </trkpt>
   <trkpt lat="37.4446360" lon="127.0594890">
    <ele>54.6</ele>
    <time>2026-07-16T03:08:30Z</time>
   </trkpt>
   <trkpt lat="37.4446040" lon="127.0594800">
    <ele>54.7</ele>
    <time>2026-07-16T03:08:31Z</time>
   </trkpt>
   <trkpt lat="37.4445720" lon="127.0594730">
    <ele>54.7</ele>
    <time>2026-07-16T03:08:32Z</time>
   </trkpt>
   <trkpt lat="37.4445430" lon="127.0594700">
    <ele>54.8</ele>
    <time>2026-07-16T03:08:33Z</time>
   </trkpt>
   <trkpt lat="37.4445090" lon="127.0594560">
    <ele>54.9</ele>
    <time>2026-07-16T03:08:34Z</time>
   </trkpt>
   <trkpt lat="37.4444700" lon="127.0594570">
    <ele>54.9</ele>
    <time>2026-07-16T03:08:35Z</time>
   </trkpt>
   <trkpt lat="37.4444330" lon="127.0594480">
    <ele>55.0</ele>
    <time>2026-07-16T03:08:36Z</time>
   </trkpt>
   <trkpt lat="37.4444060" lon="127.0594310">
    <ele>55.1</ele>
    <time>2026-07-16T03:08:37Z</time>
   </trkpt>
   <trkpt lat="37.4443700" lon="127.0594380">
    <ele>55.2</ele>
    <time>2026-07-16T03:08:38Z</time>
   </trkpt>
   <trkpt lat="37.4443310" lon="127.0594290">
    <ele>55.3</ele>
    <time>2026-07-16T03:08:39Z</time>
   </trkpt>
   <trkpt lat="37.4442940" lon="127.0593980">
    <ele>55.4</ele>
    <time>2026-07-16T03:08:40Z</time>
   </trkpt>
   <trkpt lat="37.4442650" lon="127.0593930">
    <ele>55.5</ele>
    <time>2026-07-16T03:08:41Z</time>
   </trkpt>
   <trkpt lat="37.4442320" lon="127.0593860">
    <ele>55.6</ele>
    <time>2026-07-16T03:08:42Z</time>
   </trkpt>
   <trkpt lat="37.4441970" lon="127.0593680">
    <ele>55.7</ele>
    <time>2026-07-16T03:08:43Z</time>
   </trkpt>
   <trkpt lat="37.4441540" lon="127.0593530">
    <ele>55.8</ele>
    <time>2026-07-16T03:08:44Z</time>
   </trkpt>
   <trkpt lat="37.4441120" lon="127.0593320">
    <ele>55.9</ele>
    <time>2026-07-16T03:08:45Z</time>
   </trkpt>
   <trkpt lat="37.4440660" lon="127.0593200">
    <ele>56.1</ele>
    <time>2026-07-16T03:08:46Z</time>
   </trkpt>
   <trkpt lat="37.4440200" lon="127.0593150">
    <ele>56.2</ele>
    <time>2026-07-16T03:08:47Z</time>
   </trkpt>
   <trkpt lat="37.4439810" lon="127.0592970">
    <ele>56.4</ele>
    <time>2026-07-16T03:08:48Z</time>
   </trkpt>
   <trkpt lat="37.4439620" lon="127.0592890">
    <ele>56.4</ele>
    <time>2026-07-16T03:08:49Z</time>
   </trkpt>
   <trkpt lat="37.4439580" lon="127.0593030">
    <ele>56.5</ele>
    <time>2026-07-16T03:08:50Z</time>
   </trkpt>
   <trkpt lat="37.4439710" lon="127.0593070">
    <ele>56.4</ele>
    <time>2026-07-16T03:08:51Z</time>
   </trkpt>
   <trkpt lat="37.4439730" lon="127.0593080">
    <ele>56.4</ele>
    <time>2026-07-16T03:08:53Z</time>
   </trkpt>
   <trkpt lat="37.4439740" lon="127.0593070">
    <ele>56.4</ele>
    <time>2026-07-16T03:08:54Z</time>
   </trkpt>
   <trkpt lat="37.4439750" lon="127.0593090">
    <ele>56.4</ele>
    <time>2026-07-16T03:08:55Z</time>
   </trkpt>
   <trkpt lat="37.4439760" lon="127.0593080">
    <ele>56.4</ele>
    <time>2026-07-16T03:08:56Z</time>
   </trkpt>
   <trkpt lat="37.4439760" lon="127.0593060">
    <ele>56.4</ele>
    <time>2026-07-16T03:08:57Z</time>
   </trkpt>
   <trkpt lat="37.4439750" lon="127.0593090">
    <ele>56.4</ele>
    <time>2026-07-16T03:08:58Z</time>
   </trkpt>
   <trkpt lat="37.4439750" lon="127.0593100">
    <ele>56.4</ele>
    <time>2026-07-16T03:08:59Z</time>
   </trkpt>
   <trkpt lat="37.4439740" lon="127.0593130">
    <ele>56.4</ele>
    <time>2026-07-16T03:09:00Z</time>
   </trkpt>
   <trkpt lat="37.4439750" lon="127.0593120">
    <ele>56.4</ele>
    <time>2026-07-16T03:09:01Z</time>
   </trkpt>
   <trkpt lat="37.4439760" lon="127.0593110">
    <ele>56.4</ele>
    <time>2026-07-16T03:09:02Z</time>
   </trkpt>
   <trkpt lat="37.4439720" lon="127.0593150">
    <ele>56.3</ele>
    <time>2026-07-16T03:09:03Z</time>
   </trkpt>
   <trkpt lat="37.4439710" lon="127.0593160">
    <ele>56.3</ele>
    <time>2026-07-16T03:09:04Z</time>
   </trkpt>
   <trkpt lat="37.4439730" lon="127.0593160">
    <ele>56.3</ele>
    <time>2026-07-16T03:09:05Z</time>
   </trkpt>
   <trkpt lat="37.4439720" lon="127.0593160">
    <ele>56.3</ele>
    <time>2026-07-16T03:09:06Z</time>
   </trkpt>
   <trkpt lat="37.4439720" lon="127.0593160">
    <ele>56.3</ele>
    <time>2026-07-16T03:09:07Z</time>
   </trkpt>
   <trkpt lat="37.4439740" lon="127.0593150">
    <ele>56.3</ele>
    <time>2026-07-16T03:09:08Z</time>
   </trkpt>
   <trkpt lat="37.4439750" lon="127.0593220">
    <ele>56.3</ele>
    <time>2026-07-16T03:09:09Z</time>
   </trkpt>
   <trkpt lat="37.4439790" lon="127.0593260">
    <ele>56.3</ele>
    <time>2026-07-16T03:09:10Z</time>
   </trkpt>
   <trkpt lat="37.4439840" lon="127.0593280">
    <ele>56.3</ele>
    <time>2026-07-16T03:09:11Z</time>
   </trkpt>
   <trkpt lat="37.4439820" lon="127.0593290">
    <ele>56.3</ele>
    <time>2026-07-16T03:09:12Z</time>
   </trkpt>
   <trkpt lat="37.4439850" lon="127.0593300">
    <ele>56.3</ele>
    <time>2026-07-16T03:09:13Z</time>
   </trkpt>
   <trkpt lat="37.4439880" lon="127.0593300">
    <ele>56.3</ele>
    <time>2026-07-16T03:09:14Z</time>
   </trkpt>
   <trkpt lat="37.4439870" lon="127.0593330">
    <ele>56.2</ele>
    <time>2026-07-16T03:09:15Z</time>
   </trkpt>
   <trkpt lat="37.4439900" lon="127.0593340">
    <ele>56.2</ele>
    <time>2026-07-16T03:09:16Z</time>
   </trkpt>
   <trkpt lat="37.4439950" lon="127.0593330">
    <ele>56.2</ele>
    <time>2026-07-16T03:09:17Z</time>
   </trkpt>
   <trkpt lat="37.4440060" lon="127.0593320">
    <ele>56.2</ele>
    <time>2026-07-16T03:09:18Z</time>
   </trkpt>
   <trkpt lat="37.4440190" lon="127.0593310">
    <ele>56.1</ele>
    <time>2026-07-16T03:09:19Z</time>
   </trkpt>
   <trkpt lat="37.4440320" lon="127.0593280">
    <ele>56.1</ele>
    <time>2026-07-16T03:09:20Z</time>
   </trkpt>
   <trkpt lat="37.4440450" lon="127.0593260">
    <ele>56.1</ele>
    <time>2026-07-16T03:09:21Z</time>
   </trkpt>
   <trkpt lat="37.4440580" lon="127.0593300">
    <ele>56.0</ele>
    <time>2026-07-16T03:09:22Z</time>
   </trkpt>
   <trkpt lat="37.4440690" lon="127.0593380">
    <ele>56.0</ele>
    <time>2026-07-16T03:09:23Z</time>
   </trkpt>
   <trkpt lat="37.4440770" lon="127.0593500">
    <ele>55.9</ele>
    <time>2026-07-16T03:09:24Z</time>
   </trkpt>
   <trkpt lat="37.4441050" lon="127.0593580">
    <ele>55.9</ele>
    <time>2026-07-16T03:09:25Z</time>
   </trkpt>
   <trkpt lat="37.4441300" lon="127.0593690">
    <ele>55.8</ele>
    <time>2026-07-16T03:09:26Z</time>
   </trkpt>
   <trkpt lat="37.4441640" lon="127.0593730">
    <ele>55.7</ele>
    <time>2026-07-16T03:09:27Z</time>
   </trkpt>
   <trkpt lat="37.4441930" lon="127.0593890">
    <ele>55.6</ele>
    <time>2026-07-16T03:09:28Z</time>
   </trkpt>
   <trkpt lat="37.4442320" lon="127.0594050">
    <ele>55.5</ele>
    <time>2026-07-16T03:09:29Z</time>
   </trkpt>
   <trkpt lat="37.4442730" lon="127.0594170">
    <ele>55.4</ele>
    <time>2026-07-16T03:09:30Z</time>
   </trkpt>
   <trkpt lat="37.4443190" lon="127.0594350">
    <ele>55.2</ele>
    <time>2026-07-16T03:09:31Z</time>
   </trkpt>
   <trkpt lat="37.4443690" lon="127.0594460">
    <ele>55.1</ele>
    <time>2026-07-16T03:09:32Z</time>
   </trkpt>
   <trkpt lat="37.4444220" lon="127.0594600">
    <ele>55.0</ele>
    <time>2026-07-16T03:09:33Z</time>
   </trkpt>
   <trkpt lat="37.4444770" lon="127.0594750">
    <ele>54.9</ele>
    <time>2026-07-16T03:09:34Z</time>
   </trkpt>
   <trkpt lat="37.4445300" lon="127.0594850">
    <ele>54.7</ele>
    <time>2026-07-16T03:09:35Z</time>
   </trkpt>
   <trkpt lat="37.4445830" lon="127.0594940">
    <ele>54.6</ele>
    <time>2026-07-16T03:09:36Z</time>
   </trkpt>
   <trkpt lat="37.4446340" lon="127.0595040">
    <ele>54.6</ele>
    <time>2026-07-16T03:09:37Z</time>
   </trkpt>
   <trkpt lat="37.4446820" lon="127.0595160">
    <ele>54.5</ele>
    <time>2026-07-16T03:09:38Z</time>
   </trkpt>
   <trkpt lat="37.4447290" lon="127.0595250">
    <ele>54.4</ele>
    <time>2026-07-16T03:09:39Z</time>
   </trkpt>
   <trkpt lat="37.4447760" lon="127.0595250">
    <ele>54.3</ele>
    <time>2026-07-16T03:09:40Z</time>
   </trkpt>
   <trkpt lat="37.4448230" lon="127.0595310">
    <ele>54.3</ele>
    <time>2026-07-16T03:09:41Z</time>
   </trkpt>
   <trkpt lat="37.4448660" lon="127.0595330">
    <ele>54.2</ele>
    <time>2026-07-16T03:09:42Z</time>
   </trkpt>
   <trkpt lat="37.4449120" lon="127.0595340">
    <ele>54.1</ele>
    <time>2026-07-16T03:09:43Z</time>
   </trkpt>
   <trkpt lat="37.4449560" lon="127.0595230">
    <ele>54.1</ele>
    <time>2026-07-16T03:09:44Z</time>
   </trkpt>
   <trkpt lat="37.4450080" lon="127.0595110">
    <ele>54.0</ele>
    <time>2026-07-16T03:09:45Z</time>
   </trkpt>
   <trkpt lat="37.4450540" lon="127.0594990">
    <ele>53.9</ele>
    <time>2026-07-16T03:09:46Z</time>
   </trkpt>
   <trkpt lat="37.4451100" lon="127.0594770">
    <ele>53.9</ele>
    <time>2026-07-16T03:09:47Z</time>
   </trkpt>
   <trkpt lat="37.4451650" lon="127.0594570">
    <ele>53.8</ele>
    <time>2026-07-16T03:09:48Z</time>
   </trkpt>
   <trkpt lat="37.4452230" lon="127.0594300">
    <ele>53.7</ele>
    <time>2026-07-16T03:09:49Z</time>
   </trkpt>
   <trkpt lat="37.4452800" lon="127.0594060">
    <ele>53.6</ele>
    <time>2026-07-16T03:09:50Z</time>
   </trkpt>
   <trkpt lat="37.4453370" lon="127.0593860">
    <ele>53.6</ele>
    <time>2026-07-16T03:09:51Z</time>
   </trkpt>
   <trkpt lat="37.4453980" lon="127.0593720">
    <ele>53.5</ele>
    <time>2026-07-16T03:09:52Z</time>
   </trkpt>
   <trkpt lat="37.4454570" lon="127.0593650">
    <ele>53.4</ele>
    <time>2026-07-16T03:09:53Z</time>
   </trkpt>
   <trkpt lat="37.4455150" lon="127.0593600">
    <ele>53.3</ele>
    <time>2026-07-16T03:09:54Z</time>
   </trkpt>
   <trkpt lat="37.4455710" lon="127.0593580">
    <ele>53.2</ele>
    <time>2026-07-16T03:09:55Z</time>
   </trkpt>
   <trkpt lat="37.4456300" lon="127.0593630">
    <ele>53.1</ele>
    <time>2026-07-16T03:09:56Z</time>
   </trkpt>
   <trkpt lat="37.4456880" lon="127.0593700">
    <ele>53.0</ele>
    <time>2026-07-16T03:09:57Z</time>
   </trkpt>
   <trkpt lat="37.4457500" lon="127.0593820">
    <ele>52.9</ele>
    <time>2026-07-16T03:09:58Z</time>
   </trkpt>
   <trkpt lat="37.4458050" lon="127.0593910">
    <ele>52.8</ele>
    <time>2026-07-16T03:09:59Z</time>
   </trkpt>
   <trkpt lat="37.4458600" lon="127.0594110">
    <ele>52.7</ele>
    <time>2026-07-16T03:10:00Z</time>
   </trkpt>
   <trkpt lat="37.4459160" lon="127.0594380">
    <ele>52.6</ele>
    <time>2026-07-16T03:10:01Z</time>
   </trkpt>
   <trkpt lat="37.4459750" lon="127.0594600">
    <ele>52.5</ele>
    <time>2026-07-16T03:10:02Z</time>
   </trkpt>
   <trkpt lat="37.4460340" lon="127.0594770">
    <ele>52.4</ele>
    <time>2026-07-16T03:10:03Z</time>
   </trkpt>
   <trkpt lat="37.4460920" lon="127.0594850">
    <ele>52.3</ele>
    <time>2026-07-16T03:10:04Z</time>
   </trkpt>
   <trkpt lat="37.4461520" lon="127.0594900">
    <ele>52.3</ele>
    <time>2026-07-16T03:10:05Z</time>
   </trkpt>
   <trkpt lat="37.4462110" lon="127.0594930">
    <ele>52.2</ele>
    <time>2026-07-16T03:10:06Z</time>
   </trkpt>
   <trkpt lat="37.4462730" lon="127.0594950">
    <ele>52.1</ele>
    <time>2026-07-16T03:10:07Z</time>
   </trkpt>
   <trkpt lat="37.4463330" lon="127.0594880">
    <ele>52.1</ele>
    <time>2026-07-16T03:10:08Z</time>
   </trkpt>
   <trkpt lat="37.4463950" lon="127.0594860">
    <ele>52.0</ele>
    <time>2026-07-16T03:10:09Z</time>
   </trkpt>
   <trkpt lat="37.4464580" lon="127.0594820">
    <ele>51.9</ele>
    <time>2026-07-16T03:10:10Z</time>
   </trkpt>
   <trkpt lat="37.4465190" lon="127.0594870">
    <ele>51.8</ele>
    <time>2026-07-16T03:10:11Z</time>
   </trkpt>
   <trkpt lat="37.4465730" lon="127.0595030">
    <ele>51.7</ele>
    <time>2026-07-16T03:10:12Z</time>
   </trkpt>
   <trkpt lat="37.4466310" lon="127.0595080">
    <ele>51.6</ele>
    <time>2026-07-16T03:10:13Z</time>
   </trkpt>
   <trkpt lat="37.4466930" lon="127.0595130">
    <ele>51.5</ele>
    <time>2026-07-16T03:10:14Z</time>
   </trkpt>
   <trkpt lat="37.4467510" lon="127.0595190">
    <ele>51.4</ele>
    <time>2026-07-16T03:10:15Z</time>
   </trkpt>
   <trkpt lat="37.4468070" lon="127.0595420">
    <ele>51.3</ele>
    <time>2026-07-16T03:10:16Z</time>
   </trkpt>
   <trkpt lat="37.4468650" lon="127.0595680">
    <ele>51.2</ele>
    <time>2026-07-16T03:10:17Z</time>
   </trkpt>
   <trkpt lat="37.4469200" lon="127.0595980">
    <ele>51.1</ele>
    <time>2026-07-16T03:10:18Z</time>
   </trkpt>
   <trkpt lat="37.4469730" lon="127.0596330">
    <ele>51.0</ele>
    <time>2026-07-16T03:10:19Z</time>
   </trkpt>
   <trkpt lat="37.4470220" lon="127.0596690">
    <ele>50.9</ele>
    <time>2026-07-16T03:10:20Z</time>
   </trkpt>
   <trkpt lat="37.4470700" lon="127.0597160">
    <ele>50.8</ele>
    <time>2026-07-16T03:10:21Z</time>
   </trkpt>
   <trkpt lat="37.4471150" lon="127.0597630">
    <ele>50.7</ele>
    <time>2026-07-16T03:10:22Z</time>
   </trkpt>
   <trkpt lat="37.4471590" lon="127.0598080">
    <ele>50.6</ele>
    <time>2026-07-16T03:10:23Z</time>
   </trkpt>
   <trkpt lat="37.4472040" lon="127.0598530">
    <ele>50.5</ele>
    <time>2026-07-16T03:10:24Z</time>
   </trkpt>
   <trkpt lat="37.4472500" lon="127.0598940">
    <ele>50.4</ele>
    <time>2026-07-16T03:10:25Z</time>
   </trkpt>
   <trkpt lat="37.4472980" lon="127.0599410">
    <ele>50.3</ele>
    <time>2026-07-16T03:10:26Z</time>
   </trkpt>
   <trkpt lat="37.4473430" lon="127.0599910">
    <ele>50.2</ele>
    <time>2026-07-16T03:10:27Z</time>
   </trkpt>
   <trkpt lat="37.4473910" lon="127.0600330">
    <ele>50.1</ele>
    <time>2026-07-16T03:10:28Z</time>
   </trkpt>
   <trkpt lat="37.4474440" lon="127.0600680">
    <ele>50.0</ele>
    <time>2026-07-16T03:10:29Z</time>
   </trkpt>
   <trkpt lat="37.4475010" lon="127.0600970">
    <ele>49.9</ele>
    <time>2026-07-16T03:10:30Z</time>
   </trkpt>
   <trkpt lat="37.4475610" lon="127.0601120">
    <ele>49.8</ele>
    <time>2026-07-16T03:10:31Z</time>
   </trkpt>
   <trkpt lat="37.4476210" lon="127.0601160">
    <ele>49.7</ele>
    <time>2026-07-16T03:10:32Z</time>
   </trkpt>
   <trkpt lat="37.4476820" lon="127.0601180">
    <ele>49.6</ele>
    <time>2026-07-16T03:10:33Z</time>
   </trkpt>
   <trkpt lat="37.4477420" lon="127.0601130">
    <ele>49.4</ele>
    <time>2026-07-16T03:10:34Z</time>
   </trkpt>
   <trkpt lat="37.4478020" lon="127.0600980">
    <ele>49.3</ele>
    <time>2026-07-16T03:10:35Z</time>
   </trkpt>
   <trkpt lat="37.4478570" lon="127.0600730">
    <ele>49.2</ele>
    <time>2026-07-16T03:10:36Z</time>
   </trkpt>
   <trkpt lat="37.4479170" lon="127.0600540">
    <ele>49.1</ele>
    <time>2026-07-16T03:10:37Z</time>
   </trkpt>
   <trkpt lat="37.4479680" lon="127.0600110">
    <ele>49.0</ele>
    <time>2026-07-16T03:10:38Z</time>
   </trkpt>
   <trkpt lat="37.4480030" lon="127.0599450">
    <ele>48.8</ele>
    <time>2026-07-16T03:10:39Z</time>
   </trkpt>
   <trkpt lat="37.4480290" lon="127.0598850">
    <ele>48.7</ele>
    <time>2026-07-16T03:10:40Z</time>
   </trkpt>
   <trkpt lat="37.4480610" lon="127.0598240">
    <ele>48.6</ele>
    <time>2026-07-16T03:10:41Z</time>
   </trkpt>
   <trkpt lat="37.4480870" lon="127.0597610">
    <ele>48.5</ele>
    <time>2026-07-16T03:10:42Z</time>
   </trkpt>
   <trkpt lat="37.4481140" lon="127.0596970">
    <ele>48.4</ele>
    <time>2026-07-16T03:10:43Z</time>
   </trkpt>
   <trkpt lat="37.4481460" lon="127.0596360">
    <ele>48.3</ele>
    <time>2026-07-16T03:10:44Z</time>
   </trkpt>
   <trkpt lat="37.4481790" lon="127.0595730">
    <ele>48.2</ele>
    <time>2026-07-16T03:10:45Z</time>
   </trkpt>
   <trkpt lat="37.4482140" lon="127.0595090">
    <ele>48.0</ele>
    <time>2026-07-16T03:10:46Z</time>
   </trkpt>
   <trkpt lat="37.4482490" lon="127.0594490">
    <ele>47.9</ele>
    <time>2026-07-16T03:10:47Z</time>
   </trkpt>
   <trkpt lat="37.4482920" lon="127.0593950">
    <ele>47.8</ele>
    <time>2026-07-16T03:10:48Z</time>
   </trkpt>
   <trkpt lat="37.4483400" lon="127.0593480">
    <ele>47.7</ele>
    <time>2026-07-16T03:10:49Z</time>
   </trkpt>
   <trkpt lat="37.4483910" lon="127.0593080">
    <ele>47.6</ele>
    <time>2026-07-16T03:10:50Z</time>
   </trkpt>
   <trkpt lat="37.4484450" lon="127.0592780">
    <ele>47.5</ele>
    <time>2026-07-16T03:10:51Z</time>
   </trkpt>
   <trkpt lat="37.4485000" lon="127.0592520">
    <ele>47.5</ele>
    <time>2026-07-16T03:10:52Z</time>
   </trkpt>
   <trkpt lat="37.4485530" lon="127.0592180">
    <ele>47.4</ele>
    <time>2026-07-16T03:10:53Z</time>
   </trkpt>
   <trkpt lat="37.4486040" lon="127.0591810">
    <ele>47.3</ele>
    <time>2026-07-16T03:10:54Z</time>
   </trkpt>
   <trkpt lat="37.4486550" lon="127.0591470">
    <ele>47.3</ele>
    <time>2026-07-16T03:10:55Z</time>
   </trkpt>
   <trkpt lat="37.4487070" lon="127.0591100">
    <ele>47.2</ele>
    <time>2026-07-16T03:10:56Z</time>
   </trkpt>
   <trkpt lat="37.4487580" lon="127.0590750">
    <ele>47.2</ele>
    <time>2026-07-16T03:10:57Z</time>
   </trkpt>
   <trkpt lat="37.4488150" lon="127.0590400">
    <ele>47.1</ele>
    <time>2026-07-16T03:10:58Z</time>
   </trkpt>
   <trkpt lat="37.4488690" lon="127.0590070">
    <ele>47.0</ele>
    <time>2026-07-16T03:10:59Z</time>
   </trkpt>
   <trkpt lat="37.4489230" lon="127.0589740">
    <ele>46.9</ele>
    <time>2026-07-16T03:11:00Z</time>
   </trkpt>
   <trkpt lat="37.4489810" lon="127.0589440">
    <ele>46.9</ele>
    <time>2026-07-16T03:11:01Z</time>
   </trkpt>
   <trkpt lat="37.4490390" lon="127.0589160">
    <ele>46.7</ele>
    <time>2026-07-16T03:11:02Z</time>
   </trkpt>
   <trkpt lat="37.4490970" lon="127.0588810">
    <ele>46.6</ele>
    <time>2026-07-16T03:11:03Z</time>
   </trkpt>
   <trkpt lat="37.4491560" lon="127.0588470">
    <ele>46.4</ele>
    <time>2026-07-16T03:11:04Z</time>
   </trkpt>
   <trkpt lat="37.4492140" lon="127.0588090">
    <ele>46.3</ele>
    <time>2026-07-16T03:11:05Z</time>
   </trkpt>
   <trkpt lat="37.4492760" lon="127.0587830">
    <ele>46.1</ele>
    <time>2026-07-16T03:11:06Z</time>
   </trkpt>
   <trkpt lat="37.4493370" lon="127.0587520">
    <ele>46.0</ele>
    <time>2026-07-16T03:11:07Z</time>
   </trkpt>
   <trkpt lat="37.4493930" lon="127.0587110">
    <ele>45.9</ele>
    <time>2026-07-16T03:11:08Z</time>
   </trkpt>
   <trkpt lat="37.4494500" lon="127.0586670">
    <ele>45.7</ele>
    <time>2026-07-16T03:11:09Z</time>
   </trkpt>
   <trkpt lat="37.4495050" lon="127.0586290">
    <ele>45.6</ele>
    <time>2026-07-16T03:11:10Z</time>
   </trkpt>
   <trkpt lat="37.4495610" lon="127.0585930">
    <ele>45.5</ele>
    <time>2026-07-16T03:11:11Z</time>
   </trkpt>
   <trkpt lat="37.4496120" lon="127.0585540">
    <ele>45.5</ele>
    <time>2026-07-16T03:11:12Z</time>
   </trkpt>
   <trkpt lat="37.4496690" lon="127.0585190">
    <ele>45.4</ele>
    <time>2026-07-16T03:11:13Z</time>
   </trkpt>
   <trkpt lat="37.4497190" lon="127.0584830">
    <ele>45.3</ele>
    <time>2026-07-16T03:11:14Z</time>
   </trkpt>
   <trkpt lat="37.4497700" lon="127.0584390">
    <ele>45.7</ele>
    <time>2026-07-16T03:11:15Z</time>
   </trkpt>
   <trkpt lat="37.4498170" lon="127.0583870">
    <ele>46.1</ele>
    <time>2026-07-16T03:11:16Z</time>
   </trkpt>
   <trkpt lat="37.4498670" lon="127.0583350">
    <ele>46.8</ele>
    <time>2026-07-16T03:11:17Z</time>
   </trkpt>
   <trkpt lat="37.4499090" lon="127.0582750">
    <ele>46.6</ele>
    <time>2026-07-16T03:11:18Z</time>
   </trkpt>
   <trkpt lat="37.4499450" lon="127.0582140">
    <ele>46.5</ele>
    <time>2026-07-16T03:11:19Z</time>
   </trkpt>
   <trkpt lat="37.4499790" lon="127.0581530">
    <ele>46.4</ele>
    <time>2026-07-16T03:11:20Z</time>
   </trkpt>
   <trkpt lat="37.4500020" lon="127.0580930">
    <ele>46.3</ele>
    <time>2026-07-16T03:11:21Z</time>
   </trkpt>
   <trkpt lat="37.4500300" lon="127.0580770">
    <ele>46.3</ele>
    <time>2026-07-16T03:11:22Z</time>
   </trkpt>
   <trkpt lat="37.4500650" lon="127.0580930">
    <ele>46.2</ele>
    <time>2026-07-16T03:11:23Z</time>
   </trkpt>
   <trkpt lat="37.4500920" lon="127.0581250">
    <ele>46.1</ele>
    <time>2026-07-16T03:11:24Z</time>
   </trkpt>
   <trkpt lat="37.4501180" lon="127.0581220">
    <ele>46.1</ele>
    <time>2026-07-16T03:11:25Z</time>
   </trkpt>
   <trkpt lat="37.4501320" lon="127.0580620">
    <ele>46.0</ele>
    <time>2026-07-16T03:11:26Z</time>
   </trkpt>
   <trkpt lat="37.4501440" lon="127.0580050">
    <ele>45.9</ele>
    <time>2026-07-16T03:11:27Z</time>
   </trkpt>
   <trkpt lat="37.4501580" lon="127.0579480">
    <ele>45.8</ele>
    <time>2026-07-16T03:11:28Z</time>
   </trkpt>
   <trkpt lat="37.4501730" lon="127.0578950">
    <ele>45.7</ele>
    <time>2026-07-16T03:11:29Z</time>
   </trkpt>
   <trkpt lat="37.4501970" lon="127.0578480">
    <ele>45.7</ele>
    <time>2026-07-16T03:11:30Z</time>
   </trkpt>
   <trkpt lat="37.4502130" lon="127.0578000">
    <ele>45.6</ele>
    <time>2026-07-16T03:11:31Z</time>
   </trkpt>
   <trkpt lat="37.4502170" lon="127.0577630">
    <ele>45.5</ele>
    <time>2026-07-16T03:11:32Z</time>
   </trkpt>
   <trkpt lat="37.4502320" lon="127.0576980">
    <ele>45.3</ele>
    <time>2026-07-16T03:11:33Z</time>
   </trkpt>
   <trkpt lat="37.4502410" lon="127.0576400">
    <ele>45.2</ele>
    <time>2026-07-16T03:11:34Z</time>
   </trkpt>
   <trkpt lat="37.4502650" lon="127.0575740">
    <ele>45.1</ele>
    <time>2026-07-16T03:11:35Z</time>
   </trkpt>
   <trkpt lat="37.4502810" lon="127.0575140">
    <ele>44.9</ele>
    <time>2026-07-16T03:11:36Z</time>
   </trkpt>
   <trkpt lat="37.4503050" lon="127.0574420">
    <ele>44.8</ele>
    <time>2026-07-16T03:11:37Z</time>
   </trkpt>
   <trkpt lat="37.4503290" lon="127.0573740">
    <ele>44.6</ele>
    <time>2026-07-16T03:11:38Z</time>
   </trkpt>
   <trkpt lat="37.4503540" lon="127.0573040">
    <ele>44.5</ele>
    <time>2026-07-16T03:11:39Z</time>
   </trkpt>
   <trkpt lat="37.4503760" lon="127.0572330">
    <ele>44.3</ele>
    <time>2026-07-16T03:11:40Z</time>
   </trkpt>
   <trkpt lat="37.4504040" lon="127.0571690">
    <ele>44.2</ele>
    <time>2026-07-16T03:11:41Z</time>
   </trkpt>
   <trkpt lat="37.4504260" lon="127.0570980">
    <ele>44.0</ele>
    <time>2026-07-16T03:11:42Z</time>
   </trkpt>
   <trkpt lat="37.4504540" lon="127.0570320">
    <ele>43.9</ele>
    <time>2026-07-16T03:11:43Z</time>
   </trkpt>
   <trkpt lat="37.4504850" lon="127.0569720">
    <ele>43.7</ele>
    <time>2026-07-16T03:11:44Z</time>
   </trkpt>
   <trkpt lat="37.4505210" lon="127.0569150">
    <ele>43.5</ele>
    <time>2026-07-16T03:11:45Z</time>
   </trkpt>
   <trkpt lat="37.4505900" lon="127.0567980">
    <ele>43.2</ele>
    <time>2026-07-16T03:11:46Z</time>
   </trkpt>
   <trkpt lat="37.4506290" lon="127.0567420">
    <ele>43.1</ele>
    <time>2026-07-16T03:11:47Z</time>
   </trkpt>
   <trkpt lat="37.4506720" lon="127.0566930">
    <ele>43.0</ele>
    <time>2026-07-16T03:11:48Z</time>
   </trkpt>
   <trkpt lat="37.4507090" lon="127.0566450">
    <ele>42.8</ele>
    <time>2026-07-16T03:11:49Z</time>
   </trkpt>
   <trkpt lat="37.4507440" lon="127.0566000">
    <ele>42.7</ele>
    <time>2026-07-16T03:11:50Z</time>
   </trkpt>
   <trkpt lat="37.4507860" lon="127.0565620">
    <ele>42.6</ele>
    <time>2026-07-16T03:11:51Z</time>
   </trkpt>
   <trkpt lat="37.4508270" lon="127.0565260">
    <ele>42.5</ele>
    <time>2026-07-16T03:11:52Z</time>
   </trkpt>
   <trkpt lat="37.4508660" lon="127.0564890">
    <ele>42.3</ele>
    <time>2026-07-16T03:11:53Z</time>
   </trkpt>
   <trkpt lat="37.4509100" lon="127.0564440">
    <ele>42.2</ele>
    <time>2026-07-16T03:11:54Z</time>
   </trkpt>
   <trkpt lat="37.4509620" lon="127.0564030">
    <ele>42.1</ele>
    <time>2026-07-16T03:11:55Z</time>
   </trkpt>
   <trkpt lat="37.4510100" lon="127.0563680">
    <ele>41.9</ele>
    <time>2026-07-16T03:11:56Z</time>
   </trkpt>
   <trkpt lat="37.4510600" lon="127.0563360">
    <ele>41.8</ele>
    <time>2026-07-16T03:11:57Z</time>
   </trkpt>
   <trkpt lat="37.4511090" lon="127.0563050">
    <ele>41.7</ele>
    <time>2026-07-16T03:11:58Z</time>
   </trkpt>
   <trkpt lat="37.4511570" lon="127.0562940">
    <ele>41.5</ele>
    <time>2026-07-16T03:11:59Z</time>
   </trkpt>
   <trkpt lat="37.4512050" lon="127.0562840">
    <ele>41.4</ele>
    <time>2026-07-16T03:12:00Z</time>
   </trkpt>
   <trkpt lat="37.4512490" lon="127.0562680">
    <ele>41.3</ele>
    <time>2026-07-16T03:12:01Z</time>
   </trkpt>
   <trkpt lat="37.4512930" lon="127.0562510">
    <ele>41.2</ele>
    <time>2026-07-16T03:12:02Z</time>
   </trkpt>
   <trkpt lat="37.4513370" lon="127.0562360">
    <ele>41.1</ele>
    <time>2026-07-16T03:12:03Z</time>
   </trkpt>
   <trkpt lat="37.4513700" lon="127.0562220">
    <ele>41.0</ele>
    <time>2026-07-16T03:12:04Z</time>
   </trkpt>
   <trkpt lat="37.4513980" lon="127.0562160">
    <ele>40.9</ele>
    <time>2026-07-16T03:12:05Z</time>
   </trkpt>
   <trkpt lat="37.4514240" lon="127.0562060">
    <ele>40.8</ele>
    <time>2026-07-16T03:12:06Z</time>
   </trkpt>
   <trkpt lat="37.4514550" lon="127.0561850">
    <ele>40.8</ele>
    <time>2026-07-16T03:12:07Z</time>
   </trkpt>
   <trkpt lat="37.4514840" lon="127.0561940">
    <ele>40.7</ele>
    <time>2026-07-16T03:12:08Z</time>
   </trkpt>
   <trkpt lat="37.4515310" lon="127.0561890">
    <ele>40.6</ele>
    <time>2026-07-16T03:12:09Z</time>
   </trkpt>
   <trkpt lat="37.4515760" lon="127.0561640">
    <ele>40.5</ele>
    <time>2026-07-16T03:12:10Z</time>
   </trkpt>
   <trkpt lat="37.4516280" lon="127.0561470">
    <ele>40.4</ele>
    <time>2026-07-16T03:12:11Z</time>
   </trkpt>
   <trkpt lat="37.4516720" lon="127.0561290">
    <ele>40.3</ele>
    <time>2026-07-16T03:12:12Z</time>
   </trkpt>
   <trkpt lat="37.4517170" lon="127.0561130">
    <ele>40.2</ele>
    <time>2026-07-16T03:12:13Z</time>
   </trkpt>
   <trkpt lat="37.4517670" lon="127.0561010">
    <ele>40.1</ele>
    <time>2026-07-16T03:12:14Z</time>
   </trkpt>
   <trkpt lat="37.4518190" lon="127.0560790">
    <ele>40.0</ele>
    <time>2026-07-16T03:12:15Z</time>
   </trkpt>
   <trkpt lat="37.4518730" lon="127.0560670">
    <ele>39.8</ele>
    <time>2026-07-16T03:12:16Z</time>
   </trkpt>
   <trkpt lat="37.4519280" lon="127.0560440">
    <ele>39.7</ele>
    <time>2026-07-16T03:12:17Z</time>
   </trkpt>
   <trkpt lat="37.4519810" lon="127.0560180">
    <ele>39.6</ele>
    <time>2026-07-16T03:12:18Z</time>
   </trkpt>
   <trkpt lat="37.4520320" lon="127.0559970">
    <ele>39.5</ele>
    <time>2026-07-16T03:12:19Z</time>
   </trkpt>
   <trkpt lat="37.4520830" lon="127.0559650">
    <ele>39.3</ele>
    <time>2026-07-16T03:12:20Z</time>
   </trkpt>
   <trkpt lat="37.4521320" lon="127.0559300">
    <ele>39.2</ele>
    <time>2026-07-16T03:12:21Z</time>
   </trkpt>
   <trkpt lat="37.4521830" lon="127.0558830">
    <ele>39.1</ele>
    <time>2026-07-16T03:12:22Z</time>
   </trkpt>
   <trkpt lat="37.4522260" lon="127.0558350">
    <ele>38.9</ele>
    <time>2026-07-16T03:12:23Z</time>
   </trkpt>
   <trkpt lat="37.4522670" lon="127.0557890">
    <ele>38.8</ele>
    <time>2026-07-16T03:12:24Z</time>
   </trkpt>
   <trkpt lat="37.4523170" lon="127.0557490">
    <ele>38.7</ele>
    <time>2026-07-16T03:12:25Z</time>
   </trkpt>
   <trkpt lat="37.4523630" lon="127.0557070">
    <ele>38.5</ele>
    <time>2026-07-16T03:12:26Z</time>
   </trkpt>
   <trkpt lat="37.4524110" lon="127.0556590">
    <ele>38.4</ele>
    <time>2026-07-16T03:12:27Z</time>
   </trkpt>
   <trkpt lat="37.4524540" lon="127.0556090">
    <ele>38.3</ele>
    <time>2026-07-16T03:12:28Z</time>
   </trkpt>
   <trkpt lat="37.4524990" lon="127.0555570">
    <ele>38.2</ele>
    <time>2026-07-16T03:12:29Z</time>
   </trkpt>
   <trkpt lat="37.4525420" lon="127.0555070">
    <ele>38.1</ele>
    <time>2026-07-16T03:12:30Z</time>
   </trkpt>
   <trkpt lat="37.4525890" lon="127.0554600">
    <ele>37.9</ele>
    <time>2026-07-16T03:12:31Z</time>
   </trkpt>
   <trkpt lat="37.4526390" lon="127.0554190">
    <ele>37.8</ele>
    <time>2026-07-16T03:12:32Z</time>
   </trkpt>
   <trkpt lat="37.4526910" lon="127.0553820">
    <ele>37.7</ele>
    <time>2026-07-16T03:12:33Z</time>
   </trkpt>
   <trkpt lat="37.4527430" lon="127.0553430">
    <ele>37.6</ele>
    <time>2026-07-16T03:12:34Z</time>
   </trkpt>
   <trkpt lat="37.4527930" lon="127.0553080">
    <ele>37.5</ele>
    <time>2026-07-16T03:12:35Z</time>
   </trkpt>
   <trkpt lat="37.4528430" lon="127.0552720">
    <ele>37.4</ele>
    <time>2026-07-16T03:12:36Z</time>
   </trkpt>
   <trkpt lat="37.4528940" lon="127.0552310">
    <ele>37.2</ele>
    <time>2026-07-16T03:12:37Z</time>
   </trkpt>
   <trkpt lat="37.4529410" lon="127.0551900">
    <ele>37.1</ele>
    <time>2026-07-16T03:12:38Z</time>
   </trkpt>
   <trkpt lat="37.4529910" lon="127.0551500">
    <ele>37.0</ele>
    <time>2026-07-16T03:12:39Z</time>
   </trkpt>
   <trkpt lat="37.4530440" lon="127.0551130">
    <ele>36.9</ele>
    <time>2026-07-16T03:12:40Z</time>
   </trkpt>
   <trkpt lat="37.4530940" lon="127.0550740">
    <ele>36.8</ele>
    <time>2026-07-16T03:12:41Z</time>
   </trkpt>
   <trkpt lat="37.4531390" lon="127.0550340">
    <ele>36.7</ele>
    <time>2026-07-16T03:12:42Z</time>
   </trkpt>
   <trkpt lat="37.4531900" lon="127.0549920">
    <ele>36.6</ele>
    <time>2026-07-16T03:12:43Z</time>
   </trkpt>
   <trkpt lat="37.4532370" lon="127.0549520">
    <ele>36.5</ele>
    <time>2026-07-16T03:12:44Z</time>
   </trkpt>
   <trkpt lat="37.4532880" lon="127.0549110">
    <ele>36.4</ele>
    <time>2026-07-16T03:12:45Z</time>
   </trkpt>
   <trkpt lat="37.4533350" lon="127.0548690">
    <ele>36.3</ele>
    <time>2026-07-16T03:12:46Z</time>
   </trkpt>
   <trkpt lat="37.4533800" lon="127.0548280">
    <ele>36.2</ele>
    <time>2026-07-16T03:12:47Z</time>
   </trkpt>
   <trkpt lat="37.4534250" lon="127.0547880">
    <ele>36.1</ele>
    <time>2026-07-16T03:12:48Z</time>
   </trkpt>
   <trkpt lat="37.4534580" lon="127.0547380">
    <ele>36.0</ele>
    <time>2026-07-16T03:12:49Z</time>
   </trkpt>
   <trkpt lat="37.4534930" lon="127.0547040">
    <ele>35.9</ele>
    <time>2026-07-16T03:12:50Z</time>
   </trkpt>
   <trkpt lat="37.4535240" lon="127.0546620">
    <ele>35.8</ele>
    <time>2026-07-16T03:12:51Z</time>
   </trkpt>
   <trkpt lat="37.4535640" lon="127.0546180">
    <ele>35.7</ele>
    <time>2026-07-16T03:12:52Z</time>
   </trkpt>
   <trkpt lat="37.4536030" lon="127.0545720">
    <ele>35.6</ele>
    <time>2026-07-16T03:12:53Z</time>
   </trkpt>
   <trkpt lat="37.4536480" lon="127.0545240">
    <ele>35.5</ele>
    <time>2026-07-16T03:12:54Z</time>
   </trkpt>
   <trkpt lat="37.4536770" lon="127.0544720">
    <ele>35.4</ele>
    <time>2026-07-16T03:12:55Z</time>
   </trkpt>
   <trkpt lat="37.4537080" lon="127.0544230">
    <ele>35.3</ele>
    <time>2026-07-16T03:12:56Z</time>
   </trkpt>
   <trkpt lat="37.4537370" lon="127.0543780">
    <ele>35.2</ele>
    <time>2026-07-16T03:12:57Z</time>
   </trkpt>
   <trkpt lat="37.4537630" lon="127.0543320">
    <ele>35.1</ele>
    <time>2026-07-16T03:12:58Z</time>
   </trkpt>
   <trkpt lat="37.4537850" lon="127.0542860">
    <ele>35.0</ele>
    <time>2026-07-16T03:12:59Z</time>
   </trkpt>
   <trkpt lat="37.4538040" lon="127.0542480">
    <ele>34.9</ele>
    <time>2026-07-16T03:13:00Z</time>
   </trkpt>
   <trkpt lat="37.4538200" lon="127.0542170">
    <ele>34.9</ele>
    <time>2026-07-16T03:13:01Z</time>
   </trkpt>
   <trkpt lat="37.4538310" lon="127.0541910">
    <ele>34.8</ele>
    <time>2026-07-16T03:13:02Z</time>
   </trkpt>
   <trkpt lat="37.4538410" lon="127.0541740">
    <ele>34.8</ele>
    <time>2026-07-16T03:13:03Z</time>
   </trkpt>
   <trkpt lat="37.4538460" lon="127.0541690">
    <ele>34.8</ele>
    <time>2026-07-16T03:13:05Z</time>
   </trkpt>
   <trkpt lat="37.4538390" lon="127.0541790">
    <ele>34.8</ele>
    <time>2026-07-16T03:13:06Z</time>
   </trkpt>
   <trkpt lat="37.4538370" lon="127.0541800">
    <ele>34.8</ele>
    <time>2026-07-16T03:13:07Z</time>
   </trkpt>
   <trkpt lat="37.4538420" lon="127.0541830">
    <ele>34.7</ele>
    <time>2026-07-16T03:13:08Z</time>
   </trkpt>
   <trkpt lat="37.4538420" lon="127.0541810">
    <ele>34.7</ele>
    <time>2026-07-16T03:13:09Z</time>
   </trkpt>
   <trkpt lat="37.4538410" lon="127.0541830">
    <ele>34.7</ele>
    <time>2026-07-16T03:13:10Z</time>
   </trkpt>
   <trkpt lat="37.4538480" lon="127.0541870">
    <ele>34.7</ele>
    <time>2026-07-16T03:13:11Z</time>
   </trkpt>
   <trkpt lat="37.4538430" lon="127.0541830">
    <ele>34.7</ele>
    <time>2026-07-16T03:13:12Z</time>
   </trkpt>
   <trkpt lat="37.4538430" lon="127.0541830">
    <ele>34.7</ele>
    <time>2026-07-16T03:13:13Z</time>
   </trkpt>
   <trkpt lat="37.4538460" lon="127.0541820">
    <ele>34.7</ele>
    <time>2026-07-16T03:13:14Z</time>
   </trkpt>
   <trkpt lat="37.4538460" lon="127.0541800">
    <ele>34.7</ele>
    <time>2026-07-16T03:13:15Z</time>
   </trkpt>
   <trkpt lat="37.4538450" lon="127.0541810">
    <ele>34.7</ele>
    <time>2026-07-16T03:13:16Z</time>
   </trkpt>
   <trkpt lat="37.4538450" lon="127.0541810">
    <ele>34.7</ele>
    <time>2026-07-16T03:13:17Z</time>
   </trkpt>
   <trkpt lat="37.4538440" lon="127.0541810">
    <ele>34.7</ele>
    <time>2026-07-16T03:13:18Z</time>
   </trkpt>
   <trkpt lat="37.4538430" lon="127.0541810">
    <ele>34.7</ele>
    <time>2026-07-16T03:13:19Z</time>
   </trkpt>
   <trkpt lat="37.4538420" lon="127.0541800">
    <ele>34.7</ele>
    <time>2026-07-16T03:13:20Z</time>
   </trkpt>
   <trkpt lat="37.4538420" lon="127.0541800">
    <ele>34.7</ele>
    <time>2026-07-16T03:13:21Z</time>
   </trkpt>
   <trkpt lat="37.4538420" lon="127.0541800">
    <ele>34.7</ele>
    <time>2026-07-16T03:13:22Z</time>
   </trkpt>
   <trkpt lat="37.4538420" lon="127.0541800">
    <ele>34.7</ele>
    <time>2026-07-16T03:13:23Z</time>
   </trkpt>
   <trkpt lat="37.4538420" lon="127.0541800">
    <ele>34.7</ele>
    <time>2026-07-16T03:13:24Z</time>
   </trkpt>
   <trkpt lat="37.4538410" lon="127.0541810">
    <ele>34.7</ele>
    <time>2026-07-16T03:13:25Z</time>
   </trkpt>
   <trkpt lat="37.4538410" lon="127.0541810">
    <ele>34.7</ele>
    <time>2026-07-16T03:13:26Z</time>
   </trkpt>
   <trkpt lat="37.4538410" lon="127.0541800">
    <ele>34.7</ele>
    <time>2026-07-16T03:13:27Z</time>
   </trkpt>
   <trkpt lat="37.4538410" lon="127.0541790">
    <ele>34.7</ele>
    <time>2026-07-16T03:13:28Z</time>
   </trkpt>
   <trkpt lat="37.4538410" lon="127.0541790">
    <ele>34.7</ele>
    <time>2026-07-16T03:13:29Z</time>
   </trkpt>
   <trkpt lat="37.4538410" lon="127.0541790">
    <ele>34.7</ele>
    <time>2026-07-16T03:13:30Z</time>
   </trkpt>
   <trkpt lat="37.4538470" lon="127.0541740">
    <ele>34.7</ele>
    <time>2026-07-16T03:13:31Z</time>
   </trkpt>
   <trkpt lat="37.4538450" lon="127.0541520">
    <ele>34.6</ele>
    <time>2026-07-16T03:13:32Z</time>
   </trkpt>
   <trkpt lat="37.4538520" lon="127.0541300">
    <ele>34.6</ele>
    <time>2026-07-16T03:13:33Z</time>
   </trkpt>
   <trkpt lat="37.4538620" lon="127.0541040">
    <ele>34.5</ele>
    <time>2026-07-16T03:13:34Z</time>
   </trkpt>
   <trkpt lat="37.4538710" lon="127.0540800">
    <ele>34.5</ele>
    <time>2026-07-16T03:13:35Z</time>
   </trkpt>
   <trkpt lat="37.4538800" lon="127.0540530">
    <ele>34.4</ele>
    <time>2026-07-16T03:13:36Z</time>
   </trkpt>
   <trkpt lat="37.4538950" lon="127.0540150">
    <ele>34.4</ele>
    <time>2026-07-16T03:13:37Z</time>
   </trkpt>
   <trkpt lat="37.4539060" lon="127.0539780">
    <ele>34.3</ele>
    <time>2026-07-16T03:13:38Z</time>
   </trkpt>
   <trkpt lat="37.4539200" lon="127.0539390">
    <ele>34.2</ele>
    <time>2026-07-16T03:13:39Z</time>
   </trkpt>
   <trkpt lat="37.4539340" lon="127.0539070">
    <ele>34.2</ele>
    <time>2026-07-16T03:13:40Z</time>
   </trkpt>
   <trkpt lat="37.4539410" lon="127.0538790">
    <ele>34.1</ele>
    <time>2026-07-16T03:13:41Z</time>
   </trkpt>
   <trkpt lat="37.4539540" lon="127.0538570">
    <ele>34.1</ele>
    <time>2026-07-16T03:13:42Z</time>
   </trkpt>
   <trkpt lat="37.4539600" lon="127.0538320">
    <ele>34.1</ele>
    <time>2026-07-16T03:13:43Z</time>
   </trkpt>
   <trkpt lat="37.4539680" lon="127.0538100">
    <ele>34.0</ele>
    <time>2026-07-16T03:13:44Z</time>
   </trkpt>
   <trkpt lat="37.4539770" lon="127.0537840">
    <ele>34.0</ele>
    <time>2026-07-16T03:13:45Z</time>
   </trkpt>
   <trkpt lat="37.4539910" lon="127.0537490">
    <ele>33.9</ele>
    <time>2026-07-16T03:13:46Z</time>
   </trkpt>
   <trkpt lat="37.4540060" lon="127.0537070">
    <ele>33.9</ele>
    <time>2026-07-16T03:13:47Z</time>
   </trkpt>
   <trkpt lat="37.4540190" lon="127.0536780">
    <ele>33.8</ele>
    <time>2026-07-16T03:13:48Z</time>
   </trkpt>
   <trkpt lat="37.4540420" lon="127.0536270">
    <ele>33.8</ele>
    <time>2026-07-16T03:13:49Z</time>
   </trkpt>
   <trkpt lat="37.4540500" lon="127.0535990">
    <ele>33.7</ele>
    <time>2026-07-16T03:13:50Z</time>
   </trkpt>
   <trkpt lat="37.4540610" lon="127.0535790">
    <ele>33.7</ele>
    <time>2026-07-16T03:13:51Z</time>
   </trkpt>
   <trkpt lat="37.4540700" lon="127.0535550">
    <ele>33.7</ele>
    <time>2026-07-16T03:13:52Z</time>
   </trkpt>
   <trkpt lat="37.4540790" lon="127.0535350">
    <ele>33.6</ele>
    <time>2026-07-16T03:13:53Z</time>
   </trkpt>
   <trkpt lat="37.4540910" lon="127.0535160">
    <ele>33.6</ele>
    <time>2026-07-16T03:13:54Z</time>
   </trkpt>
   <trkpt lat="37.4540990" lon="127.0534850">
    <ele>33.6</ele>
    <time>2026-07-16T03:13:55Z</time>
   </trkpt>
   <trkpt lat="37.4541090" lon="127.0534630">
    <ele>33.5</ele>
    <time>2026-07-16T03:13:56Z</time>
   </trkpt>
   <trkpt lat="37.4541210" lon="127.0534300">
    <ele>33.5</ele>
    <time>2026-07-16T03:13:57Z</time>
   </trkpt>
   <trkpt lat="37.4541400" lon="127.0534000">
    <ele>33.4</ele>
    <time>2026-07-16T03:13:58Z</time>
   </trkpt>
   <trkpt lat="37.4541660" lon="127.0533660">
    <ele>33.4</ele>
    <time>2026-07-16T03:13:59Z</time>
   </trkpt>
   <trkpt lat="37.4541890" lon="127.0533240">
    <ele>33.3</ele>
    <time>2026-07-16T03:14:00Z</time>
   </trkpt>
   <trkpt lat="37.4542030" lon="127.0532850">
    <ele>33.3</ele>
    <time>2026-07-16T03:14:01Z</time>
   </trkpt>
   <trkpt lat="37.4542200" lon="127.0532500">
    <ele>33.2</ele>
    <time>2026-07-16T03:14:02Z</time>
   </trkpt>
   <trkpt lat="37.4542360" lon="127.0532150">
    <ele>33.2</ele>
    <time>2026-07-16T03:14:03Z</time>
   </trkpt>
   <trkpt lat="37.4542540" lon="127.0531860">
    <ele>33.1</ele>
    <time>2026-07-16T03:14:04Z</time>
   </trkpt>
   <trkpt lat="37.4542760" lon="127.0531590">
    <ele>33.1</ele>
    <time>2026-07-16T03:14:05Z</time>
   </trkpt>
   <trkpt lat="37.4542930" lon="127.0531130">
    <ele>33.0</ele>
    <time>2026-07-16T03:14:06Z</time>
   </trkpt>
   <trkpt lat="37.4543190" lon="127.0530650">
    <ele>33.0</ele>
    <time>2026-07-16T03:14:07Z</time>
   </trkpt>
   <trkpt lat="37.4543440" lon="127.0530230">
    <ele>33.0</ele>
    <time>2026-07-16T03:14:08Z</time>
   </trkpt>
   <trkpt lat="37.4543660" lon="127.0529780">
    <ele>32.9</ele>
    <time>2026-07-16T03:14:09Z</time>
   </trkpt>
   <trkpt lat="37.4543910" lon="127.0529300">
    <ele>32.9</ele>
    <time>2026-07-16T03:14:10Z</time>
   </trkpt>
   <trkpt lat="37.4544190" lon="127.0528850">
    <ele>32.9</ele>
    <time>2026-07-16T03:14:11Z</time>
   </trkpt>
   <trkpt lat="37.4544420" lon="127.0528340">
    <ele>32.9</ele>
    <time>2026-07-16T03:14:12Z</time>
   </trkpt>
   <trkpt lat="37.4544720" lon="127.0527910">
    <ele>32.9</ele>
    <time>2026-07-16T03:14:13Z</time>
   </trkpt>
   <trkpt lat="37.4545030" lon="127.0527350">
    <ele>32.8</ele>
    <time>2026-07-16T03:14:14Z</time>
   </trkpt>
   <trkpt lat="37.4545410" lon="127.0526750">
    <ele>32.7</ele>
    <time>2026-07-16T03:14:15Z</time>
   </trkpt>
   <trkpt lat="37.4545770" lon="127.0526140">
    <ele>32.5</ele>
    <time>2026-07-16T03:14:16Z</time>
   </trkpt>
   <trkpt lat="37.4546200" lon="127.0525560">
    <ele>32.4</ele>
    <time>2026-07-16T03:14:17Z</time>
   </trkpt>
   <trkpt lat="37.4546490" lon="127.0525070">
    <ele>32.3</ele>
    <time>2026-07-16T03:14:18Z</time>
   </trkpt>
   <trkpt lat="37.4546830" lon="127.0524460">
    <ele>32.3</ele>
    <time>2026-07-16T03:14:19Z</time>
   </trkpt>
   <trkpt lat="37.4547280" lon="127.0523820">
    <ele>32.2</ele>
    <time>2026-07-16T03:14:20Z</time>
   </trkpt>
   <trkpt lat="37.4547620" lon="127.0523440">
    <ele>32.2</ele>
    <time>2026-07-16T03:14:21Z</time>
   </trkpt>
   <trkpt lat="37.4547960" lon="127.0522990">
    <ele>32.2</ele>
    <time>2026-07-16T03:14:22Z</time>
   </trkpt>
   <trkpt lat="37.4548340" lon="127.0522580">
    <ele>32.1</ele>
    <time>2026-07-16T03:14:23Z</time>
   </trkpt>
   <trkpt lat="37.4548710" lon="127.0522200">
    <ele>32.1</ele>
    <time>2026-07-16T03:14:24Z</time>
   </trkpt>
   <trkpt lat="37.4549180" lon="127.0521850">
    <ele>32.0</ele>
    <time>2026-07-16T03:14:25Z</time>
   </trkpt>
   <trkpt lat="37.4549630" lon="127.0521460">
    <ele>32.0</ele>
    <time>2026-07-16T03:14:26Z</time>
   </trkpt>
   <trkpt lat="37.4550080" lon="127.0521060">
    <ele>32.0</ele>
    <time>2026-07-16T03:14:27Z</time>
   </trkpt>
   <trkpt lat="37.4550540" lon="127.0520730">
    <ele>32.0</ele>
    <time>2026-07-16T03:14:28Z</time>
   </trkpt>
   <trkpt lat="37.4551060" lon="127.0520440">
    <ele>31.9</ele>
    <time>2026-07-16T03:14:29Z</time>
   </trkpt>
   <trkpt lat="37.4551570" lon="127.0520230">
    <ele>31.9</ele>
    <time>2026-07-16T03:14:30Z</time>
   </trkpt>
   <trkpt lat="37.4552150" lon="127.0519930">
    <ele>31.9</ele>
    <time>2026-07-16T03:14:31Z</time>
   </trkpt>
   <trkpt lat="37.4552660" lon="127.0519890">
    <ele>31.8</ele>
    <time>2026-07-16T03:14:32Z</time>
   </trkpt>
   <trkpt lat="37.4553250" lon="127.0519940">
    <ele>31.8</ele>
    <time>2026-07-16T03:14:33Z</time>
   </trkpt>
   <trkpt lat="37.4553730" lon="127.0519970">
    <ele>31.8</ele>
    <time>2026-07-16T03:14:34Z</time>
   </trkpt>
   <trkpt lat="37.4554250" lon="127.0519910">
    <ele>31.7</ele>
    <time>2026-07-16T03:14:35Z</time>
   </trkpt>
   <trkpt lat="37.4554710" lon="127.0519890">
    <ele>31.7</ele>
    <time>2026-07-16T03:14:36Z</time>
   </trkpt>
   <trkpt lat="37.4555150" lon="127.0520050">
    <ele>31.6</ele>
    <time>2026-07-16T03:14:37Z</time>
   </trkpt>
   <trkpt lat="37.4555560" lon="127.0520210">
    <ele>31.6</ele>
    <time>2026-07-16T03:14:38Z</time>
   </trkpt>
   <trkpt lat="37.4555910" lon="127.0520260">
    <ele>31.6</ele>
    <time>2026-07-16T03:14:39Z</time>
   </trkpt>
   <trkpt lat="37.4556200" lon="127.0520390">
    <ele>31.5</ele>
    <time>2026-07-16T03:14:40Z</time>
   </trkpt>
   <trkpt lat="37.4556490" lon="127.0520470">
    <ele>31.5</ele>
    <time>2026-07-16T03:14:41Z</time>
   </trkpt>
   <trkpt lat="37.4556460" lon="127.0520350">
    <ele>31.5</ele>
    <time>2026-07-16T03:14:42Z</time>
   </trkpt>
   <trkpt lat="37.4556570" lon="127.0520180">
    <ele>31.5</ele>
    <time>2026-07-16T03:14:43Z</time>
   </trkpt>
   <trkpt lat="37.4556650" lon="127.0520060">
    <ele>31.5</ele>
    <time>2026-07-16T03:14:44Z</time>
   </trkpt>
   <trkpt lat="37.4556740" lon="127.0519960">
    <ele>31.5</ele>
    <time>2026-07-16T03:14:45Z</time>
   </trkpt>
   <trkpt lat="37.4556790" lon="127.0519820">
    <ele>31.5</ele>
    <time>2026-07-16T03:14:46Z</time>
   </trkpt>
   <trkpt lat="37.4556780" lon="127.0519870">
    <ele>31.5</ele>
    <time>2026-07-16T03:14:47Z</time>
   </trkpt>
   <trkpt lat="37.4556740" lon="127.0519850">
    <ele>31.5</ele>
    <time>2026-07-16T03:14:48Z</time>
   </trkpt>
   <trkpt lat="37.4556730" lon="127.0519870">
    <ele>31.5</ele>
    <time>2026-07-16T03:14:49Z</time>
   </trkpt>
   <trkpt lat="37.4556740" lon="127.0519860">
    <ele>31.5</ele>
    <time>2026-07-16T03:14:50Z</time>
   </trkpt>
   <trkpt lat="37.4556750" lon="127.0519860">
    <ele>31.5</ele>
    <time>2026-07-16T03:14:51Z</time>
   </trkpt>
   <trkpt lat="37.4556610" lon="127.0519770">
    <ele>31.5</ele>
    <time>2026-07-16T03:14:52Z</time>
   </trkpt>
   <trkpt lat="37.4556610" lon="127.0519620">
    <ele>31.5</ele>
    <time>2026-07-16T03:14:53Z</time>
   </trkpt>
   <trkpt lat="37.4556580" lon="127.0519550">
    <ele>31.4</ele>
    <time>2026-07-16T03:14:54Z</time>
   </trkpt>
   <trkpt lat="37.4556690" lon="127.0519810">
    <ele>31.4</ele>
    <time>2026-07-16T03:14:55Z</time>
   </trkpt>
   <trkpt lat="37.4556700" lon="127.0519870">
    <ele>31.4</ele>
    <time>2026-07-16T03:14:56Z</time>
   </trkpt>
   <trkpt lat="37.4556700" lon="127.0519870">
    <ele>31.4</ele>
    <time>2026-07-16T03:14:57Z</time>
   </trkpt>
   <trkpt lat="37.4556700" lon="127.0519870">
    <ele>31.4</ele>
    <time>2026-07-16T03:14:58Z</time>
   </trkpt>
   <trkpt lat="37.4556700" lon="127.0519870">
    <ele>31.4</ele>
    <time>2026-07-16T03:14:59Z</time>
   </trkpt>
   <trkpt lat="37.4556720" lon="127.0519830">
    <ele>31.4</ele>
    <time>2026-07-16T03:15:00Z</time>
   </trkpt>
   <trkpt lat="37.4556720" lon="127.0519840">
    <ele>31.4</ele>
    <time>2026-07-16T03:15:01Z</time>
   </trkpt>
   <trkpt lat="37.4556720" lon="127.0519840">
    <ele>31.4</ele>
    <time>2026-07-16T03:15:02Z</time>
   </trkpt>
   <trkpt lat="37.4556720" lon="127.0519840">
    <ele>31.4</ele>
    <time>2026-07-16T03:15:03Z</time>
   </trkpt>
   <trkpt lat="37.4556710" lon="127.0519810">
    <ele>31.4</ele>
    <time>2026-07-16T03:15:04Z</time>
   </trkpt>
   <trkpt lat="37.4556730" lon="127.0519830">
    <ele>31.4</ele>
    <time>2026-07-16T03:15:05Z</time>
   </trkpt>
   <trkpt lat="37.4556720" lon="127.0519770">
    <ele>31.4</ele>
    <time>2026-07-16T03:15:06Z</time>
   </trkpt>
   <trkpt lat="37.4556690" lon="127.0519740">
    <ele>31.4</ele>
    <time>2026-07-16T03:15:07Z</time>
   </trkpt>
   <trkpt lat="37.4556730" lon="127.0519750">
    <ele>31.4</ele>
    <time>2026-07-16T03:15:08Z</time>
   </trkpt>
   <trkpt lat="37.4556730" lon="127.0519720">
    <ele>31.4</ele>
    <time>2026-07-16T03:15:09Z</time>
   </trkpt>
   <trkpt lat="37.4556740" lon="127.0519710">
    <ele>31.4</ele>
    <time>2026-07-16T03:15:10Z</time>
   </trkpt>
   <trkpt lat="37.4556750" lon="127.0519690">
    <ele>31.4</ele>
    <time>2026-07-16T03:15:11Z</time>
   </trkpt>
   <trkpt lat="37.4556740" lon="127.0519560">
    <ele>31.4</ele>
    <time>2026-07-16T03:15:12Z</time>
   </trkpt>
   <trkpt lat="37.4556710" lon="127.0519500">
    <ele>31.4</ele>
    <time>2026-07-16T03:15:13Z</time>
   </trkpt>
   <trkpt lat="37.4556720" lon="127.0519530">
    <ele>31.4</ele>
    <time>2026-07-16T03:15:14Z</time>
   </trkpt>
   <trkpt lat="37.4556750" lon="127.0519550">
    <ele>31.4</ele>
    <time>2026-07-16T03:15:15Z</time>
   </trkpt>
   <trkpt lat="37.4556740" lon="127.0519590">
    <ele>31.4</ele>
    <time>2026-07-16T03:15:16Z</time>
   </trkpt>
   <trkpt lat="37.4556780" lon="127.0519620">
    <ele>31.4</ele>
    <time>2026-07-16T03:15:17Z</time>
   </trkpt>
   <trkpt lat="37.4556880" lon="127.0519400">
    <ele>31.3</ele>
    <time>2026-07-16T03:15:18Z</time>
   </trkpt>
   <trkpt lat="37.4557010" lon="127.0519350">
    <ele>31.3</ele>
    <time>2026-07-16T03:15:19Z</time>
   </trkpt>
   <trkpt lat="37.4557150" lon="127.0519270">
    <ele>31.3</ele>
    <time>2026-07-16T03:15:20Z</time>
   </trkpt>
   <trkpt lat="37.4557320" lon="127.0519280">
    <ele>31.3</ele>
    <time>2026-07-16T03:15:21Z</time>
   </trkpt>
   <trkpt lat="37.4557480" lon="127.0519200">
    <ele>31.2</ele>
    <time>2026-07-16T03:15:22Z</time>
   </trkpt>
   <trkpt lat="37.4557770" lon="127.0519070">
    <ele>31.2</ele>
    <time>2026-07-16T03:15:23Z</time>
   </trkpt>
   <trkpt lat="37.4558070" lon="127.0518950">
    <ele>31.1</ele>
    <time>2026-07-16T03:15:24Z</time>
   </trkpt>
   <trkpt lat="37.4558240" lon="127.0518760">
    <ele>31.1</ele>
    <time>2026-07-16T03:15:25Z</time>
   </trkpt>
   <trkpt lat="37.4558380" lon="127.0518570">
    <ele>31.1</ele>
    <time>2026-07-16T03:15:26Z</time>
   </trkpt>
   <trkpt lat="37.4558690" lon="127.0518540">
    <ele>31.0</ele>
    <time>2026-07-16T03:15:27Z</time>
   </trkpt>
   <trkpt lat="37.4558930" lon="127.0518590">
    <ele>31.0</ele>
    <time>2026-07-16T03:15:28Z</time>
   </trkpt>
   <trkpt lat="37.4559090" lon="127.0518500">
    <ele>31.0</ele>
    <time>2026-07-16T03:15:29Z</time>
   </trkpt>
   <trkpt lat="37.4559330" lon="127.0518550">
    <ele>30.9</ele>
    <time>2026-07-16T03:15:30Z</time>
   </trkpt>
   <trkpt lat="37.4559580" lon="127.0518580">
    <ele>30.9</ele>
    <time>2026-07-16T03:15:31Z</time>
   </trkpt>
   <trkpt lat="37.4559870" lon="127.0518480">
    <ele>30.9</ele>
    <time>2026-07-16T03:15:32Z</time>
   </trkpt>
   <trkpt lat="37.4560110" lon="127.0518440">
    <ele>30.9</ele>
    <time>2026-07-16T03:15:33Z</time>
   </trkpt>
   <trkpt lat="37.4560300" lon="127.0518350">
    <ele>30.9</ele>
    <time>2026-07-16T03:15:34Z</time>
   </trkpt>
   <trkpt lat="37.4560530" lon="127.0518210">
    <ele>30.9</ele>
    <time>2026-07-16T03:15:35Z</time>
   </trkpt>
   <trkpt lat="37.4560790" lon="127.0518080">
    <ele>30.9</ele>
    <time>2026-07-16T03:15:36Z</time>
   </trkpt>
   <trkpt lat="37.4561050" lon="127.0517900">
    <ele>30.8</ele>
    <time>2026-07-16T03:15:37Z</time>
   </trkpt>
   <trkpt lat="37.4561240" lon="127.0517720">
    <ele>30.8</ele>
    <time>2026-07-16T03:15:38Z</time>
   </trkpt>
   <trkpt lat="37.4561530" lon="127.0517660">
    <ele>30.8</ele>
    <time>2026-07-16T03:15:39Z</time>
   </trkpt>
   <trkpt lat="37.4561870" lon="127.0517510">
    <ele>30.8</ele>
    <time>2026-07-16T03:15:40Z</time>
   </trkpt>
   <trkpt lat="37.4562230" lon="127.0517280">
    <ele>30.8</ele>
    <time>2026-07-16T03:15:41Z</time>
   </trkpt>
   <trkpt lat="37.4562650" lon="127.0517080">
    <ele>30.7</ele>
    <time>2026-07-16T03:15:42Z</time>
   </trkpt>
   <trkpt lat="37.4563090" lon="127.0516830">
    <ele>30.7</ele>
    <time>2026-07-16T03:15:43Z</time>
   </trkpt>
   <trkpt lat="37.4563580" lon="127.0516570">
    <ele>30.6</ele>
    <time>2026-07-16T03:15:44Z</time>
   </trkpt>
   <trkpt lat="37.4564080" lon="127.0516300">
    <ele>30.6</ele>
    <time>2026-07-16T03:15:45Z</time>
   </trkpt>
   <trkpt lat="37.4564560" lon="127.0515940">
    <ele>30.6</ele>
    <time>2026-07-16T03:15:46Z</time>
   </trkpt>
   <trkpt lat="37.4564990" lon="127.0515460">
    <ele>30.5</ele>
    <time>2026-07-16T03:15:47Z</time>
   </trkpt>
   <trkpt lat="37.4565400" lon="127.0515000">
    <ele>30.5</ele>
    <time>2026-07-16T03:15:48Z</time>
   </trkpt>
   <trkpt lat="37.4565780" lon="127.0514480">
    <ele>30.4</ele>
    <time>2026-07-16T03:15:49Z</time>
   </trkpt>
   <trkpt lat="37.4566210" lon="127.0513960">
    <ele>30.4</ele>
    <time>2026-07-16T03:15:50Z</time>
   </trkpt>
   <trkpt lat="37.4566660" lon="127.0513490">
    <ele>30.4</ele>
    <time>2026-07-16T03:15:51Z</time>
   </trkpt>
   <trkpt lat="37.4567070" lon="127.0513000">
    <ele>30.3</ele>
    <time>2026-07-16T03:15:52Z</time>
   </trkpt>
   <trkpt lat="37.4567480" lon="127.0512470">
    <ele>30.3</ele>
    <time>2026-07-16T03:15:53Z</time>
   </trkpt>
   <trkpt lat="37.4567840" lon="127.0511890">
    <ele>30.0</ele>
    <time>2026-07-16T03:15:54Z</time>
   </trkpt>
   <trkpt lat="37.4568180" lon="127.0511290">
    <ele>28.7</ele>
    <time>2026-07-16T03:15:55Z</time>
   </trkpt>
   <trkpt lat="37.4568510" lon="127.0510740">
    <ele>28.8</ele>
    <time>2026-07-16T03:15:56Z</time>
   </trkpt>
   <trkpt lat="37.4568870" lon="127.0510180">
    <ele>29.1</ele>
    <time>2026-07-16T03:15:57Z</time>
   </trkpt>
   <trkpt lat="37.4569220" lon="127.0509650">
    <ele>29.6</ele>
    <time>2026-07-16T03:15:58Z</time>
   </trkpt>
   <trkpt lat="37.4569570" lon="127.0509070">
    <ele>30.1</ele>
    <time>2026-07-16T03:15:59Z</time>
   </trkpt>
   <trkpt lat="37.4569920" lon="127.0508510">
    <ele>30.8</ele>
    <time>2026-07-16T03:16:00Z</time>
   </trkpt>
   <trkpt lat="37.4570260" lon="127.0507950">
    <ele>31.7</ele>
    <time>2026-07-16T03:16:01Z</time>
   </trkpt>
   <trkpt lat="37.4570600" lon="127.0507430">
    <ele>31.9</ele>
    <time>2026-07-16T03:16:02Z</time>
   </trkpt>
   <trkpt lat="37.4570890" lon="127.0506970">
    <ele>32.5</ele>
    <time>2026-07-16T03:16:03Z</time>
   </trkpt>
   <trkpt lat="37.4571240" lon="127.0506510">
    <ele>32.4</ele>
    <time>2026-07-16T03:16:04Z</time>
   </trkpt>
   <trkpt lat="37.4571660" lon="127.0506080">
    <ele>32.4</ele>
    <time>2026-07-16T03:16:05Z</time>
   </trkpt>
   <trkpt lat="37.4572090" lon="127.0505640">
    <ele>32.4</ele>
    <time>2026-07-16T03:16:06Z</time>
   </trkpt>
   <trkpt lat="37.4572530" lon="127.0505170">
    <ele>32.4</ele>
    <time>2026-07-16T03:16:07Z</time>
   </trkpt>
   <trkpt lat="37.4572920" lon="127.0504700">
    <ele>32.3</ele>
    <time>2026-07-16T03:16:08Z</time>
   </trkpt>
   <trkpt lat="37.4573330" lon="127.0504210">
    <ele>32.2</ele>
    <time>2026-07-16T03:16:09Z</time>
   </trkpt>
   <trkpt lat="37.4573740" lon="127.0503740">
    <ele>32.2</ele>
    <time>2026-07-16T03:16:10Z</time>
   </trkpt>
   <trkpt lat="37.4574250" lon="127.0503410">
    <ele>32.1</ele>
    <time>2026-07-16T03:16:11Z</time>
   </trkpt>
   <trkpt lat="37.4574690" lon="127.0503000">
    <ele>32.0</ele>
    <time>2026-07-16T03:16:12Z</time>
   </trkpt>
   <trkpt lat="37.4575160" lon="127.0502570">
    <ele>31.9</ele>
    <time>2026-07-16T03:16:13Z</time>
   </trkpt>
   <trkpt lat="37.4575610" lon="127.0502130">
    <ele>31.9</ele>
    <time>2026-07-16T03:16:14Z</time>
   </trkpt>
   <trkpt lat="37.4576060" lon="127.0501730">
    <ele>31.8</ele>
    <time>2026-07-16T03:16:15Z</time>
   </trkpt>
   <trkpt lat="37.4576530" lon="127.0501340">
    <ele>31.7</ele>
    <time>2026-07-16T03:16:16Z</time>
   </trkpt>
   <trkpt lat="37.4577000" lon="127.0500910">
    <ele>31.7</ele>
    <time>2026-07-16T03:16:17Z</time>
   </trkpt>
   <trkpt lat="37.4577480" lon="127.0500540">
    <ele>31.6</ele>
    <time>2026-07-16T03:16:18Z</time>
   </trkpt>
   <trkpt lat="37.4577960" lon="127.0500140">
    <ele>31.5</ele>
    <time>2026-07-16T03:16:19Z</time>
   </trkpt>
   <trkpt lat="37.4578430" lon="127.0499720">
    <ele>31.4</ele>
    <time>2026-07-16T03:16:20Z</time>
   </trkpt>
   <trkpt lat="37.4578910" lon="127.0499290">
    <ele>31.4</ele>
    <time>2026-07-16T03:16:21Z</time>
   </trkpt>
   <trkpt lat="37.4579380" lon="127.0498890">
    <ele>31.3</ele>
    <time>2026-07-16T03:16:22Z</time>
   </trkpt>
   <trkpt lat="37.4579860" lon="127.0498440">
    <ele>31.2</ele>
    <time>2026-07-16T03:16:23Z</time>
   </trkpt>
   <trkpt lat="37.4580310" lon="127.0497990">
    <ele>31.1</ele>
    <time>2026-07-16T03:16:24Z</time>
   </trkpt>
   <trkpt lat="37.4580780" lon="127.0497560">
    <ele>31.1</ele>
    <time>2026-07-16T03:16:25Z</time>
   </trkpt>
   <trkpt lat="37.4581120" lon="127.0497190">
    <ele>31.0</ele>
    <time>2026-07-16T03:16:26Z</time>
   </trkpt>
   <trkpt lat="37.4581240" lon="127.0497140">
    <ele>31.0</ele>
    <time>2026-07-16T03:16:27Z</time>
   </trkpt>
   <trkpt lat="37.4581400" lon="127.0496980">
    <ele>30.9</ele>
    <time>2026-07-16T03:16:28Z</time>
   </trkpt>
   <trkpt lat="37.4581650" lon="127.0496890">
    <ele>30.9</ele>
    <time>2026-07-16T03:16:29Z</time>
   </trkpt>
   <trkpt lat="37.4581850" lon="127.0496660">
    <ele>30.9</ele>
    <time>2026-07-16T03:16:30Z</time>
   </trkpt>
   <trkpt lat="37.4582040" lon="127.0496390">
    <ele>30.8</ele>
    <time>2026-07-16T03:16:31Z</time>
   </trkpt>
   <trkpt lat="37.4582270" lon="127.0496150">
    <ele>30.8</ele>
    <time>2026-07-16T03:16:32Z</time>
   </trkpt>
   <trkpt lat="37.4582590" lon="127.0495850">
    <ele>30.7</ele>
    <time>2026-07-16T03:16:33Z</time>
   </trkpt>
   <trkpt lat="37.4582960" lon="127.0495580">
    <ele>30.6</ele>
    <time>2026-07-16T03:16:34Z</time>
   </trkpt>
   <trkpt lat="37.4583350" lon="127.0495260">
    <ele>30.5</ele>
    <time>2026-07-16T03:16:35Z</time>
   </trkpt>
   <trkpt lat="37.4583720" lon="127.0494830">
    <ele>30.5</ele>
    <time>2026-07-16T03:16:36Z</time>
   </trkpt>
   <trkpt lat="37.4584120" lon="127.0494400">
    <ele>30.4</ele>
    <time>2026-07-16T03:16:37Z</time>
   </trkpt>
   <trkpt lat="37.4584540" lon="127.0493940">
    <ele>30.3</ele>
    <time>2026-07-16T03:16:38Z</time>
   </trkpt>
   <trkpt lat="37.4585030" lon="127.0493500">
    <ele>30.2</ele>
    <time>2026-07-16T03:16:39Z</time>
   </trkpt>
   <trkpt lat="37.4585540" lon="127.0493140">
    <ele>30.1</ele>
    <time>2026-07-16T03:16:40Z</time>
   </trkpt>
   <trkpt lat="37.4585980" lon="127.0492710">
    <ele>30.1</ele>
    <time>2026-07-16T03:16:41Z</time>
   </trkpt>
   <trkpt lat="37.4586440" lon="127.0492200">
    <ele>30.0</ele>
    <time>2026-07-16T03:16:42Z</time>
   </trkpt>
   <trkpt lat="37.4586910" lon="127.0491860">
    <ele>29.9</ele>
    <time>2026-07-16T03:16:43Z</time>
   </trkpt>
   <trkpt lat="37.4587400" lon="127.0491440">
    <ele>29.8</ele>
    <time>2026-07-16T03:16:44Z</time>
   </trkpt>
   <trkpt lat="37.4587870" lon="127.0491030">
    <ele>29.8</ele>
    <time>2026-07-16T03:16:45Z</time>
   </trkpt>
   <trkpt lat="37.4588360" lon="127.0490700">
    <ele>29.7</ele>
    <time>2026-07-16T03:16:46Z</time>
   </trkpt>
   <trkpt lat="37.4588850" lon="127.0490340">
    <ele>29.6</ele>
    <time>2026-07-16T03:16:47Z</time>
   </trkpt>
   <trkpt lat="37.4589340" lon="127.0489950">
    <ele>29.7</ele>
    <time>2026-07-16T03:16:48Z</time>
   </trkpt>
   <trkpt lat="37.4589800" lon="127.0489520">
    <ele>29.7</ele>
    <time>2026-07-16T03:16:49Z</time>
   </trkpt>
   <trkpt lat="37.4590270" lon="127.0489100">
    <ele>29.8</ele>
    <time>2026-07-16T03:16:50Z</time>
   </trkpt>
   <trkpt lat="37.4590790" lon="127.0488750">
    <ele>29.8</ele>
    <time>2026-07-16T03:16:51Z</time>
   </trkpt>
   <trkpt lat="37.4591300" lon="127.0488420">
    <ele>29.9</ele>
    <time>2026-07-16T03:16:52Z</time>
   </trkpt>
   <trkpt lat="37.4591790" lon="127.0488100">
    <ele>29.9</ele>
    <time>2026-07-16T03:16:53Z</time>
   </trkpt>
   <trkpt lat="37.4592240" lon="127.0487600">
    <ele>29.9</ele>
    <time>2026-07-16T03:16:54Z</time>
   </trkpt>
   <trkpt lat="37.4592690" lon="127.0487110">
    <ele>29.9</ele>
    <time>2026-07-16T03:16:55Z</time>
   </trkpt>
   <trkpt lat="37.4593110" lon="127.0486680">
    <ele>29.9</ele>
    <time>2026-07-16T03:16:56Z</time>
   </trkpt>
   <trkpt lat="37.4593550" lon="127.0486220">
    <ele>29.9</ele>
    <time>2026-07-16T03:16:57Z</time>
   </trkpt>
   <trkpt lat="37.4593990" lon="127.0485740">
    <ele>30.0</ele>
    <time>2026-07-16T03:16:58Z</time>
   </trkpt>
   <trkpt lat="37.4594460" lon="127.0485280">
    <ele>30.0</ele>
    <time>2026-07-16T03:16:59Z</time>
   </trkpt>
   <trkpt lat="37.4594920" lon="127.0484810">
    <ele>30.2</ele>
    <time>2026-07-16T03:17:00Z</time>
   </trkpt>
   <trkpt lat="37.4595380" lon="127.0484350">
    <ele>30.5</ele>
    <time>2026-07-16T03:17:01Z</time>
   </trkpt>
   <trkpt lat="37.4595840" lon="127.0483910">
    <ele>30.7</ele>
    <time>2026-07-16T03:17:02Z</time>
   </trkpt>
   <trkpt lat="37.4596320" lon="127.0483460">
    <ele>30.9</ele>
    <time>2026-07-16T03:17:03Z</time>
   </trkpt>
   <trkpt lat="37.4596820" lon="127.0483060">
    <ele>31.2</ele>
    <time>2026-07-16T03:17:04Z</time>
   </trkpt>
   <trkpt lat="37.4597330" lon="127.0482730">
    <ele>31.4</ele>
    <time>2026-07-16T03:17:05Z</time>
   </trkpt>
   <trkpt lat="37.4597860" lon="127.0482430">
    <ele>31.7</ele>
    <time>2026-07-16T03:17:06Z</time>
   </trkpt>
   <trkpt lat="37.4598370" lon="127.0482120">
    <ele>31.9</ele>
    <time>2026-07-16T03:17:07Z</time>
   </trkpt>
   <trkpt lat="37.4598930" lon="127.0481840">
    <ele>32.2</ele>
    <time>2026-07-16T03:17:08Z</time>
   </trkpt>
   <trkpt lat="37.4599440" lon="127.0481570">
    <ele>32.4</ele>
    <time>2026-07-16T03:17:09Z</time>
   </trkpt>
   <trkpt lat="37.4599980" lon="127.0481280">
    <ele>32.4</ele>
    <time>2026-07-16T03:17:10Z</time>
   </trkpt>
   <trkpt lat="37.4600410" lon="127.0481000">
    <ele>32.1</ele>
    <time>2026-07-16T03:17:11Z</time>
   </trkpt>
   <trkpt lat="37.4600970" lon="127.0480650">
    <ele>31.8</ele>
    <time>2026-07-16T03:17:12Z</time>
   </trkpt>
   <trkpt lat="37.4601620" lon="127.0480240">
    <ele>31.5</ele>
    <time>2026-07-16T03:17:13Z</time>
   </trkpt>
   <trkpt lat="37.4602180" lon="127.0480040">
    <ele>31.2</ele>
    <time>2026-07-16T03:17:14Z</time>
   </trkpt>
   <trkpt lat="37.4602710" lon="127.0479760">
    <ele>31.0</ele>
    <time>2026-07-16T03:17:15Z</time>
   </trkpt>
   <trkpt lat="37.4603250" lon="127.0479460">
    <ele>30.7</ele>
    <time>2026-07-16T03:17:16Z</time>
   </trkpt>
   <trkpt lat="37.4603800" lon="127.0479200">
    <ele>30.5</ele>
    <time>2026-07-16T03:17:17Z</time>
   </trkpt>
   <trkpt lat="37.4604380" lon="127.0479010">
    <ele>30.2</ele>
    <time>2026-07-16T03:17:18Z</time>
   </trkpt>
   <trkpt lat="37.4604900" lon="127.0478880">
    <ele>30.0</ele>
    <time>2026-07-16T03:17:19Z</time>
   </trkpt>
   <trkpt lat="37.4605410" lon="127.0478670">
    <ele>29.8</ele>
    <time>2026-07-16T03:17:20Z</time>
   </trkpt>
   <trkpt lat="37.4605930" lon="127.0478320">
    <ele>30.0</ele>
    <time>2026-07-16T03:17:21Z</time>
   </trkpt>
   <trkpt lat="37.4606390" lon="127.0477970">
    <ele>30.1</ele>
    <time>2026-07-16T03:17:22Z</time>
   </trkpt>
   <trkpt lat="37.4606780" lon="127.0477780">
    <ele>30.1</ele>
    <time>2026-07-16T03:17:23Z</time>
   </trkpt>
   <trkpt lat="37.4607200" lon="127.0477560">
    <ele>30.1</ele>
    <time>2026-07-16T03:17:24Z</time>
   </trkpt>
   <trkpt lat="37.4607610" lon="127.0477210">
    <ele>30.1</ele>
    <time>2026-07-16T03:17:25Z</time>
   </trkpt>
   <trkpt lat="37.4608000" lon="127.0476740">
    <ele>30.0</ele>
    <time>2026-07-16T03:17:26Z</time>
   </trkpt>
   <trkpt lat="37.4608360" lon="127.0476180">
    <ele>30.0</ele>
    <time>2026-07-16T03:17:27Z</time>
   </trkpt>
   <trkpt lat="37.4608810" lon="127.0475640">
    <ele>30.0</ele>
    <time>2026-07-16T03:17:28Z</time>
   </trkpt>
   <trkpt lat="37.4609260" lon="127.0475160">
    <ele>30.1</ele>
    <time>2026-07-16T03:17:29Z</time>
   </trkpt>
   <trkpt lat="37.4609640" lon="127.0474680">
    <ele>30.1</ele>
    <time>2026-07-16T03:17:30Z</time>
   </trkpt>
   <trkpt lat="37.4610030" lon="127.0474170">
    <ele>30.1</ele>
    <time>2026-07-16T03:17:31Z</time>
   </trkpt>
   <trkpt lat="37.4610430" lon="127.0473560">
    <ele>30.1</ele>
    <time>2026-07-16T03:17:32Z</time>
   </trkpt>
   <trkpt lat="37.4610790" lon="127.0472960">
    <ele>30.1</ele>
    <time>2026-07-16T03:17:33Z</time>
   </trkpt>
   <trkpt lat="37.4611110" lon="127.0472350">
    <ele>30.1</ele>
    <time>2026-07-16T03:17:34Z</time>
   </trkpt>
   <trkpt lat="37.4611400" lon="127.0471710">
    <ele>30.1</ele>
    <time>2026-07-16T03:17:35Z</time>
   </trkpt>
   <trkpt lat="37.4611690" lon="127.0471060">
    <ele>30.1</ele>
    <time>2026-07-16T03:17:36Z</time>
   </trkpt>
   <trkpt lat="37.4611950" lon="127.0470460">
    <ele>30.1</ele>
    <time>2026-07-16T03:17:37Z</time>
   </trkpt>
   <trkpt lat="37.4612230" lon="127.0469830">
    <ele>30.2</ele>
    <time>2026-07-16T03:17:38Z</time>
   </trkpt>
   <trkpt lat="37.4612510" lon="127.0469180">
    <ele>30.2</ele>
    <time>2026-07-16T03:17:39Z</time>
   </trkpt>
   <trkpt lat="37.4612740" lon="127.0468500">
    <ele>30.2</ele>
    <time>2026-07-16T03:17:40Z</time>
   </trkpt>
   <trkpt lat="37.4612990" lon="127.0467830">
    <ele>30.2</ele>
    <time>2026-07-16T03:17:41Z</time>
   </trkpt>
   <trkpt lat="37.4613250" lon="127.0467220">
    <ele>30.3</ele>
    <time>2026-07-16T03:17:42Z</time>
   </trkpt>
   <trkpt lat="37.4613490" lon="127.0466580">
    <ele>30.3</ele>
    <time>2026-07-16T03:17:43Z</time>
   </trkpt>
   <trkpt lat="37.4613630" lon="127.0465970">
    <ele>30.3</ele>
    <time>2026-07-16T03:17:44Z</time>
   </trkpt>
   <trkpt lat="37.4613760" lon="127.0465250">
    <ele>30.3</ele>
    <time>2026-07-16T03:17:45Z</time>
   </trkpt>
   <trkpt lat="37.4613890" lon="127.0464520">
    <ele>30.3</ele>
    <time>2026-07-16T03:17:46Z</time>
   </trkpt>
   <trkpt lat="37.4614040" lon="127.0463830">
    <ele>30.4</ele>
    <time>2026-07-16T03:17:47Z</time>
   </trkpt>
   <trkpt lat="37.4614130" lon="127.0463130">
    <ele>30.4</ele>
    <time>2026-07-16T03:17:48Z</time>
   </trkpt>
   <trkpt lat="37.4614160" lon="127.0462420">
    <ele>30.4</ele>
    <time>2026-07-16T03:17:49Z</time>
   </trkpt>
   <trkpt lat="37.4614230" lon="127.0461770">
    <ele>30.4</ele>
    <time>2026-07-16T03:17:50Z</time>
   </trkpt>
   <trkpt lat="37.4614390" lon="127.0461260">
    <ele>30.4</ele>
    <time>2026-07-16T03:17:51Z</time>
   </trkpt>
   <trkpt lat="37.4614680" lon="127.0460860">
    <ele>30.5</ele>
    <time>2026-07-16T03:17:52Z</time>
   </trkpt>
   <trkpt lat="37.4615010" lon="127.0460130">
    <ele>30.5</ele>
    <time>2026-07-16T03:17:53Z</time>
   </trkpt>
   <trkpt lat="37.4615060" lon="127.0459590">
    <ele>30.6</ele>
    <time>2026-07-16T03:17:54Z</time>
   </trkpt>
   <trkpt lat="37.4614840" lon="127.0459470">
    <ele>30.6</ele>
    <time>2026-07-16T03:17:55Z</time>
   </trkpt>
   <trkpt lat="37.4614830" lon="127.0459290">
    <ele>30.6</ele>
    <time>2026-07-16T03:17:56Z</time>
   </trkpt>
   <trkpt lat="37.4615060" lon="127.0459090">
    <ele>30.6</ele>
    <time>2026-07-16T03:17:57Z</time>
   </trkpt>
   <trkpt lat="37.4615080" lon="127.0458230">
    <ele>30.6</ele>
    <time>2026-07-16T03:17:58Z</time>
   </trkpt>
   <trkpt lat="37.4615200" lon="127.0457640">
    <ele>30.5</ele>
    <time>2026-07-16T03:17:59Z</time>
   </trkpt>
   <trkpt lat="37.4615350" lon="127.0456960">
    <ele>30.3</ele>
    <time>2026-07-16T03:18:00Z</time>
   </trkpt>
   <trkpt lat="37.4615530" lon="127.0456390">
    <ele>30.2</ele>
    <time>2026-07-16T03:18:01Z</time>
   </trkpt>
   <trkpt lat="37.4615670" lon="127.0455830">
    <ele>30.1</ele>
    <time>2026-07-16T03:18:02Z</time>
   </trkpt>
   <trkpt lat="37.4615800" lon="127.0455300">
    <ele>30.0</ele>
    <time>2026-07-16T03:18:03Z</time>
   </trkpt>
   <trkpt lat="37.4615840" lon="127.0454790">
    <ele>29.9</ele>
    <time>2026-07-16T03:18:04Z</time>
   </trkpt>
   <trkpt lat="37.4615940" lon="127.0454190">
    <ele>29.7</ele>
    <time>2026-07-16T03:18:05Z</time>
   </trkpt>
   <trkpt lat="37.4616080" lon="127.0453570">
    <ele>29.6</ele>
    <time>2026-07-16T03:18:06Z</time>
   </trkpt>
   <trkpt lat="37.4616220" lon="127.0452940">
    <ele>29.5</ele>
    <time>2026-07-16T03:18:07Z</time>
   </trkpt>
   <trkpt lat="37.4616360" lon="127.0452360">
    <ele>29.3</ele>
    <time>2026-07-16T03:18:08Z</time>
   </trkpt>
   <trkpt lat="37.4616440" lon="127.0451800">
    <ele>29.2</ele>
    <time>2026-07-16T03:18:09Z</time>
   </trkpt>
   <trkpt lat="37.4616540" lon="127.0451160">
    <ele>29.0</ele>
    <time>2026-07-16T03:18:10Z</time>
   </trkpt>
   <trkpt lat="37.4616660" lon="127.0450520">
    <ele>28.9</ele>
    <time>2026-07-16T03:18:11Z</time>
   </trkpt>
   <trkpt lat="37.4616780" lon="127.0449860">
    <ele>28.7</ele>
    <time>2026-07-16T03:18:12Z</time>
   </trkpt>
   <trkpt lat="37.4616870" lon="127.0449200">
    <ele>28.5</ele>
    <time>2026-07-16T03:18:13Z</time>
   </trkpt>
   <trkpt lat="37.4617010" lon="127.0448420">
    <ele>28.3</ele>
    <time>2026-07-16T03:18:14Z</time>
   </trkpt>
   <trkpt lat="37.4617100" lon="127.0447710">
    <ele>28.2</ele>
    <time>2026-07-16T03:18:15Z</time>
   </trkpt>
   <trkpt lat="37.4617170" lon="127.0447020">
    <ele>28.0</ele>
    <time>2026-07-16T03:18:16Z</time>
   </trkpt>
   <trkpt lat="37.4617270" lon="127.0446280">
    <ele>27.8</ele>
    <time>2026-07-16T03:18:17Z</time>
   </trkpt>
   <trkpt lat="37.4617360" lon="127.0445580">
    <ele>27.6</ele>
    <time>2026-07-16T03:18:18Z</time>
   </trkpt>
   <trkpt lat="37.4617460" lon="127.0444910">
    <ele>27.5</ele>
    <time>2026-07-16T03:18:19Z</time>
   </trkpt>
   <trkpt lat="37.4617600" lon="127.0444270">
    <ele>27.4</ele>
    <time>2026-07-16T03:18:20Z</time>
   </trkpt>
   <trkpt lat="37.4617670" lon="127.0443570">
    <ele>27.3</ele>
    <time>2026-07-16T03:18:21Z</time>
   </trkpt>
   <trkpt lat="37.4617710" lon="127.0442860">
    <ele>27.2</ele>
    <time>2026-07-16T03:18:22Z</time>
   </trkpt>
   <trkpt lat="37.4617790" lon="127.0442160">
    <ele>27.1</ele>
    <time>2026-07-16T03:18:23Z</time>
   </trkpt>
   <trkpt lat="37.4617850" lon="127.0441450">
    <ele>26.9</ele>
    <time>2026-07-16T03:18:24Z</time>
   </trkpt>
   <trkpt lat="37.4617880" lon="127.0440720">
    <ele>26.8</ele>
    <time>2026-07-16T03:18:25Z</time>
   </trkpt>
   <trkpt lat="37.4617930" lon="127.0439980">
    <ele>26.7</ele>
    <time>2026-07-16T03:18:26Z</time>
   </trkpt>
   <trkpt lat="37.4617980" lon="127.0439230">
    <ele>26.6</ele>
    <time>2026-07-16T03:18:27Z</time>
   </trkpt>
   <trkpt lat="37.4618060" lon="127.0438510">
    <ele>26.5</ele>
    <time>2026-07-16T03:18:28Z</time>
   </trkpt>
   <trkpt lat="37.4618080" lon="127.0437780">
    <ele>26.4</ele>
    <time>2026-07-16T03:18:29Z</time>
   </trkpt>
   <trkpt lat="37.4618080" lon="127.0437090">
    <ele>26.3</ele>
    <time>2026-07-16T03:18:30Z</time>
   </trkpt>
   <trkpt lat="37.4618130" lon="127.0436460">
    <ele>26.3</ele>
    <time>2026-07-16T03:18:31Z</time>
   </trkpt>
   <trkpt lat="37.4618170" lon="127.0435790">
    <ele>26.2</ele>
    <time>2026-07-16T03:18:32Z</time>
   </trkpt>
   <trkpt lat="37.4618160" lon="127.0435110">
    <ele>26.1</ele>
    <time>2026-07-16T03:18:33Z</time>
   </trkpt>
   <trkpt lat="37.4618170" lon="127.0434430">
    <ele>26.1</ele>
    <time>2026-07-16T03:18:34Z</time>
   </trkpt>
   <trkpt lat="37.4618150" lon="127.0433790">
    <ele>26.0</ele>
    <time>2026-07-16T03:18:35Z</time>
   </trkpt>
   <trkpt lat="37.4618120" lon="127.0433160">
    <ele>25.9</ele>
    <time>2026-07-16T03:18:36Z</time>
   </trkpt>
   <trkpt lat="37.4618150" lon="127.0432480">
    <ele>25.9</ele>
    <time>2026-07-16T03:18:37Z</time>
   </trkpt>
   <trkpt lat="37.4618070" lon="127.0431800">
    <ele>25.9</ele>
    <time>2026-07-16T03:18:38Z</time>
   </trkpt>
   <trkpt lat="37.4618120" lon="127.0431150">
    <ele>25.8</ele>
    <time>2026-07-16T03:18:39Z</time>
   </trkpt>
   <trkpt lat="37.4618130" lon="127.0430570">
    <ele>25.8</ele>
    <time>2026-07-16T03:18:40Z</time>
   </trkpt>
   <trkpt lat="37.4618100" lon="127.0430010">
    <ele>25.8</ele>
    <time>2026-07-16T03:18:41Z</time>
   </trkpt>
   <trkpt lat="37.4618100" lon="127.0429370">
    <ele>25.7</ele>
    <time>2026-07-16T03:18:42Z</time>
   </trkpt>
   <trkpt lat="37.4618080" lon="127.0428530">
    <ele>25.7</ele>
    <time>2026-07-16T03:18:43Z</time>
   </trkpt>
   <trkpt lat="37.4618070" lon="127.0428000">
    <ele>25.6</ele>
    <time>2026-07-16T03:18:44Z</time>
   </trkpt>
   <trkpt lat="37.4618240" lon="127.0427420">
    <ele>25.6</ele>
    <time>2026-07-16T03:18:45Z</time>
   </trkpt>
   <trkpt lat="37.4618310" lon="127.0426830">
    <ele>25.5</ele>
    <time>2026-07-16T03:18:46Z</time>
   </trkpt>
   <trkpt lat="37.4618370" lon="127.0426190">
    <ele>25.5</ele>
    <time>2026-07-16T03:18:47Z</time>
   </trkpt>
   <trkpt lat="37.4618480" lon="127.0425640">
    <ele>25.4</ele>
    <time>2026-07-16T03:18:48Z</time>
   </trkpt>
   <trkpt lat="37.4618580" lon="127.0425060">
    <ele>25.3</ele>
    <time>2026-07-16T03:18:49Z</time>
   </trkpt>
   <trkpt lat="37.4618650" lon="127.0424620">
    <ele>25.3</ele>
    <time>2026-07-16T03:18:50Z</time>
   </trkpt>
   <trkpt lat="37.4618750" lon="127.0424130">
    <ele>25.2</ele>
    <time>2026-07-16T03:18:51Z</time>
   </trkpt>
   <trkpt lat="37.4618850" lon="127.0423580">
    <ele>25.1</ele>
    <time>2026-07-16T03:18:52Z</time>
   </trkpt>
   <trkpt lat="37.4618860" lon="127.0423040">
    <ele>25.0</ele>
    <time>2026-07-16T03:18:53Z</time>
   </trkpt>
   <trkpt lat="37.4619210" lon="127.0422470">
    <ele>23.8</ele>
    <time>2026-07-16T03:18:54Z</time>
   </trkpt>
   <trkpt lat="37.4619460" lon="127.0422010">
    <ele>23.0</ele>
    <time>2026-07-16T03:18:55Z</time>
   </trkpt>
   <trkpt lat="37.4619720" lon="127.0421470">
    <ele>22.4</ele>
    <time>2026-07-16T03:18:56Z</time>
   </trkpt>
   <trkpt lat="37.4620070" lon="127.0420930">
    <ele>22.1</ele>
    <time>2026-07-16T03:18:57Z</time>
   </trkpt>
   <trkpt lat="37.4620430" lon="127.0420590">
    <ele>22.2</ele>
    <time>2026-07-16T03:18:58Z</time>
   </trkpt>
   <trkpt lat="37.4620620" lon="127.0420510">
    <ele>22.7</ele>
    <time>2026-07-16T03:18:59Z</time>
   </trkpt>
   <trkpt lat="37.4620810" lon="127.0420340">
    <ele>22.5</ele>
    <time>2026-07-16T03:19:00Z</time>
   </trkpt>
   <trkpt lat="37.4620860" lon="127.0420050">
    <ele>23.0</ele>
    <time>2026-07-16T03:19:01Z</time>
   </trkpt>
   <trkpt lat="37.4620940" lon="127.0419790">
    <ele>22.9</ele>
    <time>2026-07-16T03:19:02Z</time>
   </trkpt>
   <trkpt lat="37.4621070" lon="127.0419560">
    <ele>22.9</ele>
    <time>2026-07-16T03:19:03Z</time>
   </trkpt>
   <trkpt lat="37.4621220" lon="127.0419330">
    <ele>23.4</ele>
    <time>2026-07-16T03:19:04Z</time>
   </trkpt>
   <trkpt lat="37.4621340" lon="127.0419110">
    <ele>23.4</ele>
    <time>2026-07-16T03:19:05Z</time>
   </trkpt>
   <trkpt lat="37.4621420" lon="127.0418920">
    <ele>23.4</ele>
    <time>2026-07-16T03:19:06Z</time>
   </trkpt>
   <trkpt lat="37.4621500" lon="127.0418720">
    <ele>23.4</ele>
    <time>2026-07-16T03:19:08Z</time>
   </trkpt>
   <trkpt lat="37.4621580" lon="127.0418530">
    <ele>24.0</ele>
    <time>2026-07-16T03:19:09Z</time>
   </trkpt>
   <trkpt lat="37.4621650" lon="127.0418360">
    <ele>24.0</ele>
    <time>2026-07-16T03:19:10Z</time>
   </trkpt>
   <trkpt lat="37.4622090" lon="127.0417350">
    <ele>24.7</ele>
    <time>2026-07-16T03:19:16Z</time>
   </trkpt>
   <trkpt lat="37.4622170" lon="127.0417130">
    <ele>24.7</ele>
    <time>2026-07-16T03:19:17Z</time>
   </trkpt>
   <trkpt lat="37.4622210" lon="127.0417000">
    <ele>24.6</ele>
    <time>2026-07-16T03:19:18Z</time>
   </trkpt>
   <trkpt lat="37.4622330" lon="127.0416890">
    <ele>25.0</ele>
    <time>2026-07-16T03:19:19Z</time>
   </trkpt>
   <trkpt lat="37.4622390" lon="127.0416630">
    <ele>25.0</ele>
    <time>2026-07-16T03:19:20Z</time>
   </trkpt>
   <trkpt lat="37.4622400" lon="127.0416280">
    <ele>25.2</ele>
    <time>2026-07-16T03:19:21Z</time>
   </trkpt>
   <trkpt lat="37.4622480" lon="127.0416030">
    <ele>25.5</ele>
    <time>2026-07-16T03:19:22Z</time>
   </trkpt>
   <trkpt lat="37.4632220" lon="127.0411050">
    <ele>18.1</ele>
    <time>2026-07-16T03:19:23Z</time>
   </trkpt>
   <trkpt lat="37.4632220" lon="127.0411050">
    <ele>18.1</ele>
    <time>2026-07-16T03:19:24Z</time>
   </trkpt>
   <trkpt lat="37.4632560" lon="127.0410880">
    <ele>17.5</ele>
    <time>2026-07-16T03:19:25Z</time>
   </trkpt>
   <trkpt lat="37.4632980" lon="127.0410560">
    <ele>17.1</ele>
    <time>2026-07-16T03:19:26Z</time>
   </trkpt>
   <trkpt lat="37.4633340" lon="127.0410250">
    <ele>16.3</ele>
    <time>2026-07-16T03:19:27Z</time>
   </trkpt>
   <trkpt lat="37.4633730" lon="127.0409930">
    <ele>15.4</ele>
    <time>2026-07-16T03:19:28Z</time>
   </trkpt>
   <trkpt lat="37.4634220" lon="127.0409530">
    <ele>14.0</ele>
    <time>2026-07-16T03:19:29Z</time>
   </trkpt>
   <trkpt lat="37.4634770" lon="127.0409120">
    <ele>13.5</ele>
    <time>2026-07-16T03:19:30Z</time>
   </trkpt>
   <trkpt lat="37.4635250" lon="127.0408780">
    <ele>13.2</ele>
    <time>2026-07-16T03:19:31Z</time>
   </trkpt>
   <trkpt lat="37.4635750" lon="127.0408410">
    <ele>13.4</ele>
    <time>2026-07-16T03:19:32Z</time>
   </trkpt>
   <trkpt lat="37.4636180" lon="127.0408030">
    <ele>13.8</ele>
    <time>2026-07-16T03:19:33Z</time>
   </trkpt>
   <trkpt lat="37.4636580" lon="127.0407570">
    <ele>14.1</ele>
    <time>2026-07-16T03:19:34Z</time>
   </trkpt>
   <trkpt lat="37.4636990" lon="127.0407140">
    <ele>14.3</ele>
    <time>2026-07-16T03:19:35Z</time>
   </trkpt>
   <trkpt lat="37.4637450" lon="127.0406700">
    <ele>14.4</ele>
    <time>2026-07-16T03:19:36Z</time>
   </trkpt>
   <trkpt lat="37.4637790" lon="127.0406340">
    <ele>14.8</ele>
    <time>2026-07-16T03:19:37Z</time>
   </trkpt>
   <trkpt lat="37.4638190" lon="127.0405950">
    <ele>15.4</ele>
    <time>2026-07-16T03:19:38Z</time>
   </trkpt>
   <trkpt lat="37.4638590" lon="127.0405510">
    <ele>16.0</ele>
    <time>2026-07-16T03:19:39Z</time>
   </trkpt>
   <trkpt lat="37.4638980" lon="127.0405010">
    <ele>16.2</ele>
    <time>2026-07-16T03:19:40Z</time>
   </trkpt>
   <trkpt lat="37.4639410" lon="127.0404610">
    <ele>16.1</ele>
    <time>2026-07-16T03:19:41Z</time>
   </trkpt>
   <trkpt lat="37.4640210" lon="127.0403770">
    <ele>16.5</ele>
    <time>2026-07-16T03:19:42Z</time>
   </trkpt>
   <trkpt lat="37.4640770" lon="127.0403340">
    <ele>16.9</ele>
    <time>2026-07-16T03:19:43Z</time>
   </trkpt>
   <trkpt lat="37.4641340" lon="127.0402800">
    <ele>17.6</ele>
    <time>2026-07-16T03:19:44Z</time>
   </trkpt>
   <trkpt lat="37.4641500" lon="127.0402230">
    <ele>19.1</ele>
    <time>2026-07-16T03:19:45Z</time>
   </trkpt>
   <trkpt lat="37.4641870" lon="127.0402730">
    <ele>18.4</ele>
    <time>2026-07-16T03:19:46Z</time>
   </trkpt>
   <trkpt lat="37.4642460" lon="127.0402390">
    <ele>18.7</ele>
    <time>2026-07-16T03:19:47Z</time>
   </trkpt>
   <trkpt lat="37.4642890" lon="127.0401900">
    <ele>20.6</ele>
    <time>2026-07-16T03:19:48Z</time>
   </trkpt>
   <trkpt lat="37.4643280" lon="127.0401410">
    <ele>21.8</ele>
    <time>2026-07-16T03:19:49Z</time>
   </trkpt>
   <trkpt lat="37.4643790" lon="127.0400990">
    <ele>23.6</ele>
    <time>2026-07-16T03:19:50Z</time>
   </trkpt>
   <trkpt lat="37.4644250" lon="127.0400550">
    <ele>24.5</ele>
    <time>2026-07-16T03:19:51Z</time>
   </trkpt>
   <trkpt lat="37.4644670" lon="127.0400170">
    <ele>25.2</ele>
    <time>2026-07-16T03:19:52Z</time>
   </trkpt>
   <trkpt lat="37.4645050" lon="127.0399790">
    <ele>25.7</ele>
    <time>2026-07-16T03:19:53Z</time>
   </trkpt>
   <trkpt lat="37.4645440" lon="127.0399420">
    <ele>26.0</ele>
    <time>2026-07-16T03:19:54Z</time>
   </trkpt>
   <trkpt lat="37.4645820" lon="127.0399150">
    <ele>26.2</ele>
    <time>2026-07-16T03:19:55Z</time>
   </trkpt>
   <trkpt lat="37.4646120" lon="127.0398870">
    <ele>26.3</ele>
    <time>2026-07-16T03:19:56Z</time>
   </trkpt>
   <trkpt lat="37.4646450" lon="127.0398550">
    <ele>26.4</ele>
    <time>2026-07-16T03:19:57Z</time>
   </trkpt>
   <trkpt lat="37.4646770" lon="127.0398230">
    <ele>26.7</ele>
    <time>2026-07-16T03:19:58Z</time>
   </trkpt>
   <trkpt lat="37.4647160" lon="127.0397800">
    <ele>27.1</ele>
    <time>2026-07-16T03:19:59Z</time>
   </trkpt>
   <trkpt lat="37.4647660" lon="127.0397370">
    <ele>27.2</ele>
    <time>2026-07-16T03:20:00Z</time>
   </trkpt>
   <trkpt lat="37.4648000" lon="127.0397100">
    <ele>26.9</ele>
    <time>2026-07-16T03:20:01Z</time>
   </trkpt>
   <trkpt lat="37.4648180" lon="127.0396940">
    <ele>26.7</ele>
    <time>2026-07-16T03:20:02Z</time>
   </trkpt>
   <trkpt lat="37.4648380" lon="127.0396790">
    <ele>26.6</ele>
    <time>2026-07-16T03:20:03Z</time>
   </trkpt>
   <trkpt lat="37.4648620" lon="127.0396480">
    <ele>25.9</ele>
    <time>2026-07-16T03:20:05Z</time>
   </trkpt>
   <trkpt lat="37.4648880" lon="127.0396170">
    <ele>25.3</ele>
    <time>2026-07-16T03:20:06Z</time>
   </trkpt>
   <trkpt lat="37.4649180" lon="127.0395880">
    <ele>24.7</ele>
    <time>2026-07-16T03:20:07Z</time>
   </trkpt>
   <trkpt lat="37.4647980" lon="127.0391600">
    <ele>25.8</ele>
    <time>2026-07-16T03:25:38Z</time>
   </trkpt>
   <trkpt lat="37.4647960" lon="127.0391520">
    <ele>25.8</ele>
    <time>2026-07-16T03:25:44Z</time>
   </trkpt>
   <trkpt lat="37.4653580" lon="127.0384730">
    <ele>21.9</ele>
    <time>2026-07-16T03:25:47Z</time>
   </trkpt>
   <trkpt lat="37.4653600" lon="127.0390100">
    <ele>25.5</ele>
    <time>2026-07-16T03:25:48Z</time>
   </trkpt>
   <trkpt lat="37.4654880" lon="127.0391080">
    <ele>24.3</ele>
    <time>2026-07-16T03:25:49Z</time>
   </trkpt>
   <trkpt lat="37.4655430" lon="127.0390450">
    <ele>24.3</ele>
    <time>2026-07-16T03:25:50Z</time>
   </trkpt>
   <trkpt lat="37.4655830" lon="127.0390190">
    <ele>24.4</ele>
    <time>2026-07-16T03:25:51Z</time>
   </trkpt>
   <trkpt lat="37.4656240" lon="127.0389900">
    <ele>24.4</ele>
    <time>2026-07-16T03:25:52Z</time>
   </trkpt>
   <trkpt lat="37.4656660" lon="127.0389460">
    <ele>24.5</ele>
    <time>2026-07-16T03:25:53Z</time>
   </trkpt>
   <trkpt lat="37.4657140" lon="127.0389080">
    <ele>24.5</ele>
    <time>2026-07-16T03:25:54Z</time>
   </trkpt>
   <trkpt lat="37.4657570" lon="127.0388720">
    <ele>24.5</ele>
    <time>2026-07-16T03:25:55Z</time>
   </trkpt>
   <trkpt lat="37.4658030" lon="127.0388390">
    <ele>24.5</ele>
    <time>2026-07-16T03:25:56Z</time>
   </trkpt>
   <trkpt lat="37.4658560" lon="127.0388130">
    <ele>24.6</ele>
    <time>2026-07-16T03:25:57Z</time>
   </trkpt>
   <trkpt lat="37.4659060" lon="127.0387910">
    <ele>24.6</ele>
    <time>2026-07-16T03:25:58Z</time>
   </trkpt>
   <trkpt lat="37.4659600" lon="127.0387750">
    <ele>24.6</ele>
    <time>2026-07-16T03:25:59Z</time>
   </trkpt>
   <trkpt lat="37.4660100" lon="127.0387560">
    <ele>24.7</ele>
    <time>2026-07-16T03:26:00Z</time>
   </trkpt>
   <trkpt lat="37.4660640" lon="127.0387350">
    <ele>24.7</ele>
    <time>2026-07-16T03:26:01Z</time>
   </trkpt>
   <trkpt lat="37.4661180" lon="127.0387190">
    <ele>24.7</ele>
    <time>2026-07-16T03:26:02Z</time>
   </trkpt>
   <trkpt lat="37.4661680" lon="127.0387080">
    <ele>24.7</ele>
    <time>2026-07-16T03:26:03Z</time>
   </trkpt>
   <trkpt lat="37.4662200" lon="127.0386930">
    <ele>24.7</ele>
    <time>2026-07-16T03:26:04Z</time>
   </trkpt>
   <trkpt lat="37.4662700" lon="127.0386820">
    <ele>24.7</ele>
    <time>2026-07-16T03:26:05Z</time>
   </trkpt>
   <trkpt lat="37.4663180" lon="127.0386750">
    <ele>24.7</ele>
    <time>2026-07-16T03:26:06Z</time>
   </trkpt>
   <trkpt lat="37.4663700" lon="127.0386640">
    <ele>24.8</ele>
    <time>2026-07-16T03:26:07Z</time>
   </trkpt>
   <trkpt lat="37.4664260" lon="127.0386520">
    <ele>24.8</ele>
    <time>2026-07-16T03:26:08Z</time>
   </trkpt>
   <trkpt lat="37.4664820" lon="127.0386430">
    <ele>24.8</ele>
    <time>2026-07-16T03:26:09Z</time>
   </trkpt>
   <trkpt lat="37.4665370" lon="127.0386330">
    <ele>24.8</ele>
    <time>2026-07-16T03:26:10Z</time>
   </trkpt>
   <trkpt lat="37.4665930" lon="127.0386250">
    <ele>24.9</ele>
    <time>2026-07-16T03:26:11Z</time>
   </trkpt>
   <trkpt lat="37.4666490" lon="127.0386180">
    <ele>24.9</ele>
    <time>2026-07-16T03:26:12Z</time>
   </trkpt>
   <trkpt lat="37.4667070" lon="127.0386110">
    <ele>25.0</ele>
    <time>2026-07-16T03:26:13Z</time>
   </trkpt>
   <trkpt lat="37.4667610" lon="127.0386040">
    <ele>25.0</ele>
    <time>2026-07-16T03:26:14Z</time>
   </trkpt>
   <trkpt lat="37.4668180" lon="127.0386000">
    <ele>25.1</ele>
    <time>2026-07-16T03:26:15Z</time>
   </trkpt>
   <trkpt lat="37.4668710" lon="127.0385930">
    <ele>25.1</ele>
    <time>2026-07-16T03:26:16Z</time>
   </trkpt>
   <trkpt lat="37.4669280" lon="127.0385870">
    <ele>25.2</ele>
    <time>2026-07-16T03:26:17Z</time>
   </trkpt>
   <trkpt lat="37.4669980" lon="127.0385810">
    <ele>25.2</ele>
    <time>2026-07-16T03:26:18Z</time>
   </trkpt>
   <trkpt lat="37.4670490" lon="127.0385690">
    <ele>25.3</ele>
    <time>2026-07-16T03:26:19Z</time>
   </trkpt>
   <trkpt lat="37.4671040" lon="127.0385580">
    <ele>25.3</ele>
    <time>2026-07-16T03:26:20Z</time>
   </trkpt>
   <trkpt lat="37.4671580" lon="127.0385500">
    <ele>25.4</ele>
    <time>2026-07-16T03:26:21Z</time>
   </trkpt>
   <trkpt lat="37.4672140" lon="127.0385380">
    <ele>25.4</ele>
    <time>2026-07-16T03:26:22Z</time>
   </trkpt>
   <trkpt lat="37.4672660" lon="127.0385310">
    <ele>25.4</ele>
    <time>2026-07-16T03:26:23Z</time>
   </trkpt>
   <trkpt lat="37.4672960" lon="127.0385240">
    <ele>25.5</ele>
    <time>2026-07-16T03:26:24Z</time>
   </trkpt>
   <trkpt lat="37.4672930" lon="127.0385280">
    <ele>25.5</ele>
    <time>2026-07-16T03:26:25Z</time>
   </trkpt>
   <trkpt lat="37.4672810" lon="127.0385230">
    <ele>25.5</ele>
    <time>2026-07-16T03:26:26Z</time>
   </trkpt>
   <trkpt lat="37.4672790" lon="127.0385270">
    <ele>25.5</ele>
    <time>2026-07-16T03:26:27Z</time>
   </trkpt>
   <trkpt lat="37.4672800" lon="127.0385260">
    <ele>25.5</ele>
    <time>2026-07-16T03:26:28Z</time>
   </trkpt>
   <trkpt lat="37.4672770" lon="127.0385260">
    <ele>25.5</ele>
    <time>2026-07-16T03:26:29Z</time>
   </trkpt>
   <trkpt lat="37.4672770" lon="127.0385260">
    <ele>25.5</ele>
    <time>2026-07-16T03:26:30Z</time>
   </trkpt>
   <trkpt lat="37.4672770" lon="127.0385260">
    <ele>25.5</ele>
    <time>2026-07-16T03:26:31Z</time>
   </trkpt>
   <trkpt lat="37.4672770" lon="127.0385260">
    <ele>25.5</ele>
    <time>2026-07-16T03:26:32Z</time>
   </trkpt>
   <trkpt lat="37.4672770" lon="127.0385260">
    <ele>25.5</ele>
    <time>2026-07-16T03:26:33Z</time>
   </trkpt>
   <trkpt lat="37.4672770" lon="127.0385260">
    <ele>25.5</ele>
    <time>2026-07-16T03:26:34Z</time>
   </trkpt>
   <trkpt lat="37.4672770" lon="127.0385260">
    <ele>25.5</ele>
    <time>2026-07-16T03:26:35Z</time>
   </trkpt>
   <trkpt lat="37.4672770" lon="127.0385260">
    <ele>25.5</ele>
    <time>2026-07-16T03:26:36Z</time>
   </trkpt>
   <trkpt lat="37.4672770" lon="127.0385260">
    <ele>25.5</ele>
    <time>2026-07-16T03:26:37Z</time>
   </trkpt>
   <trkpt lat="37.4672770" lon="127.0385260">
    <ele>25.5</ele>
    <time>2026-07-16T03:26:38Z</time>
   </trkpt>
   <trkpt lat="37.4672770" lon="127.0385260">
    <ele>25.5</ele>
    <time>2026-07-16T03:26:39Z</time>
   </trkpt>
   <trkpt lat="37.4672770" lon="127.0385260">
    <ele>25.5</ele>
    <time>2026-07-16T03:26:40Z</time>
   </trkpt>
   <trkpt lat="37.4672720" lon="127.0385270">
    <ele>25.5</ele>
    <time>2026-07-16T03:26:41Z</time>
   </trkpt>
   <trkpt lat="37.4672710" lon="127.0385260">
    <ele>25.5</ele>
    <time>2026-07-16T03:26:42Z</time>
   </trkpt>
   <trkpt lat="37.4672730" lon="127.0385290">
    <ele>25.5</ele>
    <time>2026-07-16T03:26:43Z</time>
   </trkpt>
   <trkpt lat="37.4672760" lon="127.0385280">
    <ele>25.5</ele>
    <time>2026-07-16T03:26:44Z</time>
   </trkpt>
   <trkpt lat="37.4672800" lon="127.0385250">
    <ele>25.5</ele>
    <time>2026-07-16T03:26:45Z</time>
   </trkpt>
   <trkpt lat="37.4672980" lon="127.0385200">
    <ele>25.5</ele>
    <time>2026-07-16T03:26:46Z</time>
   </trkpt>
   <trkpt lat="37.4673170" lon="127.0385160">
    <ele>25.5</ele>
    <time>2026-07-16T03:26:47Z</time>
   </trkpt>
   <trkpt lat="37.4673400" lon="127.0385150">
    <ele>25.6</ele>
    <time>2026-07-16T03:26:48Z</time>
   </trkpt>
   <trkpt lat="37.4673710" lon="127.0385220">
    <ele>25.6</ele>
    <time>2026-07-16T03:26:49Z</time>
   </trkpt>
   <trkpt lat="37.4673980" lon="127.0385140">
    <ele>25.6</ele>
    <time>2026-07-16T03:26:50Z</time>
   </trkpt>
   <trkpt lat="37.4674260" lon="127.0384980">
    <ele>25.6</ele>
    <time>2026-07-16T03:26:51Z</time>
   </trkpt>
   <trkpt lat="37.4674490" lon="127.0384920">
    <ele>25.6</ele>
    <time>2026-07-16T03:26:52Z</time>
   </trkpt>
   <trkpt lat="37.4674760" lon="127.0384940">
    <ele>25.6</ele>
    <time>2026-07-16T03:26:53Z</time>
   </trkpt>
   <trkpt lat="37.4674980" lon="127.0384860">
    <ele>25.7</ele>
    <time>2026-07-16T03:26:54Z</time>
   </trkpt>
   <trkpt lat="37.4675200" lon="127.0384850">
    <ele>25.7</ele>
    <time>2026-07-16T03:26:55Z</time>
   </trkpt>
   <trkpt lat="37.4675380" lon="127.0384890">
    <ele>25.7</ele>
    <time>2026-07-16T03:26:56Z</time>
   </trkpt>
   <trkpt lat="37.4675640" lon="127.0384810">
    <ele>25.7</ele>
    <time>2026-07-16T03:26:57Z</time>
   </trkpt>
   <trkpt lat="37.4675980" lon="127.0384720">
    <ele>25.7</ele>
    <time>2026-07-16T03:26:58Z</time>
   </trkpt>
   <trkpt lat="37.4676410" lon="127.0384650">
    <ele>25.6</ele>
    <time>2026-07-16T03:26:59Z</time>
   </trkpt>
   <trkpt lat="37.4676900" lon="127.0384630">
    <ele>25.6</ele>
    <time>2026-07-16T03:27:00Z</time>
   </trkpt>
   <trkpt lat="37.4677360" lon="127.0384680">
    <ele>25.5</ele>
    <time>2026-07-16T03:27:01Z</time>
   </trkpt>
   <trkpt lat="37.4677810" lon="127.0384700">
    <ele>25.5</ele>
    <time>2026-07-16T03:27:02Z</time>
   </trkpt>
   <trkpt lat="37.4678360" lon="127.0384700">
    <ele>25.5</ele>
    <time>2026-07-16T03:27:03Z</time>
   </trkpt>
   <trkpt lat="37.4678900" lon="127.0384630">
    <ele>25.4</ele>
    <time>2026-07-16T03:27:04Z</time>
   </trkpt>
   <trkpt lat="37.4679470" lon="127.0384580">
    <ele>25.4</ele>
    <time>2026-07-16T03:27:05Z</time>
   </trkpt>
   <trkpt lat="37.4680030" lon="127.0384550">
    <ele>25.3</ele>
    <time>2026-07-16T03:27:06Z</time>
   </trkpt>
   <trkpt lat="37.4680600" lon="127.0384500">
    <ele>25.3</ele>
    <time>2026-07-16T03:27:07Z</time>
   </trkpt>
   <trkpt lat="37.4681170" lon="127.0384450">
    <ele>25.2</ele>
    <time>2026-07-16T03:27:08Z</time>
   </trkpt>
   <trkpt lat="37.4681750" lon="127.0384430">
    <ele>25.2</ele>
    <time>2026-07-16T03:27:09Z</time>
   </trkpt>
   <trkpt lat="37.4682300" lon="127.0384360">
    <ele>25.1</ele>
    <time>2026-07-16T03:27:10Z</time>
   </trkpt>
   <trkpt lat="37.4682870" lon="127.0384330">
    <ele>25.1</ele>
    <time>2026-07-16T03:27:11Z</time>
   </trkpt>
   <trkpt lat="37.4683450" lon="127.0384290">
    <ele>25.1</ele>
    <time>2026-07-16T03:27:12Z</time>
   </trkpt>
   <trkpt lat="37.4684040" lon="127.0384200">
    <ele>25.1</ele>
    <time>2026-07-16T03:27:13Z</time>
   </trkpt>
   <trkpt lat="37.4684540" lon="127.0384150">
    <ele>25.1</ele>
    <time>2026-07-16T03:27:14Z</time>
   </trkpt>
   <trkpt lat="37.4685120" lon="127.0384110">
    <ele>25.1</ele>
    <time>2026-07-16T03:27:15Z</time>
   </trkpt>
   <trkpt lat="37.4685680" lon="127.0384060">
    <ele>25.1</ele>
    <time>2026-07-16T03:27:16Z</time>
   </trkpt>
   <trkpt lat="37.4686240" lon="127.0383980">
    <ele>25.1</ele>
    <time>2026-07-16T03:27:17Z</time>
   </trkpt>
   <trkpt lat="37.4686800" lon="127.0383910">
    <ele>25.1</ele>
    <time>2026-07-16T03:27:18Z</time>
   </trkpt>
   <trkpt lat="37.4687360" lon="127.0383810">
    <ele>25.0</ele>
    <time>2026-07-16T03:27:19Z</time>
   </trkpt>
   <trkpt lat="37.4687920" lon="127.0383780">
    <ele>25.0</ele>
    <time>2026-07-16T03:27:20Z</time>
   </trkpt>
   <trkpt lat="37.4688470" lon="127.0383780">
    <ele>25.0</ele>
    <time>2026-07-16T03:27:21Z</time>
   </trkpt>
   <trkpt lat="37.4689030" lon="127.0383760">
    <ele>25.0</ele>
    <time>2026-07-16T03:27:22Z</time>
   </trkpt>
   <trkpt lat="37.4689600" lon="127.0383750">
    <ele>25.0</ele>
    <time>2026-07-16T03:27:23Z</time>
   </trkpt>
   <trkpt lat="37.4690170" lon="127.0383680">
    <ele>25.0</ele>
    <time>2026-07-16T03:27:24Z</time>
   </trkpt>
   <trkpt lat="37.4690750" lon="127.0383570">
    <ele>24.9</ele>
    <time>2026-07-16T03:27:25Z</time>
   </trkpt>
   <trkpt lat="37.4691310" lon="127.0383430">
    <ele>24.9</ele>
    <time>2026-07-16T03:27:26Z</time>
   </trkpt>
   <trkpt lat="37.4691780" lon="127.0383240">
    <ele>24.9</ele>
    <time>2026-07-16T03:27:27Z</time>
   </trkpt>
   <trkpt lat="37.4692270" lon="127.0383190">
    <ele>24.9</ele>
    <time>2026-07-16T03:27:28Z</time>
   </trkpt>
   <trkpt lat="37.4692830" lon="127.0383100">
    <ele>24.8</ele>
    <time>2026-07-16T03:27:29Z</time>
   </trkpt>
   <trkpt lat="37.4693340" lon="127.0383040">
    <ele>24.8</ele>
    <time>2026-07-16T03:27:30Z</time>
   </trkpt>
   <trkpt lat="37.4693950" lon="127.0382890">
    <ele>24.7</ele>
    <time>2026-07-16T03:27:31Z</time>
   </trkpt>
   <trkpt lat="37.4694380" lon="127.0383010">
    <ele>24.6</ele>
    <time>2026-07-16T03:27:32Z</time>
   </trkpt>
   <trkpt lat="37.4694780" lon="127.0383130">
    <ele>24.6</ele>
    <time>2026-07-16T03:27:33Z</time>
   </trkpt>
   <trkpt lat="37.4695150" lon="127.0383240">
    <ele>24.5</ele>
    <time>2026-07-16T03:27:34Z</time>
   </trkpt>
   <trkpt lat="37.4695770" lon="127.0383440">
    <ele>24.5</ele>
    <time>2026-07-16T03:27:35Z</time>
   </trkpt>
   <trkpt lat="37.4696630" lon="127.0382790">
    <ele>24.5</ele>
    <time>2026-07-16T03:27:36Z</time>
   </trkpt>
   <trkpt lat="37.4697220" lon="127.0382710">
    <ele>24.6</ele>
    <time>2026-07-16T03:27:37Z</time>
   </trkpt>
   <trkpt lat="37.4697780" lon="127.0382610">
    <ele>24.8</ele>
    <time>2026-07-16T03:27:38Z</time>
   </trkpt>
   <trkpt lat="37.4698380" lon="127.0382550">
    <ele>24.9</ele>
    <time>2026-07-16T03:27:39Z</time>
   </trkpt>
   <trkpt lat="37.4698980" lon="127.0382480">
    <ele>25.1</ele>
    <time>2026-07-16T03:27:40Z</time>
   </trkpt>
   <trkpt lat="37.4699550" lon="127.0382370">
    <ele>25.3</ele>
    <time>2026-07-16T03:27:41Z</time>
   </trkpt>
   <trkpt lat="37.4700080" lon="127.0382320">
    <ele>25.5</ele>
    <time>2026-07-16T03:27:42Z</time>
   </trkpt>
   <trkpt lat="37.4700620" lon="127.0382210">
    <ele>25.7</ele>
    <time>2026-07-16T03:27:43Z</time>
   </trkpt>
   <trkpt lat="37.4701170" lon="127.0382090">
    <ele>25.8</ele>
    <time>2026-07-16T03:27:44Z</time>
   </trkpt>
   <trkpt lat="37.4701720" lon="127.0382030">
    <ele>25.9</ele>
    <time>2026-07-16T03:27:45Z</time>
   </trkpt>
   <trkpt lat="37.4702260" lon="127.0381960">
    <ele>26.0</ele>
    <time>2026-07-16T03:27:46Z</time>
   </trkpt>
   <trkpt lat="37.4702810" lon="127.0381910">
    <ele>26.0</ele>
    <time>2026-07-16T03:27:47Z</time>
   </trkpt>
   <trkpt lat="37.4703370" lon="127.0381810">
    <ele>26.0</ele>
    <time>2026-07-16T03:27:48Z</time>
   </trkpt>
   <trkpt lat="37.4703930" lon="127.0381740">
    <ele>26.0</ele>
    <time>2026-07-16T03:27:49Z</time>
   </trkpt>
   <trkpt lat="37.4704470" lon="127.0381600">
    <ele>26.0</ele>
    <time>2026-07-16T03:27:50Z</time>
   </trkpt>
   <trkpt lat="37.4705050" lon="127.0381560">
    <ele>26.0</ele>
    <time>2026-07-16T03:27:51Z</time>
   </trkpt>
   <trkpt lat="37.4705620" lon="127.0381460">
    <ele>26.0</ele>
    <time>2026-07-16T03:27:52Z</time>
   </trkpt>
   <trkpt lat="37.4706160" lon="127.0381380">
    <ele>26.0</ele>
    <time>2026-07-16T03:27:53Z</time>
   </trkpt>
   <trkpt lat="37.4706690" lon="127.0381230">
    <ele>25.9</ele>
    <time>2026-07-16T03:27:54Z</time>
   </trkpt>
   <trkpt lat="37.4707250" lon="127.0381210">
    <ele>25.9</ele>
    <time>2026-07-16T03:27:55Z</time>
   </trkpt>
   <trkpt lat="37.4707840" lon="127.0381140">
    <ele>25.9</ele>
    <time>2026-07-16T03:27:56Z</time>
   </trkpt>
   <trkpt lat="37.4708380" lon="127.0381000">
    <ele>25.9</ele>
    <time>2026-07-16T03:27:57Z</time>
   </trkpt>
   <trkpt lat="37.4708940" lon="127.0380880">
    <ele>25.8</ele>
    <time>2026-07-16T03:27:58Z</time>
   </trkpt>
   <trkpt lat="37.4709500" lon="127.0380800">
    <ele>25.8</ele>
    <time>2026-07-16T03:27:59Z</time>
   </trkpt>
   <trkpt lat="37.4710090" lon="127.0380690">
    <ele>25.7</ele>
    <time>2026-07-16T03:28:00Z</time>
   </trkpt>
   <trkpt lat="37.4710640" lon="127.0380620">
    <ele>25.7</ele>
    <time>2026-07-16T03:28:01Z</time>
   </trkpt>
   <trkpt lat="37.4711230" lon="127.0380600">
    <ele>25.6</ele>
    <time>2026-07-16T03:28:02Z</time>
   </trkpt>
   <trkpt lat="37.4711780" lon="127.0380570">
    <ele>25.6</ele>
    <time>2026-07-16T03:28:03Z</time>
   </trkpt>
   <trkpt lat="37.4712370" lon="127.0380450">
    <ele>25.5</ele>
    <time>2026-07-16T03:28:04Z</time>
   </trkpt>
   <trkpt lat="37.4712920" lon="127.0380370">
    <ele>25.5</ele>
    <time>2026-07-16T03:28:05Z</time>
   </trkpt>
   <trkpt lat="37.4713490" lon="127.0380310">
    <ele>25.4</ele>
    <time>2026-07-16T03:28:06Z</time>
   </trkpt>
   <trkpt lat="37.4714050" lon="127.0380180">
    <ele>25.4</ele>
    <time>2026-07-16T03:28:07Z</time>
   </trkpt>
   <trkpt lat="37.4714620" lon="127.0380090">
    <ele>25.4</ele>
    <time>2026-07-16T03:28:08Z</time>
   </trkpt>
   <trkpt lat="37.4715200" lon="127.0379970">
    <ele>25.3</ele>
    <time>2026-07-16T03:28:09Z</time>
   </trkpt>
   <trkpt lat="37.4715720" lon="127.0379960">
    <ele>25.3</ele>
    <time>2026-07-16T03:28:10Z</time>
   </trkpt>
   <trkpt lat="37.4716290" lon="127.0379820">
    <ele>25.3</ele>
    <time>2026-07-16T03:28:11Z</time>
   </trkpt>
   <trkpt lat="37.4716870" lon="127.0379610">
    <ele>25.3</ele>
    <time>2026-07-16T03:28:12Z</time>
   </trkpt>
   <trkpt lat="37.4717440" lon="127.0379470">
    <ele>25.2</ele>
    <time>2026-07-16T03:28:13Z</time>
   </trkpt>
   <trkpt lat="37.4718000" lon="127.0379440">
    <ele>25.2</ele>
    <time>2026-07-16T03:28:14Z</time>
   </trkpt>
   <trkpt lat="37.4718580" lon="127.0379350">
    <ele>25.2</ele>
    <time>2026-07-16T03:28:15Z</time>
   </trkpt>
   <trkpt lat="37.4719130" lon="127.0379290">
    <ele>25.2</ele>
    <time>2026-07-16T03:28:16Z</time>
   </trkpt>
   <trkpt lat="37.4719710" lon="127.0379180">
    <ele>25.1</ele>
    <time>2026-07-16T03:28:17Z</time>
   </trkpt>
   <trkpt lat="37.4720300" lon="127.0379120">
    <ele>25.1</ele>
    <time>2026-07-16T03:28:18Z</time>
   </trkpt>
   <trkpt lat="37.4720920" lon="127.0379050">
    <ele>25.0</ele>
    <time>2026-07-16T03:28:19Z</time>
   </trkpt>
   <trkpt lat="37.4721530" lon="127.0378910">
    <ele>25.0</ele>
    <time>2026-07-16T03:28:20Z</time>
   </trkpt>
   <trkpt lat="37.4722090" lon="127.0378830">
    <ele>24.9</ele>
    <time>2026-07-16T03:28:21Z</time>
   </trkpt>
   <trkpt lat="37.4722680" lon="127.0378730">
    <ele>24.9</ele>
    <time>2026-07-16T03:28:22Z</time>
   </trkpt>
   <trkpt lat="37.4723240" lon="127.0378630">
    <ele>24.7</ele>
    <time>2026-07-16T03:28:23Z</time>
   </trkpt>
   <trkpt lat="37.4723820" lon="127.0378530">
    <ele>24.6</ele>
    <time>2026-07-16T03:28:24Z</time>
   </trkpt>
   <trkpt lat="37.4724420" lon="127.0378410">
    <ele>24.4</ele>
    <time>2026-07-16T03:28:25Z</time>
   </trkpt>
   <trkpt lat="37.4724950" lon="127.0378350">
    <ele>24.3</ele>
    <time>2026-07-16T03:28:26Z</time>
   </trkpt>
   <trkpt lat="37.4725530" lon="127.0378270">
    <ele>24.1</ele>
    <time>2026-07-16T03:28:27Z</time>
   </trkpt>
   <trkpt lat="37.4726040" lon="127.0378180">
    <ele>23.9</ele>
    <time>2026-07-16T03:28:28Z</time>
   </trkpt>
   <trkpt lat="37.4726540" lon="127.0378100">
    <ele>23.7</ele>
    <time>2026-07-16T03:28:29Z</time>
   </trkpt>
   <trkpt lat="37.4727060" lon="127.0378010">
    <ele>23.6</ele>
    <time>2026-07-16T03:28:30Z</time>
   </trkpt>
   <trkpt lat="37.4727600" lon="127.0377750">
    <ele>23.4</ele>
    <time>2026-07-16T03:28:31Z</time>
   </trkpt>
   <trkpt lat="37.4728240" lon="127.0377760">
    <ele>23.3</ele>
    <time>2026-07-16T03:28:32Z</time>
   </trkpt>
   <trkpt lat="37.4728770" lon="127.0377820">
    <ele>23.1</ele>
    <time>2026-07-16T03:28:33Z</time>
   </trkpt>
   <trkpt lat="37.4729240" lon="127.0377860">
    <ele>23.0</ele>
    <time>2026-07-16T03:28:34Z</time>
   </trkpt>
   <trkpt lat="37.4729730" lon="127.0377920">
    <ele>22.9</ele>
    <time>2026-07-16T03:28:35Z</time>
   </trkpt>
   <trkpt lat="37.4730270" lon="127.0377880">
    <ele>22.8</ele>
    <time>2026-07-16T03:28:36Z</time>
   </trkpt>
   <trkpt lat="37.4730830" lon="127.0377890">
    <ele>22.7</ele>
    <time>2026-07-16T03:28:37Z</time>
   </trkpt>
   <trkpt lat="37.4731420" lon="127.0377870">
    <ele>22.5</ele>
    <time>2026-07-16T03:28:38Z</time>
   </trkpt>
   <trkpt lat="37.4731970" lon="127.0377890">
    <ele>22.4</ele>
    <time>2026-07-16T03:28:39Z</time>
   </trkpt>
   <trkpt lat="37.4732510" lon="127.0377880">
    <ele>22.3</ele>
    <time>2026-07-16T03:28:40Z</time>
   </trkpt>
   <trkpt lat="37.4732860" lon="127.0377910">
    <ele>22.2</ele>
    <time>2026-07-16T03:28:41Z</time>
   </trkpt>
   <trkpt lat="37.4733180" lon="127.0377960">
    <ele>22.1</ele>
    <time>2026-07-16T03:28:42Z</time>
   </trkpt>
   <trkpt lat="37.4733650" lon="127.0377690">
    <ele>22.0</ele>
    <time>2026-07-16T03:28:43Z</time>
   </trkpt>
   <trkpt lat="37.4733580" lon="127.0377010">
    <ele>22.0</ele>
    <time>2026-07-16T03:28:44Z</time>
   </trkpt>
   <trkpt lat="37.4733520" lon="127.0376580">
    <ele>22.0</ele>
    <time>2026-07-16T03:28:45Z</time>
   </trkpt>
   <trkpt lat="37.4733660" lon="127.0376090">
    <ele>22.0</ele>
    <time>2026-07-16T03:28:46Z</time>
   </trkpt>
   <trkpt lat="37.4733850" lon="127.0375590">
    <ele>22.0</ele>
    <time>2026-07-16T03:28:47Z</time>
   </trkpt>
   <trkpt lat="37.4734000" lon="127.0375030">
    <ele>22.0</ele>
    <time>2026-07-16T03:28:48Z</time>
   </trkpt>
   <trkpt lat="37.4734300" lon="127.0374480">
    <ele>22.0</ele>
    <time>2026-07-16T03:28:49Z</time>
   </trkpt>
   <trkpt lat="37.4734430" lon="127.0373830">
    <ele>22.0</ele>
    <time>2026-07-16T03:28:50Z</time>
   </trkpt>
   <trkpt lat="37.4734540" lon="127.0373150">
    <ele>22.0</ele>
    <time>2026-07-16T03:28:51Z</time>
   </trkpt>
   <trkpt lat="37.4734720" lon="127.0372490">
    <ele>21.9</ele>
    <time>2026-07-16T03:28:52Z</time>
   </trkpt>
   <trkpt lat="37.4734970" lon="127.0371970">
    <ele>21.9</ele>
    <time>2026-07-16T03:28:53Z</time>
   </trkpt>
   <trkpt lat="37.4735470" lon="127.0371590">
    <ele>21.9</ele>
    <time>2026-07-16T03:28:54Z</time>
   </trkpt>
   <trkpt lat="37.4736080" lon="127.0371090">
    <ele>21.9</ele>
    <time>2026-07-16T03:28:55Z</time>
   </trkpt>
   <trkpt lat="37.4736490" lon="127.0370720">
    <ele>21.8</ele>
    <time>2026-07-16T03:28:56Z</time>
   </trkpt>
   <trkpt lat="37.4736640" lon="127.0370070">
    <ele>21.8</ele>
    <time>2026-07-16T03:28:57Z</time>
   </trkpt>
   <trkpt lat="37.4736400" lon="127.0369280">
    <ele>21.8</ele>
    <time>2026-07-16T03:28:58Z</time>
   </trkpt>
   <trkpt lat="37.4736280" lon="127.0368530">
    <ele>21.8</ele>
    <time>2026-07-16T03:28:59Z</time>
   </trkpt>
   <trkpt lat="37.4736100" lon="127.0367860">
    <ele>21.8</ele>
    <time>2026-07-16T03:29:00Z</time>
   </trkpt>
   <trkpt lat="37.4735940" lon="127.0367190">
    <ele>21.8</ele>
    <time>2026-07-16T03:29:01Z</time>
   </trkpt>
   <trkpt lat="37.4735790" lon="127.0366530">
    <ele>21.8</ele>
    <time>2026-07-16T03:29:02Z</time>
   </trkpt>
   <trkpt lat="37.4735640" lon="127.0365860">
    <ele>21.9</ele>
    <time>2026-07-16T03:29:03Z</time>
   </trkpt>
   <trkpt lat="37.4735500" lon="127.0365230">
    <ele>22.0</ele>
    <time>2026-07-16T03:29:04Z</time>
   </trkpt>
   <trkpt lat="37.4735520" lon="127.0364550">
    <ele>22.0</ele>
    <time>2026-07-16T03:29:05Z</time>
   </trkpt>
   <trkpt lat="37.4735820" lon="127.0364020">
    <ele>22.1</ele>
    <time>2026-07-16T03:29:06Z</time>
   </trkpt>
   <trkpt lat="37.4736330" lon="127.0363990">
    <ele>22.0</ele>
    <time>2026-07-16T03:29:07Z</time>
   </trkpt>
   <trkpt lat="37.4736790" lon="127.0364120">
    <ele>22.0</ele>
    <time>2026-07-16T03:29:08Z</time>
   </trkpt>
   <trkpt lat="37.4737110" lon="127.0364130">
    <ele>22.0</ele>
    <time>2026-07-16T03:29:09Z</time>
   </trkpt>
   <trkpt lat="37.4737490" lon="127.0364030">
    <ele>22.0</ele>
    <time>2026-07-16T03:29:10Z</time>
   </trkpt>
   <trkpt lat="37.4737600" lon="127.0364000">
    <ele>22.0</ele>
    <time>2026-07-16T03:29:11Z</time>
   </trkpt>
   <trkpt lat="37.4737480" lon="127.0364040">
    <ele>22.0</ele>
    <time>2026-07-16T03:29:12Z</time>
   </trkpt>
   <trkpt lat="37.4737440" lon="127.0364030">
    <ele>22.0</ele>
    <time>2026-07-16T03:29:13Z</time>
   </trkpt>
   <trkpt lat="37.4737450" lon="127.0364030">
    <ele>22.0</ele>
    <time>2026-07-16T03:29:14Z</time>
   </trkpt>
   <trkpt lat="37.4737440" lon="127.0364040">
    <ele>22.0</ele>
    <time>2026-07-16T03:29:15Z</time>
   </trkpt>
   <trkpt lat="37.4737440" lon="127.0364040">
    <ele>22.0</ele>
    <time>2026-07-16T03:29:16Z</time>
   </trkpt>
   <trkpt lat="37.4737430" lon="127.0364040">
    <ele>22.0</ele>
    <time>2026-07-16T03:29:17Z</time>
   </trkpt>
   <trkpt lat="37.4737420" lon="127.0364050">
    <ele>22.0</ele>
    <time>2026-07-16T03:29:18Z</time>
   </trkpt>
   <trkpt lat="37.4737420" lon="127.0364040">
    <ele>22.0</ele>
    <time>2026-07-16T03:29:19Z</time>
   </trkpt>
   <trkpt lat="37.4737410" lon="127.0364040">
    <ele>22.0</ele>
    <time>2026-07-16T03:29:20Z</time>
   </trkpt>
   <trkpt lat="37.4737420" lon="127.0364050">
    <ele>22.0</ele>
    <time>2026-07-16T03:29:21Z</time>
   </trkpt>
   <trkpt lat="37.4737420" lon="127.0364050">
    <ele>22.0</ele>
    <time>2026-07-16T03:29:22Z</time>
   </trkpt>
   <trkpt lat="37.4737410" lon="127.0364050">
    <ele>22.0</ele>
    <time>2026-07-16T03:29:23Z</time>
   </trkpt>
   <trkpt lat="37.4737410" lon="127.0364050">
    <ele>22.0</ele>
    <time>2026-07-16T03:29:24Z</time>
   </trkpt>
   <trkpt lat="37.4737400" lon="127.0364050">
    <ele>22.0</ele>
    <time>2026-07-16T03:29:25Z</time>
   </trkpt>
   <trkpt lat="37.4737410" lon="127.0364050">
    <ele>22.0</ele>
    <time>2026-07-16T03:29:26Z</time>
   </trkpt>
   <trkpt lat="37.4737400" lon="127.0364050">
    <ele>22.0</ele>
    <time>2026-07-16T03:29:27Z</time>
   </trkpt>
   <trkpt lat="37.4737410" lon="127.0364050">
    <ele>22.0</ele>
    <time>2026-07-16T03:29:28Z</time>
   </trkpt>
   <trkpt lat="37.4737410" lon="127.0364050">
    <ele>22.0</ele>
    <time>2026-07-16T03:29:29Z</time>
   </trkpt>
   <trkpt lat="37.4737410" lon="127.0364040">
    <ele>22.0</ele>
    <time>2026-07-16T03:29:30Z</time>
   </trkpt>
   <trkpt lat="37.4737430" lon="127.0364050">
    <ele>22.0</ele>
    <time>2026-07-16T03:29:31Z</time>
   </trkpt>
   <trkpt lat="37.4737430" lon="127.0364050">
    <ele>22.0</ele>
    <time>2026-07-16T03:29:32Z</time>
   </trkpt>
   <trkpt lat="37.4737430" lon="127.0364050">
    <ele>22.0</ele>
    <time>2026-07-16T03:29:33Z</time>
   </trkpt>
   <trkpt lat="37.4737430" lon="127.0364050">
    <ele>22.0</ele>
    <time>2026-07-16T03:29:34Z</time>
   </trkpt>
   <trkpt lat="37.4737430" lon="127.0364050">
    <ele>22.0</ele>
    <time>2026-07-16T03:29:35Z</time>
   </trkpt>
   <trkpt lat="37.4737420" lon="127.0364060">
    <ele>22.0</ele>
    <time>2026-07-16T03:29:36Z</time>
   </trkpt>
   <trkpt lat="37.4737420" lon="127.0364060">
    <ele>22.0</ele>
    <time>2026-07-16T03:29:37Z</time>
   </trkpt>
   <trkpt lat="37.4737420" lon="127.0364060">
    <ele>22.0</ele>
    <time>2026-07-16T03:29:38Z</time>
   </trkpt>
   <trkpt lat="37.4737420" lon="127.0364060">
    <ele>22.0</ele>
    <time>2026-07-16T03:29:39Z</time>
   </trkpt>
   <trkpt lat="37.4737430" lon="127.0364060">
    <ele>22.0</ele>
    <time>2026-07-16T03:29:40Z</time>
   </trkpt>
   <trkpt lat="37.4737420" lon="127.0364060">
    <ele>22.0</ele>
    <time>2026-07-16T03:29:41Z</time>
   </trkpt>
   <trkpt lat="37.4737430" lon="127.0364060">
    <ele>22.0</ele>
    <time>2026-07-16T03:29:42Z</time>
   </trkpt>
   <trkpt lat="37.4737440" lon="127.0364060">
    <ele>22.0</ele>
    <time>2026-07-16T03:29:43Z</time>
   </trkpt>
   <trkpt lat="37.4737420" lon="127.0364050">
    <ele>22.0</ele>
    <time>2026-07-16T03:29:44Z</time>
   </trkpt>
   <trkpt lat="37.4737440" lon="127.0364050">
    <ele>21.9</ele>
    <time>2026-07-16T03:29:45Z</time>
   </trkpt>
   <trkpt lat="37.4737440" lon="127.0364050">
    <ele>21.9</ele>
    <time>2026-07-16T03:29:46Z</time>
   </trkpt>
   <trkpt lat="37.4737440" lon="127.0364060">
    <ele>21.9</ele>
    <time>2026-07-16T03:29:47Z</time>
   </trkpt>
   <trkpt lat="37.4737440" lon="127.0364060">
    <ele>21.9</ele>
    <time>2026-07-16T03:29:48Z</time>
   </trkpt>
   <trkpt lat="37.4737440" lon="127.0364070">
    <ele>21.9</ele>
    <time>2026-07-16T03:29:49Z</time>
   </trkpt>
   <trkpt lat="37.4737440" lon="127.0364070">
    <ele>21.9</ele>
    <time>2026-07-16T03:29:50Z</time>
   </trkpt>
   <trkpt lat="37.4737440" lon="127.0364070">
    <ele>21.9</ele>
    <time>2026-07-16T03:29:51Z</time>
   </trkpt>
   <trkpt lat="37.4737440" lon="127.0364070">
    <ele>21.9</ele>
    <time>2026-07-16T03:29:52Z</time>
   </trkpt>
   <trkpt lat="37.4737440" lon="127.0364070">
    <ele>21.9</ele>
    <time>2026-07-16T03:29:53Z</time>
   </trkpt>
   <trkpt lat="37.4737440" lon="127.0364070">
    <ele>21.9</ele>
    <time>2026-07-16T03:29:54Z</time>
   </trkpt>
   <trkpt lat="37.4737440" lon="127.0364080">
    <ele>21.9</ele>
    <time>2026-07-16T03:29:55Z</time>
   </trkpt>
   <trkpt lat="37.4737440" lon="127.0364070">
    <ele>21.9</ele>
    <time>2026-07-16T03:29:56Z</time>
   </trkpt>
   <trkpt lat="37.4737460" lon="127.0364080">
    <ele>21.9</ele>
    <time>2026-07-16T03:29:57Z</time>
   </trkpt>
   <trkpt lat="37.4737500" lon="127.0364100">
    <ele>21.9</ele>
    <time>2026-07-16T03:29:58Z</time>
   </trkpt>
   <trkpt lat="37.4737570" lon="127.0364040">
    <ele>21.9</ele>
    <time>2026-07-16T03:29:59Z</time>
   </trkpt>
   <trkpt lat="37.4737730" lon="127.0363850">
    <ele>21.9</ele>
    <time>2026-07-16T03:30:00Z</time>
   </trkpt>
   <trkpt lat="37.4737880" lon="127.0363720">
    <ele>21.9</ele>
    <time>2026-07-16T03:30:01Z</time>
   </trkpt>
   <trkpt lat="37.4738110" lon="127.0363530">
    <ele>21.9</ele>
    <time>2026-07-16T03:30:02Z</time>
   </trkpt>
   <trkpt lat="37.4738230" lon="127.0363250">
    <ele>21.9</ele>
    <time>2026-07-16T03:30:03Z</time>
   </trkpt>
   <trkpt lat="37.4738290" lon="127.0362930">
    <ele>21.8</ele>
    <time>2026-07-16T03:30:04Z</time>
   </trkpt>
   <trkpt lat="37.4738240" lon="127.0362600">
    <ele>21.8</ele>
    <time>2026-07-16T03:30:05Z</time>
   </trkpt>
   <trkpt lat="37.4738100" lon="127.0362300">
    <ele>21.8</ele>
    <time>2026-07-16T03:30:06Z</time>
   </trkpt>
   <trkpt lat="37.4738000" lon="127.0361890">
    <ele>21.7</ele>
    <time>2026-07-16T03:30:07Z</time>
   </trkpt>
   <trkpt lat="37.4737870" lon="127.0361450">
    <ele>21.7</ele>
    <time>2026-07-16T03:30:08Z</time>
   </trkpt>
   <trkpt lat="37.4737720" lon="127.0361000">
    <ele>21.6</ele>
    <time>2026-07-16T03:30:09Z</time>
   </trkpt>
   <trkpt lat="37.4737630" lon="127.0360490">
    <ele>21.6</ele>
    <time>2026-07-16T03:30:10Z</time>
   </trkpt>
   <trkpt lat="37.4737530" lon="127.0359940">
    <ele>21.6</ele>
    <time>2026-07-16T03:30:11Z</time>
   </trkpt>
   <trkpt lat="37.4737380" lon="127.0359350">
    <ele>21.5</ele>
    <time>2026-07-16T03:30:12Z</time>
   </trkpt>
   <trkpt lat="37.4737250" lon="127.0358740">
    <ele>21.5</ele>
    <time>2026-07-16T03:30:13Z</time>
   </trkpt>
   <trkpt lat="37.4737120" lon="127.0358060">
    <ele>21.5</ele>
    <time>2026-07-16T03:30:14Z</time>
   </trkpt>
   <trkpt lat="37.4736940" lon="127.0357450">
    <ele>21.4</ele>
    <time>2026-07-16T03:30:15Z</time>
   </trkpt>
   <trkpt lat="37.4736820" lon="127.0356840">
    <ele>21.4</ele>
    <time>2026-07-16T03:30:16Z</time>
   </trkpt>
   <trkpt lat="37.4736690" lon="127.0356240">
    <ele>21.4</ele>
    <time>2026-07-16T03:30:17Z</time>
   </trkpt>
   <trkpt lat="37.4736570" lon="127.0355650">
    <ele>21.4</ele>
    <time>2026-07-16T03:30:18Z</time>
   </trkpt>
   <trkpt lat="37.4736470" lon="127.0355050">
    <ele>21.4</ele>
    <time>2026-07-16T03:30:19Z</time>
   </trkpt>
   <trkpt lat="37.4736360" lon="127.0354400">
    <ele>21.4</ele>
    <time>2026-07-16T03:30:20Z</time>
   </trkpt>
   <trkpt lat="37.4736210" lon="127.0353720">
    <ele>21.4</ele>
    <time>2026-07-16T03:30:21Z</time>
   </trkpt>
   <trkpt lat="37.4736110" lon="127.0353080">
    <ele>21.4</ele>
    <time>2026-07-16T03:30:22Z</time>
   </trkpt>
   <trkpt lat="37.4735990" lon="127.0352420">
    <ele>21.5</ele>
    <time>2026-07-16T03:30:23Z</time>
   </trkpt>
   <trkpt lat="37.4735870" lon="127.0351760">
    <ele>21.5</ele>
    <time>2026-07-16T03:30:24Z</time>
   </trkpt>
   <trkpt lat="37.4735760" lon="127.0351100">
    <ele>21.5</ele>
    <time>2026-07-16T03:30:25Z</time>
   </trkpt>
   <trkpt lat="37.4735670" lon="127.0350440">
    <ele>21.6</ele>
    <time>2026-07-16T03:30:26Z</time>
   </trkpt>
   <trkpt lat="37.4735520" lon="127.0349760">
    <ele>21.6</ele>
    <time>2026-07-16T03:30:27Z</time>
   </trkpt>
   <trkpt lat="37.4735360" lon="127.0349100">
    <ele>21.6</ele>
    <time>2026-07-16T03:30:28Z</time>
   </trkpt>
   <trkpt lat="37.4735220" lon="127.0348470">
    <ele>21.7</ele>
    <time>2026-07-16T03:30:29Z</time>
   </trkpt>
   <trkpt lat="37.4735120" lon="127.0347850">
    <ele>21.7</ele>
    <time>2026-07-16T03:30:30Z</time>
   </trkpt>
   <trkpt lat="37.4734990" lon="127.0347180">
    <ele>21.8</ele>
    <time>2026-07-16T03:30:31Z</time>
   </trkpt>
   <trkpt lat="37.4734840" lon="127.0346570">
    <ele>21.8</ele>
    <time>2026-07-16T03:30:32Z</time>
   </trkpt>
   <trkpt lat="37.4734680" lon="127.0345970">
    <ele>21.8</ele>
    <time>2026-07-16T03:30:33Z</time>
   </trkpt>
   <trkpt lat="37.4734530" lon="127.0345460">
    <ele>21.8</ele>
    <time>2026-07-16T03:30:34Z</time>
   </trkpt>
   <trkpt lat="37.4734380" lon="127.0344860">
    <ele>21.8</ele>
    <time>2026-07-16T03:30:35Z</time>
   </trkpt>
   <trkpt lat="37.4734250" lon="127.0344200">
    <ele>21.8</ele>
    <time>2026-07-16T03:30:36Z</time>
   </trkpt>
   <trkpt lat="37.4734090" lon="127.0343520">
    <ele>21.8</ele>
    <time>2026-07-16T03:30:37Z</time>
   </trkpt>
   <trkpt lat="37.4733920" lon="127.0342880">
    <ele>21.8</ele>
    <time>2026-07-16T03:30:38Z</time>
   </trkpt>
   <trkpt lat="37.4733730" lon="127.0342220">
    <ele>21.8</ele>
    <time>2026-07-16T03:30:39Z</time>
   </trkpt>
   <trkpt lat="37.4733520" lon="127.0341570">
    <ele>21.8</ele>
    <time>2026-07-16T03:30:40Z</time>
   </trkpt>
   <trkpt lat="37.4733300" lon="127.0340900">
    <ele>21.8</ele>
    <time>2026-07-16T03:30:41Z</time>
   </trkpt>
   <trkpt lat="37.4733090" lon="127.0340250">
    <ele>21.8</ele>
    <time>2026-07-16T03:30:42Z</time>
   </trkpt>
   <trkpt lat="37.4732840" lon="127.0339580">
    <ele>21.9</ele>
    <time>2026-07-16T03:30:43Z</time>
   </trkpt>
   <trkpt lat="37.4732600" lon="127.0338950">
    <ele>21.9</ele>
    <time>2026-07-16T03:30:44Z</time>
   </trkpt>
   <trkpt lat="37.4732360" lon="127.0338280">
    <ele>21.9</ele>
    <time>2026-07-16T03:30:45Z</time>
   </trkpt>
   <trkpt lat="37.4732080" lon="127.0337690">
    <ele>21.9</ele>
    <time>2026-07-16T03:30:46Z</time>
   </trkpt>
   <trkpt lat="37.4731760" lon="127.0337090">
    <ele>21.9</ele>
    <time>2026-07-16T03:30:47Z</time>
   </trkpt>
   <trkpt lat="37.4731460" lon="127.0336510">
    <ele>21.9</ele>
    <time>2026-07-16T03:30:48Z</time>
   </trkpt>
   <trkpt lat="37.4731140" lon="127.0335910">
    <ele>21.9</ele>
    <time>2026-07-16T03:30:49Z</time>
   </trkpt>
   <trkpt lat="37.4730820" lon="127.0335350">
    <ele>21.9</ele>
    <time>2026-07-16T03:30:50Z</time>
   </trkpt>
   <trkpt lat="37.4730530" lon="127.0334840">
    <ele>21.9</ele>
    <time>2026-07-16T03:30:51Z</time>
   </trkpt>
   <trkpt lat="37.4730160" lon="127.0334270">
    <ele>21.9</ele>
    <time>2026-07-16T03:30:52Z</time>
   </trkpt>
   <trkpt lat="37.4729820" lon="127.0333690">
    <ele>21.9</ele>
    <time>2026-07-16T03:30:53Z</time>
   </trkpt>
   <trkpt lat="37.4729450" lon="127.0333130">
    <ele>21.9</ele>
    <time>2026-07-16T03:30:54Z</time>
   </trkpt>
   <trkpt lat="37.4729090" lon="127.0332570">
    <ele>21.9</ele>
    <time>2026-07-16T03:30:55Z</time>
   </trkpt>
   <trkpt lat="37.4728780" lon="127.0332000">
    <ele>21.9</ele>
    <time>2026-07-16T03:30:56Z</time>
   </trkpt>
   <trkpt lat="37.4728400" lon="127.0331430">
    <ele>21.9</ele>
    <time>2026-07-16T03:30:57Z</time>
   </trkpt>
   <trkpt lat="37.4728020" lon="127.0330890">
    <ele>21.9</ele>
    <time>2026-07-16T03:30:58Z</time>
   </trkpt>
   <trkpt lat="37.4727660" lon="127.0330350">
    <ele>21.9</ele>
    <time>2026-07-16T03:30:59Z</time>
   </trkpt>
   <trkpt lat="37.4727240" lon="127.0329880">
    <ele>21.9</ele>
    <time>2026-07-16T03:31:00Z</time>
   </trkpt>
   <trkpt lat="37.4726800" lon="127.0329430">
    <ele>21.9</ele>
    <time>2026-07-16T03:31:01Z</time>
   </trkpt>
   <trkpt lat="37.4726390" lon="127.0328950">
    <ele>22.0</ele>
    <time>2026-07-16T03:31:02Z</time>
   </trkpt>
   <trkpt lat="37.4725990" lon="127.0328460">
    <ele>22.0</ele>
    <time>2026-07-16T03:31:03Z</time>
   </trkpt>
   <trkpt lat="37.4725560" lon="127.0328060">
    <ele>22.0</ele>
    <time>2026-07-16T03:31:04Z</time>
   </trkpt>
   <trkpt lat="37.4725210" lon="127.0327600">
    <ele>22.0</ele>
    <time>2026-07-16T03:31:05Z</time>
   </trkpt>
   <trkpt lat="37.4724880" lon="127.0327120">
    <ele>22.1</ele>
    <time>2026-07-16T03:31:06Z</time>
   </trkpt>
   <trkpt lat="37.4724490" lon="127.0326620">
    <ele>22.1</ele>
    <time>2026-07-16T03:31:07Z</time>
   </trkpt>
   <trkpt lat="37.4724090" lon="127.0326080">
    <ele>22.1</ele>
    <time>2026-07-16T03:31:08Z</time>
   </trkpt>
   <trkpt lat="37.4723670" lon="127.0325660">
    <ele>22.1</ele>
    <time>2026-07-16T03:31:09Z</time>
   </trkpt>
   <trkpt lat="37.4723160" lon="127.0325370">
    <ele>22.1</ele>
    <time>2026-07-16T03:31:10Z</time>
   </trkpt>
   <trkpt lat="37.4722590" lon="127.0325250">
    <ele>22.1</ele>
    <time>2026-07-16T03:31:11Z</time>
   </trkpt>
   <trkpt lat="37.4722070" lon="127.0325020">
    <ele>22.0</ele>
    <time>2026-07-16T03:31:12Z</time>
   </trkpt>
   <trkpt lat="37.4721620" lon="127.0324640">
    <ele>22.0</ele>
    <time>2026-07-16T03:31:13Z</time>
   </trkpt>
   <trkpt lat="37.4721180" lon="127.0324220">
    <ele>22.0</ele>
    <time>2026-07-16T03:31:14Z</time>
   </trkpt>
   <trkpt lat="37.4720800" lon="127.0323770">
    <ele>22.0</ele>
    <time>2026-07-16T03:31:15Z</time>
   </trkpt>
   <trkpt lat="37.4720460" lon="127.0323310">
    <ele>22.0</ele>
    <time>2026-07-16T03:31:16Z</time>
   </trkpt>
   <trkpt lat="37.4720180" lon="127.0323000">
    <ele>22.0</ele>
    <time>2026-07-16T03:31:17Z</time>
   </trkpt>
   <trkpt lat="37.4719920" lon="127.0322590">
    <ele>22.0</ele>
    <time>2026-07-16T03:31:18Z</time>
   </trkpt>
   <trkpt lat="37.4719550" lon="127.0322080">
    <ele>22.1</ele>
    <time>2026-07-16T03:31:19Z</time>
   </trkpt>
   <trkpt lat="37.4719250" lon="127.0321980">
    <ele>22.1</ele>
    <time>2026-07-16T03:31:20Z</time>
   </trkpt>
   <trkpt lat="37.4718910" lon="127.0321620">
    <ele>22.1</ele>
    <time>2026-07-16T03:31:21Z</time>
   </trkpt>
   <trkpt lat="37.4718560" lon="127.0321350">
    <ele>22.1</ele>
    <time>2026-07-16T03:31:22Z</time>
   </trkpt>
   <trkpt lat="37.4718180" lon="127.0321100">
    <ele>22.1</ele>
    <time>2026-07-16T03:31:23Z</time>
   </trkpt>
   <trkpt lat="37.4717850" lon="127.0320870">
    <ele>22.1</ele>
    <time>2026-07-16T03:31:24Z</time>
   </trkpt>
   <trkpt lat="37.4717580" lon="127.0320470">
    <ele>22.1</ele>
    <time>2026-07-16T03:31:25Z</time>
   </trkpt>
   <trkpt lat="37.4717260" lon="127.0320220">
    <ele>22.0</ele>
    <time>2026-07-16T03:31:26Z</time>
   </trkpt>
   <trkpt lat="37.4716810" lon="127.0319880">
    <ele>22.0</ele>
    <time>2026-07-16T03:31:27Z</time>
   </trkpt>
   <trkpt lat="37.4716460" lon="127.0319130">
    <ele>22.0</ele>
    <time>2026-07-16T03:31:28Z</time>
   </trkpt>
   <trkpt lat="37.4715860" lon="127.0318310">
    <ele>22.0</ele>
    <time>2026-07-16T03:31:29Z</time>
   </trkpt>
   <trkpt lat="37.4715230" lon="127.0317800">
    <ele>22.1</ele>
    <time>2026-07-16T03:31:30Z</time>
   </trkpt>
   <trkpt lat="37.4714740" lon="127.0317330">
    <ele>22.2</ele>
    <time>2026-07-16T03:31:31Z</time>
   </trkpt>
   <trkpt lat="37.4714290" lon="127.0316830">
    <ele>22.2</ele>
    <time>2026-07-16T03:31:32Z</time>
   </trkpt>
   <trkpt lat="37.4713930" lon="127.0316350">
    <ele>22.3</ele>
    <time>2026-07-16T03:31:33Z</time>
   </trkpt>
   <trkpt lat="37.4713490" lon="127.0315930">
    <ele>22.3</ele>
    <time>2026-07-16T03:31:34Z</time>
   </trkpt>
   <trkpt lat="37.4713080" lon="127.0315470">
    <ele>22.4</ele>
    <time>2026-07-16T03:31:35Z</time>
   </trkpt>
   <trkpt lat="37.4712680" lon="127.0315000">
    <ele>22.4</ele>
    <time>2026-07-16T03:31:36Z</time>
   </trkpt>
   <trkpt lat="37.4712250" lon="127.0314500">
    <ele>22.4</ele>
    <time>2026-07-16T03:31:37Z</time>
   </trkpt>
   <trkpt lat="37.4711850" lon="127.0314150">
    <ele>22.4</ele>
    <time>2026-07-16T03:31:38Z</time>
   </trkpt>
   <trkpt lat="37.4711380" lon="127.0313720">
    <ele>22.4</ele>
    <time>2026-07-16T03:31:39Z</time>
   </trkpt>
   <trkpt lat="37.4710930" lon="127.0313310">
    <ele>22.4</ele>
    <time>2026-07-16T03:31:40Z</time>
   </trkpt>
   <trkpt lat="37.4710470" lon="127.0312740">
    <ele>22.4</ele>
    <time>2026-07-16T03:31:41Z</time>
   </trkpt>
   <trkpt lat="37.4709980" lon="127.0312280">
    <ele>22.3</ele>
    <time>2026-07-16T03:31:42Z</time>
   </trkpt>
   <trkpt lat="37.4709560" lon="127.0312010">
    <ele>22.3</ele>
    <time>2026-07-16T03:31:43Z</time>
   </trkpt>
   <trkpt lat="37.4709110" lon="127.0311560">
    <ele>22.3</ele>
    <time>2026-07-16T03:31:44Z</time>
   </trkpt>
   <trkpt lat="37.4708710" lon="127.0311060">
    <ele>22.3</ele>
    <time>2026-07-16T03:31:45Z</time>
   </trkpt>
   <trkpt lat="37.4708270" lon="127.0310640">
    <ele>22.3</ele>
    <time>2026-07-16T03:31:46Z</time>
   </trkpt>
   <trkpt lat="37.4707830" lon="127.0310210">
    <ele>22.3</ele>
    <time>2026-07-16T03:31:47Z</time>
   </trkpt>
   <trkpt lat="37.4707440" lon="127.0309730">
    <ele>22.3</ele>
    <time>2026-07-16T03:31:48Z</time>
   </trkpt>
   <trkpt lat="37.4706970" lon="127.0309370">
    <ele>22.3</ele>
    <time>2026-07-16T03:31:49Z</time>
   </trkpt>
   <trkpt lat="37.4706580" lon="127.0308990">
    <ele>22.3</ele>
    <time>2026-07-16T03:31:50Z</time>
   </trkpt>
   <trkpt lat="37.4706190" lon="127.0308670">
    <ele>22.4</ele>
    <time>2026-07-16T03:31:51Z</time>
   </trkpt>
   <trkpt lat="37.4705830" lon="127.0308290">
    <ele>22.4</ele>
    <time>2026-07-16T03:31:52Z</time>
   </trkpt>
   <trkpt lat="37.4705510" lon="127.0307920">
    <ele>22.4</ele>
    <time>2026-07-16T03:31:53Z</time>
   </trkpt>
   <trkpt lat="37.4705100" lon="127.0307500">
    <ele>22.4</ele>
    <time>2026-07-16T03:31:54Z</time>
   </trkpt>
   <trkpt lat="37.4704690" lon="127.0307100">
    <ele>22.4</ele>
    <time>2026-07-16T03:31:55Z</time>
   </trkpt>
   <trkpt lat="37.4704310" lon="127.0306740">
    <ele>22.5</ele>
    <time>2026-07-16T03:31:56Z</time>
   </trkpt>
   <trkpt lat="37.4703930" lon="127.0306330">
    <ele>22.5</ele>
    <time>2026-07-16T03:31:57Z</time>
   </trkpt>
   <trkpt lat="37.4703490" lon="127.0305960">
    <ele>22.5</ele>
    <time>2026-07-16T03:31:58Z</time>
   </trkpt>
   <trkpt lat="37.4703170" lon="127.0305600">
    <ele>22.5</ele>
    <time>2026-07-16T03:31:59Z</time>
   </trkpt>
   <trkpt lat="37.4702790" lon="127.0305270">
    <ele>22.6</ele>
    <time>2026-07-16T03:32:00Z</time>
   </trkpt>
   <trkpt lat="37.4702410" lon="127.0304950">
    <ele>22.6</ele>
    <time>2026-07-16T03:32:01Z</time>
   </trkpt>
   <trkpt lat="37.4702010" lon="127.0304660">
    <ele>22.6</ele>
    <time>2026-07-16T03:32:02Z</time>
   </trkpt>
   <trkpt lat="37.4701630" lon="127.0304410">
    <ele>22.6</ele>
    <time>2026-07-16T03:32:03Z</time>
   </trkpt>
   <trkpt lat="37.4701250" lon="127.0304190">
    <ele>22.6</ele>
    <time>2026-07-16T03:32:04Z</time>
   </trkpt>
   <trkpt lat="37.4700890" lon="127.0303980">
    <ele>22.6</ele>
    <time>2026-07-16T03:32:05Z</time>
   </trkpt>
   <trkpt lat="37.4700550" lon="127.0303680">
    <ele>22.6</ele>
    <time>2026-07-16T03:32:06Z</time>
   </trkpt>
   <trkpt lat="37.4700200" lon="127.0303460">
    <ele>22.6</ele>
    <time>2026-07-16T03:32:07Z</time>
   </trkpt>
   <trkpt lat="37.4699800" lon="127.0303270">
    <ele>22.6</ele>
    <time>2026-07-16T03:32:08Z</time>
   </trkpt>
   <trkpt lat="37.4699410" lon="127.0302970">
    <ele>22.6</ele>
    <time>2026-07-16T03:32:09Z</time>
   </trkpt>
   <trkpt lat="37.4698960" lon="127.0302740">
    <ele>22.6</ele>
    <time>2026-07-16T03:32:10Z</time>
   </trkpt>
   <trkpt lat="37.4698560" lon="127.0302530">
    <ele>22.6</ele>
    <time>2026-07-16T03:32:11Z</time>
   </trkpt>
   <trkpt lat="37.4698160" lon="127.0302230">
    <ele>22.6</ele>
    <time>2026-07-16T03:32:12Z</time>
   </trkpt>
   <trkpt lat="37.4697730" lon="127.0301910">
    <ele>22.6</ele>
    <time>2026-07-16T03:32:13Z</time>
   </trkpt>
   <trkpt lat="37.4697280" lon="127.0301690">
    <ele>22.6</ele>
    <time>2026-07-16T03:32:14Z</time>
   </trkpt>
   <trkpt lat="37.4696890" lon="127.0301470">
    <ele>22.6</ele>
    <time>2026-07-16T03:32:15Z</time>
   </trkpt>
   <trkpt lat="37.4696500" lon="127.0301150">
    <ele>22.6</ele>
    <time>2026-07-16T03:32:16Z</time>
   </trkpt>
   <trkpt lat="37.4696070" lon="127.0300790">
    <ele>22.6</ele>
    <time>2026-07-16T03:32:17Z</time>
   </trkpt>
   <trkpt lat="37.4695610" lon="127.0300410">
    <ele>22.5</ele>
    <time>2026-07-16T03:32:18Z</time>
   </trkpt>
   <trkpt lat="37.4695070" lon="127.0300080">
    <ele>22.5</ele>
    <time>2026-07-16T03:32:19Z</time>
   </trkpt>
   <trkpt lat="37.4694660" lon="127.0299870">
    <ele>22.6</ele>
    <time>2026-07-16T03:32:20Z</time>
   </trkpt>
   <trkpt lat="37.4694290" lon="127.0299560">
    <ele>22.6</ele>
    <time>2026-07-16T03:32:21Z</time>
   </trkpt>
   <trkpt lat="37.4693920" lon="127.0299130">
    <ele>22.6</ele>
    <time>2026-07-16T03:32:22Z</time>
   </trkpt>
   <trkpt lat="37.4693520" lon="127.0298770">
    <ele>22.6</ele>
    <time>2026-07-16T03:32:23Z</time>
   </trkpt>
   <trkpt lat="37.4693110" lon="127.0298370">
    <ele>22.6</ele>
    <time>2026-07-16T03:32:24Z</time>
   </trkpt>
   <trkpt lat="37.4692680" lon="127.0298050">
    <ele>22.6</ele>
    <time>2026-07-16T03:32:25Z</time>
   </trkpt>
   <trkpt lat="37.4692310" lon="127.0297660">
    <ele>22.7</ele>
    <time>2026-07-16T03:32:26Z</time>
   </trkpt>
   <trkpt lat="37.4691840" lon="127.0297300">
    <ele>22.7</ele>
    <time>2026-07-16T03:32:27Z</time>
   </trkpt>
   <trkpt lat="37.4691410" lon="127.0296860">
    <ele>22.7</ele>
    <time>2026-07-16T03:32:28Z</time>
   </trkpt>
   <trkpt lat="37.4690960" lon="127.0296440">
    <ele>22.8</ele>
    <time>2026-07-16T03:32:29Z</time>
   </trkpt>
   <trkpt lat="37.4690550" lon="127.0295990">
    <ele>22.8</ele>
    <time>2026-07-16T03:32:30Z</time>
   </trkpt>
   <trkpt lat="37.4690160" lon="127.0295610">
    <ele>22.8</ele>
    <time>2026-07-16T03:32:31Z</time>
   </trkpt>
   <trkpt lat="37.4689760" lon="127.0295270">
    <ele>22.9</ele>
    <time>2026-07-16T03:32:32Z</time>
   </trkpt>
   <trkpt lat="37.4689320" lon="127.0294950">
    <ele>22.9</ele>
    <time>2026-07-16T03:32:33Z</time>
   </trkpt>
   <trkpt lat="37.4688930" lon="127.0294520">
    <ele>22.9</ele>
    <time>2026-07-16T03:32:34Z</time>
   </trkpt>
   <trkpt lat="37.4688530" lon="127.0294070">
    <ele>23.0</ele>
    <time>2026-07-16T03:32:35Z</time>
   </trkpt>
   <trkpt lat="37.4688080" lon="127.0293700">
    <ele>23.0</ele>
    <time>2026-07-16T03:32:36Z</time>
   </trkpt>
   <trkpt lat="37.4687670" lon="127.0293310">
    <ele>23.1</ele>
    <time>2026-07-16T03:32:37Z</time>
   </trkpt>
   <trkpt lat="37.4687260" lon="127.0292910">
    <ele>23.1</ele>
    <time>2026-07-16T03:32:38Z</time>
   </trkpt>
   <trkpt lat="37.4686820" lon="127.0292500">
    <ele>23.1</ele>
    <time>2026-07-16T03:32:39Z</time>
   </trkpt>
   <trkpt lat="37.4686400" lon="127.0292070">
    <ele>23.2</ele>
    <time>2026-07-16T03:32:40Z</time>
   </trkpt>
   <trkpt lat="37.4685940" lon="127.0291710">
    <ele>23.2</ele>
    <time>2026-07-16T03:32:41Z</time>
   </trkpt>
   <trkpt lat="37.4685500" lon="127.0291300">
    <ele>23.2</ele>
    <time>2026-07-16T03:32:42Z</time>
   </trkpt>
   <trkpt lat="37.4685030" lon="127.0290910">
    <ele>23.3</ele>
    <time>2026-07-16T03:32:43Z</time>
   </trkpt>
   <trkpt lat="37.4684580" lon="127.0290520">
    <ele>23.3</ele>
    <time>2026-07-16T03:32:44Z</time>
   </trkpt>
   <trkpt lat="37.4684160" lon="127.0290200">
    <ele>23.3</ele>
    <time>2026-07-16T03:32:45Z</time>
   </trkpt>
   <trkpt lat="37.4683750" lon="127.0289900">
    <ele>23.3</ele>
    <time>2026-07-16T03:32:46Z</time>
   </trkpt>
   <trkpt lat="37.4683290" lon="127.0289570">
    <ele>23.4</ele>
    <time>2026-07-16T03:32:47Z</time>
   </trkpt>
   <trkpt lat="37.4682870" lon="127.0289240">
    <ele>23.4</ele>
    <time>2026-07-16T03:32:48Z</time>
   </trkpt>
   <trkpt lat="37.4682450" lon="127.0288980">
    <ele>23.4</ele>
    <time>2026-07-16T03:32:49Z</time>
   </trkpt>
   <trkpt lat="37.4682070" lon="127.0288830">
    <ele>23.4</ele>
    <time>2026-07-16T03:32:50Z</time>
   </trkpt>
   <trkpt lat="37.4681690" lon="127.0288590">
    <ele>23.4</ele>
    <time>2026-07-16T03:32:51Z</time>
   </trkpt>
   <trkpt lat="37.4681290" lon="127.0288280">
    <ele>23.4</ele>
    <time>2026-07-16T03:32:52Z</time>
   </trkpt>
   <trkpt lat="37.4680900" lon="127.0287980">
    <ele>23.4</ele>
    <time>2026-07-16T03:32:53Z</time>
   </trkpt>
   <trkpt lat="37.4680510" lon="127.0287780">
    <ele>23.4</ele>
    <time>2026-07-16T03:32:54Z</time>
   </trkpt>
   <trkpt lat="37.4680080" lon="127.0287670">
    <ele>23.4</ele>
    <time>2026-07-16T03:32:55Z</time>
   </trkpt>
   <trkpt lat="37.4679600" lon="127.0287690">
    <ele>23.4</ele>
    <time>2026-07-16T03:32:56Z</time>
   </trkpt>
   <trkpt lat="37.4679080" lon="127.0287750">
    <ele>23.4</ele>
    <time>2026-07-16T03:32:57Z</time>
   </trkpt>
   <trkpt lat="37.4678710" lon="127.0287830">
    <ele>23.4</ele>
    <time>2026-07-16T03:32:58Z</time>
   </trkpt>
   <trkpt lat="37.4678340" lon="127.0287870">
    <ele>23.4</ele>
    <time>2026-07-16T03:32:59Z</time>
   </trkpt>
   <trkpt lat="37.4677910" lon="127.0287850">
    <ele>23.5</ele>
    <time>2026-07-16T03:33:00Z</time>
   </trkpt>
   <trkpt lat="37.4677450" lon="127.0287840">
    <ele>23.5</ele>
    <time>2026-07-16T03:33:01Z</time>
   </trkpt>
   <trkpt lat="37.4676960" lon="127.0287970">
    <ele>23.5</ele>
    <time>2026-07-16T03:33:02Z</time>
   </trkpt>
   <trkpt lat="37.4676480" lon="127.0288090">
    <ele>23.5</ele>
    <time>2026-07-16T03:33:03Z</time>
   </trkpt>
   <trkpt lat="37.4676100" lon="127.0288180">
    <ele>23.5</ele>
    <time>2026-07-16T03:33:04Z</time>
   </trkpt>
   <trkpt lat="37.4675730" lon="127.0288260">
    <ele>23.5</ele>
    <time>2026-07-16T03:33:05Z</time>
   </trkpt>
   <trkpt lat="37.4675280" lon="127.0288490">
    <ele>23.5</ele>
    <time>2026-07-16T03:33:06Z</time>
   </trkpt>
   <trkpt lat="37.4674780" lon="127.0288630">
    <ele>23.4</ele>
    <time>2026-07-16T03:33:07Z</time>
   </trkpt>
   <trkpt lat="37.4674330" lon="127.0288820">
    <ele>23.4</ele>
    <time>2026-07-16T03:33:08Z</time>
   </trkpt>
   <trkpt lat="37.4673730" lon="127.0289100">
    <ele>23.4</ele>
    <time>2026-07-16T03:33:09Z</time>
   </trkpt>
   <trkpt lat="37.4673100" lon="127.0289390">
    <ele>23.4</ele>
    <time>2026-07-16T03:33:10Z</time>
   </trkpt>
   <trkpt lat="37.4672580" lon="127.0289580">
    <ele>23.4</ele>
    <time>2026-07-16T03:33:11Z</time>
   </trkpt>
   <trkpt lat="37.4672060" lon="127.0289820">
    <ele>23.4</ele>
    <time>2026-07-16T03:33:12Z</time>
   </trkpt>
   <trkpt lat="37.4671510" lon="127.0290040">
    <ele>23.4</ele>
    <time>2026-07-16T03:33:13Z</time>
   </trkpt>
   <trkpt lat="37.4671010" lon="127.0290310">
    <ele>23.4</ele>
    <time>2026-07-16T03:33:14Z</time>
   </trkpt>
   <trkpt lat="37.4670540" lon="127.0290540">
    <ele>23.4</ele>
    <time>2026-07-16T03:33:15Z</time>
   </trkpt>
   <trkpt lat="37.4670050" lon="127.0290750">
    <ele>23.4</ele>
    <time>2026-07-16T03:33:16Z</time>
   </trkpt>
   <trkpt lat="37.4670010" lon="127.0290730">
    <ele>23.4</ele>
    <time>2026-07-16T03:33:17Z</time>
   </trkpt>
   <trkpt lat="37.4669770" lon="127.0290790">
    <ele>23.4</ele>
    <time>2026-07-16T03:33:18Z</time>
   </trkpt>
   <trkpt lat="37.4668740" lon="127.0291060">
    <ele>23.4</ele>
    <time>2026-07-16T03:33:19Z</time>
   </trkpt>
   <trkpt lat="37.4668360" lon="127.0291250">
    <ele>23.4</ele>
    <time>2026-07-16T03:33:20Z</time>
   </trkpt>
   <trkpt lat="37.4667940" lon="127.0291430">
    <ele>23.4</ele>
    <time>2026-07-16T03:33:21Z</time>
   </trkpt>
   <trkpt lat="37.4667430" lon="127.0291560">
    <ele>23.4</ele>
    <time>2026-07-16T03:33:22Z</time>
   </trkpt>
   <trkpt lat="37.4666910" lon="127.0291770">
    <ele>23.4</ele>
    <time>2026-07-16T03:33:23Z</time>
   </trkpt>
   <trkpt lat="37.4666410" lon="127.0291990">
    <ele>23.5</ele>
    <time>2026-07-16T03:33:24Z</time>
   </trkpt>
   <trkpt lat="37.4665860" lon="127.0292180">
    <ele>23.5</ele>
    <time>2026-07-16T03:33:25Z</time>
   </trkpt>
   <trkpt lat="37.4665350" lon="127.0292390">
    <ele>23.5</ele>
    <time>2026-07-16T03:33:26Z</time>
   </trkpt>
   <trkpt lat="37.4664870" lon="127.0292630">
    <ele>23.5</ele>
    <time>2026-07-16T03:33:27Z</time>
   </trkpt>
   <trkpt lat="37.4664430" lon="127.0292800">
    <ele>23.5</ele>
    <time>2026-07-16T03:33:28Z</time>
   </trkpt>
   <trkpt lat="37.4663930" lon="127.0292980">
    <ele>23.5</ele>
    <time>2026-07-16T03:33:29Z</time>
   </trkpt>
   <trkpt lat="37.4663450" lon="127.0293170">
    <ele>23.5</ele>
    <time>2026-07-16T03:33:30Z</time>
   </trkpt>
   <trkpt lat="37.4662980" lon="127.0293380">
    <ele>23.5</ele>
    <time>2026-07-16T03:33:31Z</time>
   </trkpt>
   <trkpt lat="37.4662570" lon="127.0293590">
    <ele>23.6</ele>
    <time>2026-07-16T03:33:32Z</time>
   </trkpt>
   <trkpt lat="37.4662090" lon="127.0293760">
    <ele>23.6</ele>
    <time>2026-07-16T03:33:33Z</time>
   </trkpt>
   <trkpt lat="37.4661530" lon="127.0293980">
    <ele>23.6</ele>
    <time>2026-07-16T03:33:34Z</time>
   </trkpt>
   <trkpt lat="37.4661000" lon="127.0294140">
    <ele>23.6</ele>
    <time>2026-07-16T03:33:35Z</time>
   </trkpt>
   <trkpt lat="37.4660490" lon="127.0294430">
    <ele>23.6</ele>
    <time>2026-07-16T03:33:36Z</time>
   </trkpt>
   <trkpt lat="37.4659980" lon="127.0294620">
    <ele>23.6</ele>
    <time>2026-07-16T03:33:37Z</time>
   </trkpt>
   <trkpt lat="37.4659500" lon="127.0294800">
    <ele>23.5</ele>
    <time>2026-07-16T03:33:38Z</time>
   </trkpt>
   <trkpt lat="37.4659120" lon="127.0295090">
    <ele>23.5</ele>
    <time>2026-07-16T03:33:39Z</time>
   </trkpt>
   <trkpt lat="37.4658620" lon="127.0295250">
    <ele>23.5</ele>
    <time>2026-07-16T03:33:40Z</time>
   </trkpt>
   <trkpt lat="37.4658130" lon="127.0295400">
    <ele>23.5</ele>
    <time>2026-07-16T03:33:41Z</time>
   </trkpt>
   <trkpt lat="37.4657660" lon="127.0295550">
    <ele>23.5</ele>
    <time>2026-07-16T03:33:42Z</time>
   </trkpt>
   <trkpt lat="37.4657190" lon="127.0295720">
    <ele>23.5</ele>
    <time>2026-07-16T03:33:43Z</time>
   </trkpt>
   <trkpt lat="37.4656700" lon="127.0295870">
    <ele>23.5</ele>
    <time>2026-07-16T03:33:44Z</time>
   </trkpt>
   <trkpt lat="37.4656170" lon="127.0295990">
    <ele>23.5</ele>
    <time>2026-07-16T03:33:45Z</time>
   </trkpt>
   <trkpt lat="37.4655670" lon="127.0296160">
    <ele>23.6</ele>
    <time>2026-07-16T03:33:46Z</time>
   </trkpt>
   <trkpt lat="37.4655190" lon="127.0296320">
    <ele>23.6</ele>
    <time>2026-07-16T03:33:47Z</time>
   </trkpt>
   <trkpt lat="37.4654720" lon="127.0296470">
    <ele>23.6</ele>
    <time>2026-07-16T03:33:48Z</time>
   </trkpt>
   <trkpt lat="37.4654260" lon="127.0296560">
    <ele>23.6</ele>
    <time>2026-07-16T03:33:49Z</time>
   </trkpt>
   <trkpt lat="37.4653880" lon="127.0296680">
    <ele>23.6</ele>
    <time>2026-07-16T03:33:50Z</time>
   </trkpt>
   <trkpt lat="37.4653440" lon="127.0296770">
    <ele>23.6</ele>
    <time>2026-07-16T03:33:51Z</time>
   </trkpt>
   <trkpt lat="37.4652990" lon="127.0296880">
    <ele>23.6</ele>
    <time>2026-07-16T03:33:52Z</time>
   </trkpt>
   <trkpt lat="37.4652570" lon="127.0297060">
    <ele>23.6</ele>
    <time>2026-07-16T03:33:53Z</time>
   </trkpt>
   <trkpt lat="37.4652140" lon="127.0297200">
    <ele>23.7</ele>
    <time>2026-07-16T03:33:54Z</time>
   </trkpt>
   <trkpt lat="37.4651640" lon="127.0297300">
    <ele>23.7</ele>
    <time>2026-07-16T03:33:55Z</time>
   </trkpt>
   <trkpt lat="37.4651120" lon="127.0297430">
    <ele>23.7</ele>
    <time>2026-07-16T03:33:56Z</time>
   </trkpt>
   <trkpt lat="37.4650600" lon="127.0297580">
    <ele>23.7</ele>
    <time>2026-07-16T03:33:57Z</time>
   </trkpt>
   <trkpt lat="37.4650060" lon="127.0297730">
    <ele>23.7</ele>
    <time>2026-07-16T03:33:58Z</time>
   </trkpt>
   <trkpt lat="37.4649520" lon="127.0297880">
    <ele>23.7</ele>
    <time>2026-07-16T03:33:59Z</time>
   </trkpt>
   <trkpt lat="37.4648990" lon="127.0298040">
    <ele>23.8</ele>
    <time>2026-07-16T03:34:00Z</time>
   </trkpt>
   <trkpt lat="37.4648450" lon="127.0298170">
    <ele>23.8</ele>
    <time>2026-07-16T03:34:01Z</time>
   </trkpt>
   <trkpt lat="37.4647900" lon="127.0298250">
    <ele>23.8</ele>
    <time>2026-07-16T03:34:02Z</time>
   </trkpt>
   <trkpt lat="37.4647390" lon="127.0298340">
    <ele>23.8</ele>
    <time>2026-07-16T03:34:03Z</time>
   </trkpt>
   <trkpt lat="37.4646910" lon="127.0298490">
    <ele>23.8</ele>
    <time>2026-07-16T03:34:04Z</time>
   </trkpt>
   <trkpt lat="37.4646390" lon="127.0298570">
    <ele>23.8</ele>
    <time>2026-07-16T03:34:05Z</time>
   </trkpt>
   <trkpt lat="37.4645850" lon="127.0298680">
    <ele>23.8</ele>
    <time>2026-07-16T03:34:06Z</time>
   </trkpt>
   <trkpt lat="37.4645410" lon="127.0298760">
    <ele>23.8</ele>
    <time>2026-07-16T03:34:07Z</time>
   </trkpt>
   <trkpt lat="37.4644980" lon="127.0298850">
    <ele>23.8</ele>
    <time>2026-07-16T03:34:08Z</time>
   </trkpt>
   <trkpt lat="37.4644570" lon="127.0298930">
    <ele>23.9</ele>
    <time>2026-07-16T03:34:09Z</time>
   </trkpt>
   <trkpt lat="37.4644070" lon="127.0298970">
    <ele>23.9</ele>
    <time>2026-07-16T03:34:10Z</time>
   </trkpt>
   <trkpt lat="37.4643660" lon="127.0299030">
    <ele>23.9</ele>
    <time>2026-07-16T03:34:11Z</time>
   </trkpt>
   <trkpt lat="37.4643180" lon="127.0299070">
    <ele>23.9</ele>
    <time>2026-07-16T03:34:12Z</time>
   </trkpt>
   <trkpt lat="37.4642670" lon="127.0299190">
    <ele>23.9</ele>
    <time>2026-07-16T03:34:13Z</time>
   </trkpt>
   <trkpt lat="37.4642160" lon="127.0299260">
    <ele>23.9</ele>
    <time>2026-07-16T03:34:14Z</time>
   </trkpt>
   <trkpt lat="37.4641660" lon="127.0299290">
    <ele>23.9</ele>
    <time>2026-07-16T03:34:15Z</time>
   </trkpt>
   <trkpt lat="37.4641150" lon="127.0299310">
    <ele>23.9</ele>
    <time>2026-07-16T03:34:16Z</time>
   </trkpt>
   <trkpt lat="37.4640670" lon="127.0299290">
    <ele>24.0</ele>
    <time>2026-07-16T03:34:17Z</time>
   </trkpt>
   <trkpt lat="37.4640210" lon="127.0299220">
    <ele>24.0</ele>
    <time>2026-07-16T03:34:18Z</time>
   </trkpt>
   <trkpt lat="37.4639680" lon="127.0299140">
    <ele>24.0</ele>
    <time>2026-07-16T03:34:19Z</time>
   </trkpt>
   <trkpt lat="37.4639220" lon="127.0299090">
    <ele>24.0</ele>
    <time>2026-07-16T03:34:20Z</time>
   </trkpt>
   <trkpt lat="37.4638810" lon="127.0298910">
    <ele>24.0</ele>
    <time>2026-07-16T03:34:21Z</time>
   </trkpt>
   <trkpt lat="37.4638460" lon="127.0298580">
    <ele>24.0</ele>
    <time>2026-07-16T03:34:22Z</time>
   </trkpt>
   <trkpt lat="37.4637960" lon="127.0298440">
    <ele>24.0</ele>
    <time>2026-07-16T03:34:23Z</time>
   </trkpt>
   <trkpt lat="37.4637490" lon="127.0298150">
    <ele>24.0</ele>
    <time>2026-07-16T03:34:24Z</time>
   </trkpt>
   <trkpt lat="37.4636990" lon="127.0297850">
    <ele>24.0</ele>
    <time>2026-07-16T03:34:25Z</time>
   </trkpt>
   <trkpt lat="37.4636490" lon="127.0297570">
    <ele>24.0</ele>
    <time>2026-07-16T03:34:26Z</time>
   </trkpt>
   <trkpt lat="37.4636000" lon="127.0297200">
    <ele>24.0</ele>
    <time>2026-07-16T03:34:27Z</time>
   </trkpt>
   <trkpt lat="37.4635530" lon="127.0296800">
    <ele>24.0</ele>
    <time>2026-07-16T03:34:28Z</time>
   </trkpt>
   <trkpt lat="37.4635060" lon="127.0296420">
    <ele>24.0</ele>
    <time>2026-07-16T03:34:29Z</time>
   </trkpt>
   <trkpt lat="37.4634580" lon="127.0296050">
    <ele>24.1</ele>
    <time>2026-07-16T03:34:30Z</time>
   </trkpt>
   <trkpt lat="37.4634100" lon="127.0295670">
    <ele>24.1</ele>
    <time>2026-07-16T03:34:31Z</time>
   </trkpt>
   <trkpt lat="37.4633650" lon="127.0295340">
    <ele>24.1</ele>
    <time>2026-07-16T03:34:32Z</time>
   </trkpt>
   <trkpt lat="37.4633190" lon="127.0295000">
    <ele>24.1</ele>
    <time>2026-07-16T03:34:33Z</time>
   </trkpt>
   <trkpt lat="37.4632740" lon="127.0294680">
    <ele>24.1</ele>
    <time>2026-07-16T03:34:34Z</time>
   </trkpt>
   <trkpt lat="37.4632270" lon="127.0294360">
    <ele>24.1</ele>
    <time>2026-07-16T03:34:35Z</time>
   </trkpt>
   <trkpt lat="37.4631810" lon="127.0294000">
    <ele>24.1</ele>
    <time>2026-07-16T03:34:36Z</time>
   </trkpt>
   <trkpt lat="37.4631320" lon="127.0293630">
    <ele>24.2</ele>
    <time>2026-07-16T03:34:37Z</time>
   </trkpt>
   <trkpt lat="37.4630860" lon="127.0293240">
    <ele>24.2</ele>
    <time>2026-07-16T03:34:38Z</time>
   </trkpt>
   <trkpt lat="37.4630360" lon="127.0292880">
    <ele>24.2</ele>
    <time>2026-07-16T03:34:39Z</time>
   </trkpt>
   <trkpt lat="37.4629880" lon="127.0292510">
    <ele>24.2</ele>
    <time>2026-07-16T03:34:40Z</time>
   </trkpt>
   <trkpt lat="37.4629390" lon="127.0292130">
    <ele>24.2</ele>
    <time>2026-07-16T03:34:41Z</time>
   </trkpt>
   <trkpt lat="37.4628900" lon="127.0291770">
    <ele>24.3</ele>
    <time>2026-07-16T03:34:42Z</time>
   </trkpt>
   <trkpt lat="37.4628400" lon="127.0291390">
    <ele>24.3</ele>
    <time>2026-07-16T03:34:43Z</time>
   </trkpt>
   <trkpt lat="37.4627950" lon="127.0291000">
    <ele>24.4</ele>
    <time>2026-07-16T03:34:44Z</time>
   </trkpt>
   <trkpt lat="37.4627490" lon="127.0290600">
    <ele>24.4</ele>
    <time>2026-07-16T03:34:45Z</time>
   </trkpt>
   <trkpt lat="37.4627020" lon="127.0290220">
    <ele>24.4</ele>
    <time>2026-07-16T03:34:46Z</time>
   </trkpt>
   <trkpt lat="37.4626520" lon="127.0289880">
    <ele>24.5</ele>
    <time>2026-07-16T03:34:47Z</time>
   </trkpt>
   <trkpt lat="37.4626040" lon="127.0289500">
    <ele>24.5</ele>
    <time>2026-07-16T03:34:48Z</time>
   </trkpt>
   <trkpt lat="37.4625580" lon="127.0289140">
    <ele>24.5</ele>
    <time>2026-07-16T03:34:49Z</time>
   </trkpt>
   <trkpt lat="37.4625090" lon="127.0288780">
    <ele>24.5</ele>
    <time>2026-07-16T03:34:50Z</time>
   </trkpt>
   <trkpt lat="37.4624620" lon="127.0288410">
    <ele>24.6</ele>
    <time>2026-07-16T03:34:51Z</time>
   </trkpt>
   <trkpt lat="37.4624130" lon="127.0288050">
    <ele>24.6</ele>
    <time>2026-07-16T03:34:52Z</time>
   </trkpt>
   <trkpt lat="37.4623660" lon="127.0287690">
    <ele>24.6</ele>
    <time>2026-07-16T03:34:53Z</time>
   </trkpt>
   <trkpt lat="37.4623180" lon="127.0287320">
    <ele>24.6</ele>
    <time>2026-07-16T03:34:54Z</time>
   </trkpt>
   <trkpt lat="37.4622700" lon="127.0286940">
    <ele>24.7</ele>
    <time>2026-07-16T03:34:55Z</time>
   </trkpt>
   <trkpt lat="37.4622230" lon="127.0286590">
    <ele>24.7</ele>
    <time>2026-07-16T03:34:56Z</time>
   </trkpt>
   <trkpt lat="37.4621750" lon="127.0286180">
    <ele>24.7</ele>
    <time>2026-07-16T03:34:57Z</time>
   </trkpt>
   <trkpt lat="37.4621270" lon="127.0285840">
    <ele>24.7</ele>
    <time>2026-07-16T03:34:58Z</time>
   </trkpt>
   <trkpt lat="37.4620770" lon="127.0285450">
    <ele>24.7</ele>
    <time>2026-07-16T03:34:59Z</time>
   </trkpt>
   <trkpt lat="37.4620290" lon="127.0285070">
    <ele>24.7</ele>
    <time>2026-07-16T03:35:00Z</time>
   </trkpt>
   <trkpt lat="37.4619810" lon="127.0284720">
    <ele>24.7</ele>
    <time>2026-07-16T03:35:01Z</time>
   </trkpt>
   <trkpt lat="37.4619300" lon="127.0284340">
    <ele>24.7</ele>
    <time>2026-07-16T03:35:02Z</time>
   </trkpt>
   <trkpt lat="37.4618820" lon="127.0283970">
    <ele>24.7</ele>
    <time>2026-07-16T03:35:03Z</time>
   </trkpt>
   <trkpt lat="37.4618350" lon="127.0283580">
    <ele>24.7</ele>
    <time>2026-07-16T03:35:04Z</time>
   </trkpt>
   <trkpt lat="37.4617870" lon="127.0283190">
    <ele>24.7</ele>
    <time>2026-07-16T03:35:05Z</time>
   </trkpt>
   <trkpt lat="37.4617390" lon="127.0282810">
    <ele>24.7</ele>
    <time>2026-07-16T03:35:06Z</time>
   </trkpt>
   <trkpt lat="37.4616890" lon="127.0282450">
    <ele>24.7</ele>
    <time>2026-07-16T03:35:07Z</time>
   </trkpt>
   <trkpt lat="37.4616440" lon="127.0282070">
    <ele>24.7</ele>
    <time>2026-07-16T03:35:08Z</time>
   </trkpt>
   <trkpt lat="37.4615990" lon="127.0281680">
    <ele>24.7</ele>
    <time>2026-07-16T03:35:09Z</time>
   </trkpt>
   <trkpt lat="37.4615520" lon="127.0281290">
    <ele>24.8</ele>
    <time>2026-07-16T03:35:10Z</time>
   </trkpt>
   <trkpt lat="37.4615030" lon="127.0280910">
    <ele>24.8</ele>
    <time>2026-07-16T03:35:11Z</time>
   </trkpt>
   <trkpt lat="37.4614570" lon="127.0280550">
    <ele>24.8</ele>
    <time>2026-07-16T03:35:12Z</time>
   </trkpt>
   <trkpt lat="37.4614090" lon="127.0280190">
    <ele>24.8</ele>
    <time>2026-07-16T03:35:13Z</time>
   </trkpt>
   <trkpt lat="37.4613630" lon="127.0279820">
    <ele>24.8</ele>
    <time>2026-07-16T03:35:14Z</time>
   </trkpt>
   <trkpt lat="37.4613180" lon="127.0279440">
    <ele>24.9</ele>
    <time>2026-07-16T03:35:15Z</time>
   </trkpt>
   <trkpt lat="37.4612700" lon="127.0279110">
    <ele>24.9</ele>
    <time>2026-07-16T03:35:16Z</time>
   </trkpt>
   <trkpt lat="37.4612230" lon="127.0278730">
    <ele>24.9</ele>
    <time>2026-07-16T03:35:17Z</time>
   </trkpt>
   <trkpt lat="37.4611760" lon="127.0278360">
    <ele>24.9</ele>
    <time>2026-07-16T03:35:18Z</time>
   </trkpt>
   <trkpt lat="37.4611290" lon="127.0278000">
    <ele>24.9</ele>
    <time>2026-07-16T03:35:19Z</time>
   </trkpt>
   <trkpt lat="37.4610830" lon="127.0277630">
    <ele>24.9</ele>
    <time>2026-07-16T03:35:20Z</time>
   </trkpt>
   <trkpt lat="37.4610370" lon="127.0277260">
    <ele>24.9</ele>
    <time>2026-07-16T03:35:21Z</time>
   </trkpt>
   <trkpt lat="37.4609920" lon="127.0276940">
    <ele>25.0</ele>
    <time>2026-07-16T03:35:22Z</time>
   </trkpt>
   <trkpt lat="37.4609500" lon="127.0276660">
    <ele>25.0</ele>
    <time>2026-07-16T03:35:23Z</time>
   </trkpt>
   <trkpt lat="37.4609120" lon="127.0276360">
    <ele>25.0</ele>
    <time>2026-07-16T03:35:24Z</time>
   </trkpt>
   <trkpt lat="37.4608690" lon="127.0276010">
    <ele>25.0</ele>
    <time>2026-07-16T03:35:25Z</time>
   </trkpt>
   <trkpt lat="37.4608260" lon="127.0275620">
    <ele>25.1</ele>
    <time>2026-07-16T03:35:26Z</time>
   </trkpt>
   <trkpt lat="37.4607800" lon="127.0275250">
    <ele>25.1</ele>
    <time>2026-07-16T03:35:27Z</time>
   </trkpt>
   <trkpt lat="37.4607320" lon="127.0274940">
    <ele>25.1</ele>
    <time>2026-07-16T03:35:28Z</time>
   </trkpt>
   <trkpt lat="37.4606840" lon="127.0274590">
    <ele>25.1</ele>
    <time>2026-07-16T03:35:29Z</time>
   </trkpt>
   <trkpt lat="37.4606350" lon="127.0274220">
    <ele>25.2</ele>
    <time>2026-07-16T03:35:30Z</time>
   </trkpt>
   <trkpt lat="37.4605890" lon="127.0273860">
    <ele>25.2</ele>
    <time>2026-07-16T03:35:31Z</time>
   </trkpt>
   <trkpt lat="37.4605420" lon="127.0273490">
    <ele>25.2</ele>
    <time>2026-07-16T03:35:32Z</time>
   </trkpt>
   <trkpt lat="37.4604940" lon="127.0273120">
    <ele>25.2</ele>
    <time>2026-07-16T03:35:33Z</time>
   </trkpt>
   <trkpt lat="37.4604450" lon="127.0272760">
    <ele>25.3</ele>
    <time>2026-07-16T03:35:34Z</time>
   </trkpt>
   <trkpt lat="37.4603880" lon="127.0272410">
    <ele>25.3</ele>
    <time>2026-07-16T03:35:35Z</time>
   </trkpt>
   <trkpt lat="37.4603430" lon="127.0272120">
    <ele>25.3</ele>
    <time>2026-07-16T03:35:36Z</time>
   </trkpt>
   <trkpt lat="37.4602950" lon="127.0271850">
    <ele>25.4</ele>
    <time>2026-07-16T03:35:37Z</time>
   </trkpt>
   <trkpt lat="37.4602450" lon="127.0271540">
    <ele>25.4</ele>
    <time>2026-07-16T03:35:38Z</time>
   </trkpt>
   <trkpt lat="37.4601920" lon="127.0271300">
    <ele>25.4</ele>
    <time>2026-07-16T03:35:39Z</time>
   </trkpt>
   <trkpt lat="37.4601520" lon="127.0270710">
    <ele>25.4</ele>
    <time>2026-07-16T03:35:40Z</time>
   </trkpt>
   <trkpt lat="37.4601030" lon="127.0270350">
    <ele>25.4</ele>
    <time>2026-07-16T03:35:41Z</time>
   </trkpt>
   <trkpt lat="37.4600540" lon="127.0270010">
    <ele>25.4</ele>
    <time>2026-07-16T03:35:42Z</time>
   </trkpt>
   <trkpt lat="37.4600080" lon="127.0269830">
    <ele>25.4</ele>
    <time>2026-07-16T03:35:43Z</time>
   </trkpt>
   <trkpt lat="37.4599590" lon="127.0269600">
    <ele>25.3</ele>
    <time>2026-07-16T03:35:44Z</time>
   </trkpt>
   <trkpt lat="37.4599110" lon="127.0269370">
    <ele>25.3</ele>
    <time>2026-07-16T03:35:45Z</time>
   </trkpt>
   <trkpt lat="37.4598690" lon="127.0269090">
    <ele>25.2</ele>
    <time>2026-07-16T03:35:46Z</time>
   </trkpt>
   <trkpt lat="37.4598310" lon="127.0268650">
    <ele>25.2</ele>
    <time>2026-07-16T03:35:47Z</time>
   </trkpt>
   <trkpt lat="37.4597920" lon="127.0268220">
    <ele>25.2</ele>
    <time>2026-07-16T03:35:48Z</time>
   </trkpt>
   <trkpt lat="37.4597420" lon="127.0267860">
    <ele>25.2</ele>
    <time>2026-07-16T03:35:49Z</time>
   </trkpt>
   <trkpt lat="37.4597020" lon="127.0267490">
    <ele>25.3</ele>
    <time>2026-07-16T03:35:50Z</time>
   </trkpt>
   <trkpt lat="37.4596500" lon="127.0267140">
    <ele>25.3</ele>
    <time>2026-07-16T03:35:51Z</time>
   </trkpt>
   <trkpt lat="37.4596050" lon="127.0266730">
    <ele>25.4</ele>
    <time>2026-07-16T03:35:52Z</time>
   </trkpt>
   <trkpt lat="37.4595620" lon="127.0266320">
    <ele>25.4</ele>
    <time>2026-07-16T03:35:53Z</time>
   </trkpt>
   <trkpt lat="37.4595180" lon="127.0265910">
    <ele>25.5</ele>
    <time>2026-07-16T03:35:54Z</time>
   </trkpt>
   <trkpt lat="37.4594700" lon="127.0265590">
    <ele>25.5</ele>
    <time>2026-07-16T03:35:55Z</time>
   </trkpt>
   <trkpt lat="37.4594240" lon="127.0265220">
    <ele>25.6</ele>
    <time>2026-07-16T03:35:56Z</time>
   </trkpt>
   <trkpt lat="37.4593770" lon="127.0264870">
    <ele>25.6</ele>
    <time>2026-07-16T03:35:57Z</time>
   </trkpt>
   <trkpt lat="37.4593290" lon="127.0264510">
    <ele>25.7</ele>
    <time>2026-07-16T03:35:58Z</time>
   </trkpt>
   <trkpt lat="37.4592810" lon="127.0264130">
    <ele>25.7</ele>
    <time>2026-07-16T03:35:59Z</time>
   </trkpt>
   <trkpt lat="37.4592340" lon="127.0263760">
    <ele>25.7</ele>
    <time>2026-07-16T03:36:00Z</time>
   </trkpt>
   <trkpt lat="37.4591840" lon="127.0263420">
    <ele>25.7</ele>
    <time>2026-07-16T03:36:01Z</time>
   </trkpt>
   <trkpt lat="37.4591360" lon="127.0263070">
    <ele>25.8</ele>
    <time>2026-07-16T03:36:02Z</time>
   </trkpt>
   <trkpt lat="37.4590920" lon="127.0262670">
    <ele>25.8</ele>
    <time>2026-07-16T03:36:03Z</time>
   </trkpt>
   <trkpt lat="37.4590470" lon="127.0262390">
    <ele>25.8</ele>
    <time>2026-07-16T03:36:04Z</time>
   </trkpt>
   <trkpt lat="37.4590050" lon="127.0262040">
    <ele>25.8</ele>
    <time>2026-07-16T03:36:05Z</time>
   </trkpt>
   <trkpt lat="37.4589570" lon="127.0261700">
    <ele>25.8</ele>
    <time>2026-07-16T03:36:06Z</time>
   </trkpt>
   <trkpt lat="37.4589090" lon="127.0261360">
    <ele>25.8</ele>
    <time>2026-07-16T03:36:07Z</time>
   </trkpt>
   <trkpt lat="37.4588620" lon="127.0260940">
    <ele>25.9</ele>
    <time>2026-07-16T03:36:08Z</time>
   </trkpt>
   <trkpt lat="37.4588150" lon="127.0260600">
    <ele>25.9</ele>
    <time>2026-07-16T03:36:09Z</time>
   </trkpt>
   <trkpt lat="37.4587670" lon="127.0260200">
    <ele>25.9</ele>
    <time>2026-07-16T03:36:10Z</time>
   </trkpt>
   <trkpt lat="37.4587220" lon="127.0259810">
    <ele>25.9</ele>
    <time>2026-07-16T03:36:11Z</time>
   </trkpt>
   <trkpt lat="37.4586750" lon="127.0259430">
    <ele>25.9</ele>
    <time>2026-07-16T03:36:12Z</time>
   </trkpt>
   <trkpt lat="37.4586270" lon="127.0259080">
    <ele>25.9</ele>
    <time>2026-07-16T03:36:13Z</time>
   </trkpt>
   <trkpt lat="37.4585810" lon="127.0258680">
    <ele>25.9</ele>
    <time>2026-07-16T03:36:14Z</time>
   </trkpt>
   <trkpt lat="37.4585370" lon="127.0258250">
    <ele>25.9</ele>
    <time>2026-07-16T03:36:15Z</time>
   </trkpt>
   <trkpt lat="37.4584930" lon="127.0257840">
    <ele>25.9</ele>
    <time>2026-07-16T03:36:16Z</time>
   </trkpt>
   <trkpt lat="37.4584490" lon="127.0257420">
    <ele>26.0</ele>
    <time>2026-07-16T03:36:17Z</time>
   </trkpt>
   <trkpt lat="37.4584070" lon="127.0256960">
    <ele>26.0</ele>
    <time>2026-07-16T03:36:18Z</time>
   </trkpt>
   <trkpt lat="37.4583680" lon="127.0256470">
    <ele>26.0</ele>
    <time>2026-07-16T03:36:19Z</time>
   </trkpt>
   <trkpt lat="37.4583310" lon="127.0255940">
    <ele>26.0</ele>
    <time>2026-07-16T03:36:20Z</time>
   </trkpt>
   <trkpt lat="37.4583010" lon="127.0255360">
    <ele>26.0</ele>
    <time>2026-07-16T03:36:21Z</time>
   </trkpt>
   <trkpt lat="37.4582730" lon="127.0254760">
    <ele>26.0</ele>
    <time>2026-07-16T03:36:22Z</time>
   </trkpt>
   <trkpt lat="37.4582450" lon="127.0254130">
    <ele>26.0</ele>
    <time>2026-07-16T03:36:23Z</time>
   </trkpt>
   <trkpt lat="37.4582170" lon="127.0253570">
    <ele>26.0</ele>
    <time>2026-07-16T03:36:24Z</time>
   </trkpt>
   <trkpt lat="37.4581900" lon="127.0253030">
    <ele>26.0</ele>
    <time>2026-07-16T03:36:25Z</time>
   </trkpt>
   <trkpt lat="37.4581700" lon="127.0252530">
    <ele>26.1</ele>
    <time>2026-07-16T03:36:26Z</time>
   </trkpt>
   <trkpt lat="37.4581450" lon="127.0251940">
    <ele>26.1</ele>
    <time>2026-07-16T03:36:27Z</time>
   </trkpt>
   <trkpt lat="37.4581200" lon="127.0251360">
    <ele>26.1</ele>
    <time>2026-07-16T03:36:28Z</time>
   </trkpt>
   <trkpt lat="37.4580940" lon="127.0250750">
    <ele>26.1</ele>
    <time>2026-07-16T03:36:29Z</time>
   </trkpt>
   <trkpt lat="37.4580700" lon="127.0250120">
    <ele>26.1</ele>
    <time>2026-07-16T03:36:30Z</time>
   </trkpt>
   <trkpt lat="37.4580430" lon="127.0249510">
    <ele>26.1</ele>
    <time>2026-07-16T03:36:31Z</time>
   </trkpt>
   <trkpt lat="37.4580190" lon="127.0248900">
    <ele>26.0</ele>
    <time>2026-07-16T03:36:32Z</time>
   </trkpt>
   <trkpt lat="37.4579920" lon="127.0248300">
    <ele>26.0</ele>
    <time>2026-07-16T03:36:33Z</time>
   </trkpt>
   <trkpt lat="37.4579670" lon="127.0247720">
    <ele>25.9</ele>
    <time>2026-07-16T03:36:34Z</time>
   </trkpt>
   <trkpt lat="37.4579430" lon="127.0247100">
    <ele>25.9</ele>
    <time>2026-07-16T03:36:35Z</time>
   </trkpt>
   <trkpt lat="37.4579180" lon="127.0246530">
    <ele>25.9</ele>
    <time>2026-07-16T03:36:36Z</time>
   </trkpt>
   <trkpt lat="37.4578910" lon="127.0245910">
    <ele>25.9</ele>
    <time>2026-07-16T03:36:37Z</time>
   </trkpt>
   <trkpt lat="37.4578670" lon="127.0245300">
    <ele>25.9</ele>
    <time>2026-07-16T03:36:38Z</time>
   </trkpt>
   <trkpt lat="37.4578440" lon="127.0244680">
    <ele>26.0</ele>
    <time>2026-07-16T03:36:39Z</time>
   </trkpt>
   <trkpt lat="37.4578210" lon="127.0244070">
    <ele>26.0</ele>
    <time>2026-07-16T03:36:40Z</time>
   </trkpt>
   <trkpt lat="37.4577950" lon="127.0243460">
    <ele>26.0</ele>
    <time>2026-07-16T03:36:41Z</time>
   </trkpt>
   <trkpt lat="37.4577700" lon="127.0242830">
    <ele>26.0</ele>
    <time>2026-07-16T03:36:42Z</time>
   </trkpt>
   <trkpt lat="37.4577440" lon="127.0242260">
    <ele>26.0</ele>
    <time>2026-07-16T03:36:43Z</time>
   </trkpt>
   <trkpt lat="37.4577230" lon="127.0241700">
    <ele>26.1</ele>
    <time>2026-07-16T03:36:44Z</time>
   </trkpt>
   <trkpt lat="37.4577000" lon="127.0241110">
    <ele>26.1</ele>
    <time>2026-07-16T03:36:45Z</time>
   </trkpt>
   <trkpt lat="37.4576760" lon="127.0240490">
    <ele>26.1</ele>
    <time>2026-07-16T03:36:46Z</time>
   </trkpt>
   <trkpt lat="37.4576520" lon="127.0239860">
    <ele>26.1</ele>
    <time>2026-07-16T03:36:47Z</time>
   </trkpt>
   <trkpt lat="37.4576260" lon="127.0239270">
    <ele>26.1</ele>
    <time>2026-07-16T03:36:48Z</time>
   </trkpt>
   <trkpt lat="37.4576010" lon="127.0238640">
    <ele>26.2</ele>
    <time>2026-07-16T03:36:49Z</time>
   </trkpt>
   <trkpt lat="37.4575740" lon="127.0238020">
    <ele>26.2</ele>
    <time>2026-07-16T03:36:50Z</time>
   </trkpt>
   <trkpt lat="37.4575500" lon="127.0237400">
    <ele>26.2</ele>
    <time>2026-07-16T03:36:51Z</time>
   </trkpt>
   <trkpt lat="37.4575260" lon="127.0236770">
    <ele>26.2</ele>
    <time>2026-07-16T03:36:52Z</time>
   </trkpt>
   <trkpt lat="37.4575000" lon="127.0236130">
    <ele>26.2</ele>
    <time>2026-07-16T03:36:53Z</time>
   </trkpt>
   <trkpt lat="37.4574780" lon="127.0235560">
    <ele>26.3</ele>
    <time>2026-07-16T03:36:54Z</time>
   </trkpt>
   <trkpt lat="37.4574540" lon="127.0234980">
    <ele>26.3</ele>
    <time>2026-07-16T03:36:55Z</time>
   </trkpt>
   <trkpt lat="37.4574290" lon="127.0234350">
    <ele>26.3</ele>
    <time>2026-07-16T03:36:56Z</time>
   </trkpt>
   <trkpt lat="37.4574030" lon="127.0233730">
    <ele>26.3</ele>
    <time>2026-07-16T03:36:57Z</time>
   </trkpt>
   <trkpt lat="37.4573800" lon="127.0233060">
    <ele>26.4</ele>
    <time>2026-07-16T03:36:58Z</time>
   </trkpt>
   <trkpt lat="37.4573550" lon="127.0232460">
    <ele>26.4</ele>
    <time>2026-07-16T03:36:59Z</time>
   </trkpt>
   <trkpt lat="37.4573280" lon="127.0231850">
    <ele>26.4</ele>
    <time>2026-07-16T03:37:00Z</time>
   </trkpt>
   <trkpt lat="37.4573030" lon="127.0231230">
    <ele>26.4</ele>
    <time>2026-07-16T03:37:01Z</time>
   </trkpt>
   <trkpt lat="37.4572740" lon="127.0230620">
    <ele>26.4</ele>
    <time>2026-07-16T03:37:02Z</time>
   </trkpt>
   <trkpt lat="37.4572480" lon="127.0229970">
    <ele>26.4</ele>
    <time>2026-07-16T03:37:03Z</time>
   </trkpt>
   <trkpt lat="37.4572280" lon="127.0229330">
    <ele>26.4</ele>
    <time>2026-07-16T03:37:04Z</time>
   </trkpt>
   <trkpt lat="37.4572050" lon="127.0228740">
    <ele>26.4</ele>
    <time>2026-07-16T03:37:05Z</time>
   </trkpt>
   <trkpt lat="37.4571770" lon="127.0228110">
    <ele>26.5</ele>
    <time>2026-07-16T03:37:06Z</time>
   </trkpt>
   <trkpt lat="37.4571540" lon="127.0227500">
    <ele>26.5</ele>
    <time>2026-07-16T03:37:07Z</time>
   </trkpt>
   <trkpt lat="37.4571270" lon="127.0226850">
    <ele>26.5</ele>
    <time>2026-07-16T03:37:08Z</time>
   </trkpt>
   <trkpt lat="37.4571010" lon="127.0226240">
    <ele>26.5</ele>
    <time>2026-07-16T03:37:09Z</time>
   </trkpt>
   <trkpt lat="37.4570760" lon="127.0225650">
    <ele>26.5</ele>
    <time>2026-07-16T03:37:10Z</time>
   </trkpt>
   <trkpt lat="37.4570560" lon="127.0225100">
    <ele>26.5</ele>
    <time>2026-07-16T03:37:11Z</time>
   </trkpt>
   <trkpt lat="37.4570360" lon="127.0224510">
    <ele>26.6</ele>
    <time>2026-07-16T03:37:12Z</time>
   </trkpt>
   <trkpt lat="37.4570110" lon="127.0223920">
    <ele>26.6</ele>
    <time>2026-07-16T03:37:13Z</time>
   </trkpt>
   <trkpt lat="37.4569830" lon="127.0223310">
    <ele>26.6</ele>
    <time>2026-07-16T03:37:14Z</time>
   </trkpt>
   <trkpt lat="37.4569570" lon="127.0222690">
    <ele>26.6</ele>
    <time>2026-07-16T03:37:15Z</time>
   </trkpt>
   <trkpt lat="37.4569330" lon="127.0222050">
    <ele>26.6</ele>
    <time>2026-07-16T03:37:16Z</time>
   </trkpt>
   <trkpt lat="37.4569080" lon="127.0221430">
    <ele>26.6</ele>
    <time>2026-07-16T03:37:17Z</time>
   </trkpt>
   <trkpt lat="37.4568830" lon="127.0220810">
    <ele>26.7</ele>
    <time>2026-07-16T03:37:18Z</time>
   </trkpt>
   <trkpt lat="37.4568560" lon="127.0220190">
    <ele>26.7</ele>
    <time>2026-07-16T03:37:19Z</time>
   </trkpt>
   <trkpt lat="37.4568290" lon="127.0219560">
    <ele>26.7</ele>
    <time>2026-07-16T03:37:20Z</time>
   </trkpt>
   <trkpt lat="37.4568050" lon="127.0218910">
    <ele>26.7</ele>
    <time>2026-07-16T03:37:21Z</time>
   </trkpt>
   <trkpt lat="37.4567810" lon="127.0218310">
    <ele>26.8</ele>
    <time>2026-07-16T03:37:22Z</time>
   </trkpt>
   <trkpt lat="37.4567600" lon="127.0217760">
    <ele>26.8</ele>
    <time>2026-07-16T03:37:23Z</time>
   </trkpt>
   <trkpt lat="37.4567380" lon="127.0217190">
    <ele>26.8</ele>
    <time>2026-07-16T03:37:24Z</time>
   </trkpt>
   <trkpt lat="37.4567140" lon="127.0216600">
    <ele>26.8</ele>
    <time>2026-07-16T03:37:25Z</time>
   </trkpt>
   <trkpt lat="37.4566890" lon="127.0215990">
    <ele>26.8</ele>
    <time>2026-07-16T03:37:26Z</time>
   </trkpt>
   <trkpt lat="37.4566650" lon="127.0215380">
    <ele>26.9</ele>
    <time>2026-07-16T03:37:27Z</time>
   </trkpt>
   <trkpt lat="37.4566410" lon="127.0214740">
    <ele>26.9</ele>
    <time>2026-07-16T03:37:28Z</time>
   </trkpt>
   <trkpt lat="37.4566150" lon="127.0214120">
    <ele>26.9</ele>
    <time>2026-07-16T03:37:29Z</time>
   </trkpt>
   <trkpt lat="37.4565900" lon="127.0213530">
    <ele>26.9</ele>
    <time>2026-07-16T03:37:30Z</time>
   </trkpt>
   <trkpt lat="37.4565680" lon="127.0212880">
    <ele>26.9</ele>
    <time>2026-07-16T03:37:31Z</time>
   </trkpt>
   <trkpt lat="37.4565430" lon="127.0212240">
    <ele>26.9</ele>
    <time>2026-07-16T03:37:32Z</time>
   </trkpt>
   <trkpt lat="37.4565150" lon="127.0211640">
    <ele>27.0</ele>
    <time>2026-07-16T03:37:33Z</time>
   </trkpt>
   <trkpt lat="37.4564870" lon="127.0211040">
    <ele>27.0</ele>
    <time>2026-07-16T03:37:34Z</time>
   </trkpt>
   <trkpt lat="37.4564660" lon="127.0210450">
    <ele>27.0</ele>
    <time>2026-07-16T03:37:35Z</time>
   </trkpt>
   <trkpt lat="37.4564430" lon="127.0209870">
    <ele>27.0</ele>
    <time>2026-07-16T03:37:36Z</time>
   </trkpt>
   <trkpt lat="37.4564150" lon="127.0209360">
    <ele>27.0</ele>
    <time>2026-07-16T03:37:37Z</time>
   </trkpt>
   <trkpt lat="37.4563960" lon="127.0208630">
    <ele>27.0</ele>
    <time>2026-07-16T03:37:38Z</time>
   </trkpt>
   <trkpt lat="37.4563790" lon="127.0208000">
    <ele>27.0</ele>
    <time>2026-07-16T03:37:39Z</time>
   </trkpt>
   <trkpt lat="37.4563590" lon="127.0207360">
    <ele>27.0</ele>
    <time>2026-07-16T03:37:40Z</time>
   </trkpt>
   <trkpt lat="37.4563220" lon="127.0206760">
    <ele>27.0</ele>
    <time>2026-07-16T03:37:41Z</time>
   </trkpt>
   <trkpt lat="37.4562980" lon="127.0206160">
    <ele>27.0</ele>
    <time>2026-07-16T03:37:42Z</time>
   </trkpt>
   <trkpt lat="37.4562790" lon="127.0205460">
    <ele>27.0</ele>
    <time>2026-07-16T03:37:43Z</time>
   </trkpt>
   <trkpt lat="37.4562610" lon="127.0204820">
    <ele>27.0</ele>
    <time>2026-07-16T03:37:44Z</time>
   </trkpt>
   <trkpt lat="37.4562390" lon="127.0204150">
    <ele>27.0</ele>
    <time>2026-07-16T03:37:45Z</time>
   </trkpt>
   <trkpt lat="37.4562170" lon="127.0203520">
    <ele>27.0</ele>
    <time>2026-07-16T03:37:46Z</time>
   </trkpt>
   <trkpt lat="37.4561970" lon="127.0202880">
    <ele>27.0</ele>
    <time>2026-07-16T03:37:47Z</time>
   </trkpt>
   <trkpt lat="37.4561770" lon="127.0202230">
    <ele>27.1</ele>
    <time>2026-07-16T03:37:48Z</time>
   </trkpt>
   <trkpt lat="37.4561580" lon="127.0201570">
    <ele>27.1</ele>
    <time>2026-07-16T03:37:49Z</time>
   </trkpt>
   <trkpt lat="37.4561420" lon="127.0200890">
    <ele>27.1</ele>
    <time>2026-07-16T03:37:50Z</time>
   </trkpt>
   <trkpt lat="37.4561250" lon="127.0200240">
    <ele>27.1</ele>
    <time>2026-07-16T03:37:51Z</time>
   </trkpt>
   <trkpt lat="37.4561090" lon="127.0199580">
    <ele>27.1</ele>
    <time>2026-07-16T03:37:52Z</time>
   </trkpt>
   <trkpt lat="37.4560940" lon="127.0198920">
    <ele>27.1</ele>
    <time>2026-07-16T03:37:53Z</time>
   </trkpt>
   <trkpt lat="37.4560800" lon="127.0198270">
    <ele>27.1</ele>
    <time>2026-07-16T03:37:54Z</time>
   </trkpt>
   <trkpt lat="37.4560620" lon="127.0197610">
    <ele>27.1</ele>
    <time>2026-07-16T03:37:55Z</time>
   </trkpt>
   <trkpt lat="37.4560450" lon="127.0196930">
    <ele>27.1</ele>
    <time>2026-07-16T03:37:56Z</time>
   </trkpt>
   <trkpt lat="37.4560330" lon="127.0196210">
    <ele>27.2</ele>
    <time>2026-07-16T03:37:57Z</time>
   </trkpt>
   <trkpt lat="37.4560160" lon="127.0195530">
    <ele>27.2</ele>
    <time>2026-07-16T03:37:58Z</time>
   </trkpt>
   <trkpt lat="37.4559990" lon="127.0194860">
    <ele>27.2</ele>
    <time>2026-07-16T03:37:59Z</time>
   </trkpt>
   <trkpt lat="37.4559800" lon="127.0194170">
    <ele>27.2</ele>
    <time>2026-07-16T03:38:00Z</time>
   </trkpt>
   <trkpt lat="37.4559640" lon="127.0193510">
    <ele>27.2</ele>
    <time>2026-07-16T03:38:01Z</time>
   </trkpt>
   <trkpt lat="37.4559500" lon="127.0192820">
    <ele>27.2</ele>
    <time>2026-07-16T03:38:02Z</time>
   </trkpt>
   <trkpt lat="37.4559430" lon="127.0192110">
    <ele>27.2</ele>
    <time>2026-07-16T03:38:03Z</time>
   </trkpt>
   <trkpt lat="37.4559390" lon="127.0191420">
    <ele>27.3</ele>
    <time>2026-07-16T03:38:04Z</time>
   </trkpt>
   <trkpt lat="37.4559250" lon="127.0190720">
    <ele>27.3</ele>
    <time>2026-07-16T03:38:05Z</time>
   </trkpt>
   <trkpt lat="37.4559170" lon="127.0190000">
    <ele>27.3</ele>
    <time>2026-07-16T03:38:06Z</time>
   </trkpt>
   <trkpt lat="37.4559090" lon="127.0189280">
    <ele>27.3</ele>
    <time>2026-07-16T03:38:07Z</time>
   </trkpt>
   <trkpt lat="37.4559000" lon="127.0188580">
    <ele>27.3</ele>
    <time>2026-07-16T03:38:08Z</time>
   </trkpt>
   <trkpt lat="37.4558900" lon="127.0187880">
    <ele>27.3</ele>
    <time>2026-07-16T03:38:09Z</time>
   </trkpt>
   <trkpt lat="37.4558800" lon="127.0187200">
    <ele>27.3</ele>
    <time>2026-07-16T03:38:10Z</time>
   </trkpt>
   <trkpt lat="37.4558740" lon="127.0186510">
    <ele>27.3</ele>
    <time>2026-07-16T03:38:11Z</time>
   </trkpt>
   <trkpt lat="37.4558680" lon="127.0185810">
    <ele>27.3</ele>
    <time>2026-07-16T03:38:12Z</time>
   </trkpt>
   <trkpt lat="37.4558560" lon="127.0185160">
    <ele>27.4</ele>
    <time>2026-07-16T03:38:13Z</time>
   </trkpt>
   <trkpt lat="37.4558490" lon="127.0184510">
    <ele>27.4</ele>
    <time>2026-07-16T03:38:14Z</time>
   </trkpt>
   <trkpt lat="37.4558390" lon="127.0183850">
    <ele>27.5</ele>
    <time>2026-07-16T03:38:15Z</time>
   </trkpt>
   <trkpt lat="37.4558260" lon="127.0183170">
    <ele>27.5</ele>
    <time>2026-07-16T03:38:16Z</time>
   </trkpt>
   <trkpt lat="37.4558200" lon="127.0182470">
    <ele>27.5</ele>
    <time>2026-07-16T03:38:17Z</time>
   </trkpt>
   <trkpt lat="37.4558110" lon="127.0181780">
    <ele>27.6</ele>
    <time>2026-07-16T03:38:18Z</time>
   </trkpt>
   <trkpt lat="37.4558010" lon="127.0181100">
    <ele>27.6</ele>
    <time>2026-07-16T03:38:19Z</time>
   </trkpt>
   <trkpt lat="37.4557920" lon="127.0180430">
    <ele>27.6</ele>
    <time>2026-07-16T03:38:20Z</time>
   </trkpt>
   <trkpt lat="37.4557840" lon="127.0179760">
    <ele>27.6</ele>
    <time>2026-07-16T03:38:21Z</time>
   </trkpt>
   <trkpt lat="37.4557720" lon="127.0179080">
    <ele>27.7</ele>
    <time>2026-07-16T03:38:22Z</time>
   </trkpt>
   <trkpt lat="37.4557650" lon="127.0178390">
    <ele>27.7</ele>
    <time>2026-07-16T03:38:23Z</time>
   </trkpt>
   <trkpt lat="37.4557580" lon="127.0177690">
    <ele>27.8</ele>
    <time>2026-07-16T03:38:24Z</time>
   </trkpt>
   <trkpt lat="37.4557490" lon="127.0177030">
    <ele>27.8</ele>
    <time>2026-07-16T03:38:25Z</time>
   </trkpt>
   <trkpt lat="37.4557400" lon="127.0176350">
    <ele>27.8</ele>
    <time>2026-07-16T03:38:26Z</time>
   </trkpt>
   <trkpt lat="37.4557310" lon="127.0175670">
    <ele>27.9</ele>
    <time>2026-07-16T03:38:27Z</time>
   </trkpt>
   <trkpt lat="37.4557190" lon="127.0175010">
    <ele>27.9</ele>
    <time>2026-07-16T03:38:28Z</time>
   </trkpt>
   <trkpt lat="37.4557120" lon="127.0174290">
    <ele>27.9</ele>
    <time>2026-07-16T03:38:29Z</time>
   </trkpt>
   <trkpt lat="37.4557020" lon="127.0173620">
    <ele>27.9</ele>
    <time>2026-07-16T03:38:30Z</time>
   </trkpt>
   <trkpt lat="37.4556900" lon="127.0172920">
    <ele>28.0</ele>
    <time>2026-07-16T03:38:31Z</time>
   </trkpt>
   <trkpt lat="37.4556780" lon="127.0172270">
    <ele>28.0</ele>
    <time>2026-07-16T03:38:32Z</time>
   </trkpt>
   <trkpt lat="37.4556640" lon="127.0171580">
    <ele>28.1</ele>
    <time>2026-07-16T03:38:33Z</time>
   </trkpt>
   <trkpt lat="37.4556490" lon="127.0170920">
    <ele>28.2</ele>
    <time>2026-07-16T03:38:34Z</time>
   </trkpt>
   <trkpt lat="37.4556390" lon="127.0170240">
    <ele>28.3</ele>
    <time>2026-07-16T03:38:35Z</time>
   </trkpt>
   <trkpt lat="37.4556330" lon="127.0169590">
    <ele>28.5</ele>
    <time>2026-07-16T03:38:36Z</time>
   </trkpt>
   <trkpt lat="37.4556270" lon="127.0168960">
    <ele>28.6</ele>
    <time>2026-07-16T03:38:37Z</time>
   </trkpt>
   <trkpt lat="37.4556130" lon="127.0168340">
    <ele>28.7</ele>
    <time>2026-07-16T03:38:38Z</time>
   </trkpt>
   <trkpt lat="37.4556020" lon="127.0167720">
    <ele>28.8</ele>
    <time>2026-07-16T03:38:39Z</time>
   </trkpt>
   <trkpt lat="37.4555960" lon="127.0167080">
    <ele>28.9</ele>
    <time>2026-07-16T03:38:40Z</time>
   </trkpt>
   <trkpt lat="37.4555900" lon="127.0166430">
    <ele>29.0</ele>
    <time>2026-07-16T03:38:41Z</time>
   </trkpt>
   <trkpt lat="37.4555840" lon="127.0165760">
    <ele>29.0</ele>
    <time>2026-07-16T03:38:42Z</time>
   </trkpt>
   <trkpt lat="37.4555750" lon="127.0165090">
    <ele>29.1</ele>
    <time>2026-07-16T03:38:43Z</time>
   </trkpt>
   <trkpt lat="37.4555650" lon="127.0164420">
    <ele>29.1</ele>
    <time>2026-07-16T03:38:44Z</time>
   </trkpt>
   <trkpt lat="37.4555600" lon="127.0163720">
    <ele>29.1</ele>
    <time>2026-07-16T03:38:45Z</time>
   </trkpt>
   <trkpt lat="37.4555510" lon="127.0163030">
    <ele>29.2</ele>
    <time>2026-07-16T03:38:46Z</time>
   </trkpt>
   <trkpt lat="37.4555440" lon="127.0162330">
    <ele>29.2</ele>
    <time>2026-07-16T03:38:47Z</time>
   </trkpt>
   <trkpt lat="37.4555350" lon="127.0161620">
    <ele>29.2</ele>
    <time>2026-07-16T03:38:48Z</time>
   </trkpt>
   <trkpt lat="37.4555270" lon="127.0160910">
    <ele>29.2</ele>
    <time>2026-07-16T03:38:49Z</time>
   </trkpt>
   <trkpt lat="37.4555190" lon="127.0160210">
    <ele>29.2</ele>
    <time>2026-07-16T03:38:50Z</time>
   </trkpt>
   <trkpt lat="37.4555120" lon="127.0159480">
    <ele>29.2</ele>
    <time>2026-07-16T03:38:51Z</time>
   </trkpt>
   <trkpt lat="37.4555070" lon="127.0158770">
    <ele>29.2</ele>
    <time>2026-07-16T03:38:52Z</time>
   </trkpt>
   <trkpt lat="37.4555000" lon="127.0158060">
    <ele>29.2</ele>
    <time>2026-07-16T03:38:53Z</time>
   </trkpt>
   <trkpt lat="37.4554910" lon="127.0157340">
    <ele>29.2</ele>
    <time>2026-07-16T03:38:54Z</time>
   </trkpt>
   <trkpt lat="37.4554850" lon="127.0156640">
    <ele>29.2</ele>
    <time>2026-07-16T03:38:55Z</time>
   </trkpt>
   <trkpt lat="37.4554820" lon="127.0155930">
    <ele>29.2</ele>
    <time>2026-07-16T03:38:56Z</time>
   </trkpt>
   <trkpt lat="37.4554750" lon="127.0155250">
    <ele>29.2</ele>
    <time>2026-07-16T03:38:57Z</time>
   </trkpt>
   <trkpt lat="37.4554720" lon="127.0154550">
    <ele>29.2</ele>
    <time>2026-07-16T03:38:58Z</time>
   </trkpt>
   <trkpt lat="37.4554700" lon="127.0153830">
    <ele>29.2</ele>
    <time>2026-07-16T03:38:59Z</time>
   </trkpt>
   <trkpt lat="37.4554740" lon="127.0153180">
    <ele>29.2</ele>
    <time>2026-07-16T03:39:00Z</time>
   </trkpt>
   <trkpt lat="37.4554780" lon="127.0152510">
    <ele>29.2</ele>
    <time>2026-07-16T03:39:01Z</time>
   </trkpt>
   <trkpt lat="37.4554820" lon="127.0151830">
    <ele>29.2</ele>
    <time>2026-07-16T03:39:02Z</time>
   </trkpt>
   <trkpt lat="37.4554830" lon="127.0151100">
    <ele>29.2</ele>
    <time>2026-07-16T03:39:03Z</time>
   </trkpt>
   <trkpt lat="37.4554860" lon="127.0150390">
    <ele>29.2</ele>
    <time>2026-07-16T03:39:04Z</time>
   </trkpt>
   <trkpt lat="37.4554910" lon="127.0149680">
    <ele>29.2</ele>
    <time>2026-07-16T03:39:05Z</time>
   </trkpt>
   <trkpt lat="37.4554950" lon="127.0149000">
    <ele>29.2</ele>
    <time>2026-07-16T03:39:06Z</time>
   </trkpt>
   <trkpt lat="37.4555010" lon="127.0148260">
    <ele>29.3</ele>
    <time>2026-07-16T03:39:07Z</time>
   </trkpt>
   <trkpt lat="37.4555050" lon="127.0147560">
    <ele>29.3</ele>
    <time>2026-07-16T03:39:08Z</time>
   </trkpt>
   <trkpt lat="37.4555070" lon="127.0146880">
    <ele>29.3</ele>
    <time>2026-07-16T03:39:09Z</time>
   </trkpt>
   <trkpt lat="37.4555080" lon="127.0146210">
    <ele>29.3</ele>
    <time>2026-07-16T03:39:10Z</time>
   </trkpt>
   <trkpt lat="37.4554990" lon="127.0145520">
    <ele>29.4</ele>
    <time>2026-07-16T03:39:11Z</time>
   </trkpt>
   <trkpt lat="37.4554750" lon="127.0144910">
    <ele>29.4</ele>
    <time>2026-07-16T03:39:12Z</time>
   </trkpt>
   <trkpt lat="37.4554380" lon="127.0144470">
    <ele>29.4</ele>
    <time>2026-07-16T03:39:13Z</time>
   </trkpt>
   <trkpt lat="37.4554020" lon="127.0144030">
    <ele>29.4</ele>
    <time>2026-07-16T03:39:14Z</time>
   </trkpt>
   <trkpt lat="37.4553670" lon="127.0143530">
    <ele>29.4</ele>
    <time>2026-07-16T03:39:15Z</time>
   </trkpt>
   <trkpt lat="37.4553610" lon="127.0142910">
    <ele>29.4</ele>
    <time>2026-07-16T03:39:16Z</time>
   </trkpt>
   <trkpt lat="37.4553490" lon="127.0142310">
    <ele>29.4</ele>
    <time>2026-07-16T03:39:17Z</time>
   </trkpt>
   <trkpt lat="37.4553690" lon="127.0141670">
    <ele>29.4</ele>
    <time>2026-07-16T03:39:18Z</time>
   </trkpt>
   <trkpt lat="37.4553860" lon="127.0141070">
    <ele>29.3</ele>
    <time>2026-07-16T03:39:19Z</time>
   </trkpt>
   <trkpt lat="37.4553980" lon="127.0140400">
    <ele>29.3</ele>
    <time>2026-07-16T03:39:20Z</time>
   </trkpt>
   <trkpt lat="37.4554040" lon="127.0139760">
    <ele>29.3</ele>
    <time>2026-07-16T03:39:21Z</time>
   </trkpt>
   <trkpt lat="37.4554100" lon="127.0139080">
    <ele>29.3</ele>
    <time>2026-07-16T03:39:22Z</time>
   </trkpt>
   <trkpt lat="37.4554140" lon="127.0138470">
    <ele>29.3</ele>
    <time>2026-07-16T03:39:23Z</time>
   </trkpt>
   <trkpt lat="37.4554160" lon="127.0137830">
    <ele>29.4</ele>
    <time>2026-07-16T03:39:24Z</time>
   </trkpt>
   <trkpt lat="37.4554220" lon="127.0137170">
    <ele>29.4</ele>
    <time>2026-07-16T03:39:25Z</time>
   </trkpt>
   <trkpt lat="37.4554300" lon="127.0136490">
    <ele>29.4</ele>
    <time>2026-07-16T03:39:26Z</time>
   </trkpt>
   <trkpt lat="37.4554350" lon="127.0135870">
    <ele>29.4</ele>
    <time>2026-07-16T03:39:27Z</time>
   </trkpt>
   <trkpt lat="37.4554360" lon="127.0135280">
    <ele>29.4</ele>
    <time>2026-07-16T03:39:28Z</time>
   </trkpt>
   <trkpt lat="37.4554370" lon="127.0134690">
    <ele>29.5</ele>
    <time>2026-07-16T03:39:29Z</time>
   </trkpt>
   <trkpt lat="37.4554370" lon="127.0134080">
    <ele>29.5</ele>
    <time>2026-07-16T03:39:30Z</time>
   </trkpt>
   <trkpt lat="37.4554410" lon="127.0133430">
    <ele>29.5</ele>
    <time>2026-07-16T03:39:31Z</time>
   </trkpt>
   <trkpt lat="37.4554430" lon="127.0132770">
    <ele>29.5</ele>
    <time>2026-07-16T03:39:32Z</time>
   </trkpt>
   <trkpt lat="37.4554410" lon="127.0132120">
    <ele>29.5</ele>
    <time>2026-07-16T03:39:33Z</time>
   </trkpt>
   <trkpt lat="37.4554270" lon="127.0131350">
    <ele>29.6</ele>
    <time>2026-07-16T03:39:34Z</time>
   </trkpt>
   <trkpt lat="37.4554260" lon="127.0130750">
    <ele>29.6</ele>
    <time>2026-07-16T03:39:35Z</time>
   </trkpt>
   <trkpt lat="37.4554260" lon="127.0130140">
    <ele>29.6</ele>
    <time>2026-07-16T03:39:36Z</time>
   </trkpt>
   <trkpt lat="37.4554280" lon="127.0129480">
    <ele>29.7</ele>
    <time>2026-07-16T03:39:37Z</time>
   </trkpt>
   <trkpt lat="37.4554250" lon="127.0128770">
    <ele>29.7</ele>
    <time>2026-07-16T03:39:38Z</time>
   </trkpt>
   <trkpt lat="37.4554170" lon="127.0128060">
    <ele>29.7</ele>
    <time>2026-07-16T03:39:39Z</time>
   </trkpt>
   <trkpt lat="37.4554120" lon="127.0127430">
    <ele>29.8</ele>
    <time>2026-07-16T03:39:40Z</time>
   </trkpt>
   <trkpt lat="37.4554030" lon="127.0126840">
    <ele>29.8</ele>
    <time>2026-07-16T03:39:41Z</time>
   </trkpt>
   <trkpt lat="37.4553990" lon="127.0126190">
    <ele>29.8</ele>
    <time>2026-07-16T03:39:42Z</time>
   </trkpt>
   <trkpt lat="37.4553900" lon="127.0125540">
    <ele>29.8</ele>
    <time>2026-07-16T03:39:43Z</time>
   </trkpt>
   <trkpt lat="37.4553880" lon="127.0124860">
    <ele>29.8</ele>
    <time>2026-07-16T03:39:44Z</time>
   </trkpt>
   <trkpt lat="37.4553850" lon="127.0124140">
    <ele>29.9</ele>
    <time>2026-07-16T03:39:45Z</time>
   </trkpt>
   <trkpt lat="37.4553810" lon="127.0123410">
    <ele>29.9</ele>
    <time>2026-07-16T03:39:46Z</time>
   </trkpt>
   <trkpt lat="37.4553730" lon="127.0122710">
    <ele>29.9</ele>
    <time>2026-07-16T03:39:47Z</time>
   </trkpt>
   <trkpt lat="37.4553680" lon="127.0122060">
    <ele>30.0</ele>
    <time>2026-07-16T03:39:48Z</time>
   </trkpt>
   <trkpt lat="37.4553650" lon="127.0121450">
    <ele>30.0</ele>
    <time>2026-07-16T03:39:49Z</time>
   </trkpt>
   <trkpt lat="37.4553580" lon="127.0120850">
    <ele>30.0</ele>
    <time>2026-07-16T03:39:50Z</time>
   </trkpt>
   <trkpt lat="37.4553520" lon="127.0120260">
    <ele>30.0</ele>
    <time>2026-07-16T03:39:51Z</time>
   </trkpt>
   <trkpt lat="37.4553420" lon="127.0119640">
    <ele>30.1</ele>
    <time>2026-07-16T03:39:52Z</time>
   </trkpt>
   <trkpt lat="37.4553330" lon="127.0118990">
    <ele>30.1</ele>
    <time>2026-07-16T03:39:53Z</time>
   </trkpt>
   <trkpt lat="37.4553260" lon="127.0118280">
    <ele>30.2</ele>
    <time>2026-07-16T03:39:54Z</time>
   </trkpt>
   <trkpt lat="37.4553230" lon="127.0117600">
    <ele>30.2</ele>
    <time>2026-07-16T03:39:55Z</time>
   </trkpt>
   <trkpt lat="37.4553190" lon="127.0116920">
    <ele>30.2</ele>
    <time>2026-07-16T03:39:56Z</time>
   </trkpt>
   <trkpt lat="37.4553140" lon="127.0116200">
    <ele>30.3</ele>
    <time>2026-07-16T03:39:57Z</time>
   </trkpt>
   <trkpt lat="37.4553050" lon="127.0115500">
    <ele>30.3</ele>
    <time>2026-07-16T03:39:58Z</time>
   </trkpt>
   <trkpt lat="37.4552990" lon="127.0114800">
    <ele>30.4</ele>
    <time>2026-07-16T03:39:59Z</time>
   </trkpt>
   <trkpt lat="37.4552960" lon="127.0114140">
    <ele>30.4</ele>
    <time>2026-07-16T03:40:00Z</time>
   </trkpt>
   <trkpt lat="37.4552780" lon="127.0113610">
    <ele>30.4</ele>
    <time>2026-07-16T03:40:01Z</time>
   </trkpt>
   <trkpt lat="37.4552540" lon="127.0113270">
    <ele>30.4</ele>
    <time>2026-07-16T03:40:02Z</time>
   </trkpt>
   <trkpt lat="37.4552160" lon="127.0112990">
    <ele>30.5</ele>
    <time>2026-07-16T03:40:03Z</time>
   </trkpt>
   <trkpt lat="37.4552580" lon="127.0112030">
    <ele>30.5</ele>
    <time>2026-07-16T03:40:04Z</time>
   </trkpt>
   <trkpt lat="37.4552540" lon="127.0111430">
    <ele>30.5</ele>
    <time>2026-07-16T03:40:05Z</time>
   </trkpt>
   <trkpt lat="37.4552470" lon="127.0110860">
    <ele>30.5</ele>
    <time>2026-07-16T03:40:06Z</time>
   </trkpt>
   <trkpt lat="37.4552430" lon="127.0110320">
    <ele>30.6</ele>
    <time>2026-07-16T03:40:07Z</time>
   </trkpt>
   <trkpt lat="37.4552350" lon="127.0109730">
    <ele>30.6</ele>
    <time>2026-07-16T03:40:08Z</time>
   </trkpt>
   <trkpt lat="37.4552240" lon="127.0109090">
    <ele>30.6</ele>
    <time>2026-07-16T03:40:09Z</time>
   </trkpt>
   <trkpt lat="37.4552170" lon="127.0108410">
    <ele>30.6</ele>
    <time>2026-07-16T03:40:10Z</time>
   </trkpt>
   <trkpt lat="37.4552090" lon="127.0107720">
    <ele>30.6</ele>
    <time>2026-07-16T03:40:11Z</time>
   </trkpt>
   <trkpt lat="37.4551940" lon="127.0107100">
    <ele>30.7</ele>
    <time>2026-07-16T03:40:12Z</time>
   </trkpt>
   <trkpt lat="37.4551810" lon="127.0106460">
    <ele>30.7</ele>
    <time>2026-07-16T03:40:13Z</time>
   </trkpt>
   <trkpt lat="37.4551740" lon="127.0105810">
    <ele>30.7</ele>
    <time>2026-07-16T03:40:14Z</time>
   </trkpt>
   <trkpt lat="37.4551630" lon="127.0105120">
    <ele>30.7</ele>
    <time>2026-07-16T03:40:15Z</time>
   </trkpt>
   <trkpt lat="37.4551520" lon="127.0104410">
    <ele>30.7</ele>
    <time>2026-07-16T03:40:16Z</time>
   </trkpt>
   <trkpt lat="37.4551410" lon="127.0103740">
    <ele>30.7</ele>
    <time>2026-07-16T03:40:17Z</time>
   </trkpt>
   <trkpt lat="37.4551320" lon="127.0103060">
    <ele>30.7</ele>
    <time>2026-07-16T03:40:18Z</time>
   </trkpt>
   <trkpt lat="37.4551190" lon="127.0102360">
    <ele>30.7</ele>
    <time>2026-07-16T03:40:19Z</time>
   </trkpt>
   <trkpt lat="37.4551070" lon="127.0101670">
    <ele>30.7</ele>
    <time>2026-07-16T03:40:20Z</time>
   </trkpt>
   <trkpt lat="37.4550960" lon="127.0101000">
    <ele>30.7</ele>
    <time>2026-07-16T03:40:21Z</time>
   </trkpt>
   <trkpt lat="37.4550810" lon="127.0100330">
    <ele>30.7</ele>
    <time>2026-07-16T03:40:22Z</time>
   </trkpt>
   <trkpt lat="37.4550670" lon="127.0099650">
    <ele>30.7</ele>
    <time>2026-07-16T03:40:23Z</time>
   </trkpt>
   <trkpt lat="37.4550570" lon="127.0098960">
    <ele>30.7</ele>
    <time>2026-07-16T03:40:24Z</time>
   </trkpt>
   <trkpt lat="37.4550440" lon="127.0098270">
    <ele>30.7</ele>
    <time>2026-07-16T03:40:25Z</time>
   </trkpt>
   <trkpt lat="37.4550310" lon="127.0097560">
    <ele>30.8</ele>
    <time>2026-07-16T03:40:26Z</time>
   </trkpt>
   <trkpt lat="37.4550220" lon="127.0096890">
    <ele>30.8</ele>
    <time>2026-07-16T03:40:27Z</time>
   </trkpt>
   <trkpt lat="37.4550090" lon="127.0096190">
    <ele>30.8</ele>
    <time>2026-07-16T03:40:28Z</time>
   </trkpt>
   <trkpt lat="37.4549950" lon="127.0095530">
    <ele>30.8</ele>
    <time>2026-07-16T03:40:29Z</time>
   </trkpt>
   <trkpt lat="37.4549870" lon="127.0094890">
    <ele>30.8</ele>
    <time>2026-07-16T03:40:30Z</time>
   </trkpt>
   <trkpt lat="37.4549820" lon="127.0094280">
    <ele>30.9</ele>
    <time>2026-07-16T03:40:31Z</time>
   </trkpt>
   <trkpt lat="37.4549730" lon="127.0093720">
    <ele>30.9</ele>
    <time>2026-07-16T03:40:32Z</time>
   </trkpt>
   <trkpt lat="37.4549580" lon="127.0093180">
    <ele>30.9</ele>
    <time>2026-07-16T03:40:33Z</time>
   </trkpt>
   <trkpt lat="37.4549430" lon="127.0092600">
    <ele>31.0</ele>
    <time>2026-07-16T03:40:34Z</time>
   </trkpt>
   <trkpt lat="37.4549320" lon="127.0091970">
    <ele>31.1</ele>
    <time>2026-07-16T03:40:35Z</time>
   </trkpt>
   <trkpt lat="37.4549190" lon="127.0091600">
    <ele>31.1</ele>
    <time>2026-07-16T03:40:36Z</time>
   </trkpt>
   <trkpt lat="37.4549010" lon="127.0091070">
    <ele>31.2</ele>
    <time>2026-07-16T03:40:37Z</time>
   </trkpt>
   <trkpt lat="37.4548940" lon="127.0090200">
    <ele>31.2</ele>
    <time>2026-07-16T03:40:38Z</time>
   </trkpt>
   <trkpt lat="37.4548810" lon="127.0089530">
    <ele>31.3</ele>
    <time>2026-07-16T03:40:39Z</time>
   </trkpt>
   <trkpt lat="37.4548750" lon="127.0088980">
    <ele>31.3</ele>
    <time>2026-07-16T03:40:40Z</time>
   </trkpt>
   <trkpt lat="37.4548630" lon="127.0088300">
    <ele>31.3</ele>
    <time>2026-07-16T03:40:41Z</time>
   </trkpt>
   <trkpt lat="37.4548490" lon="127.0087610">
    <ele>31.4</ele>
    <time>2026-07-16T03:40:42Z</time>
   </trkpt>
   <trkpt lat="37.4548300" lon="127.0086950">
    <ele>31.5</ele>
    <time>2026-07-16T03:40:43Z</time>
   </trkpt>
   <trkpt lat="37.4548130" lon="127.0086260">
    <ele>31.5</ele>
    <time>2026-07-16T03:40:44Z</time>
   </trkpt>
   <trkpt lat="37.4547940" lon="127.0085590">
    <ele>31.6</ele>
    <time>2026-07-16T03:40:45Z</time>
   </trkpt>
   <trkpt lat="37.4547790" lon="127.0084920">
    <ele>31.7</ele>
    <time>2026-07-16T03:40:46Z</time>
   </trkpt>
   <trkpt lat="37.4547550" lon="127.0084260">
    <ele>31.8</ele>
    <time>2026-07-16T03:40:47Z</time>
   </trkpt>
   <trkpt lat="37.4547340" lon="127.0083620">
    <ele>31.8</ele>
    <time>2026-07-16T03:40:48Z</time>
   </trkpt>
   <trkpt lat="37.4547180" lon="127.0082970">
    <ele>31.9</ele>
    <time>2026-07-16T03:40:49Z</time>
   </trkpt>
   <trkpt lat="37.4546970" lon="127.0082330">
    <ele>31.9</ele>
    <time>2026-07-16T03:40:50Z</time>
   </trkpt>
   <trkpt lat="37.4546760" lon="127.0081690">
    <ele>32.0</ele>
    <time>2026-07-16T03:40:51Z</time>
   </trkpt>
   <trkpt lat="37.4546550" lon="127.0081030">
    <ele>32.0</ele>
    <time>2026-07-16T03:40:52Z</time>
   </trkpt>
   <trkpt lat="37.4546370" lon="127.0080380">
    <ele>32.1</ele>
    <time>2026-07-16T03:40:53Z</time>
   </trkpt>
   <trkpt lat="37.4546290" lon="127.0079690">
    <ele>32.2</ele>
    <time>2026-07-16T03:40:54Z</time>
   </trkpt>
   <trkpt lat="37.4546360" lon="127.0078950">
    <ele>32.2</ele>
    <time>2026-07-16T03:40:55Z</time>
   </trkpt>
   <trkpt lat="37.4546470" lon="127.0078290">
    <ele>32.3</ele>
    <time>2026-07-16T03:40:56Z</time>
   </trkpt>
   <trkpt lat="37.4546560" lon="127.0077700">
    <ele>32.3</ele>
    <time>2026-07-16T03:40:57Z</time>
   </trkpt>
   <trkpt lat="37.4546670" lon="127.0077120">
    <ele>32.3</ele>
    <time>2026-07-16T03:40:58Z</time>
   </trkpt>
   <trkpt lat="37.4546750" lon="127.0076580">
    <ele>32.3</ele>
    <time>2026-07-16T03:40:59Z</time>
   </trkpt>
   <trkpt lat="37.4546840" lon="127.0076030">
    <ele>32.3</ele>
    <time>2026-07-16T03:41:00Z</time>
   </trkpt>
   <trkpt lat="37.4546930" lon="127.0075420">
    <ele>32.3</ele>
    <time>2026-07-16T03:41:01Z</time>
   </trkpt>
   <trkpt lat="37.4546940" lon="127.0074750">
    <ele>32.3</ele>
    <time>2026-07-16T03:41:02Z</time>
   </trkpt>
   <trkpt lat="37.4546730" lon="127.0074090">
    <ele>32.3</ele>
    <time>2026-07-16T03:41:03Z</time>
   </trkpt>
   <trkpt lat="37.4546430" lon="127.0073490">
    <ele>32.2</ele>
    <time>2026-07-16T03:41:04Z</time>
   </trkpt>
   <trkpt lat="37.4546100" lon="127.0072950">
    <ele>32.2</ele>
    <time>2026-07-16T03:41:05Z</time>
   </trkpt>
   <trkpt lat="37.4545750" lon="127.0072380">
    <ele>32.1</ele>
    <time>2026-07-16T03:41:06Z</time>
   </trkpt>
   <trkpt lat="37.4545410" lon="127.0071800">
    <ele>32.1</ele>
    <time>2026-07-16T03:41:07Z</time>
   </trkpt>
   <trkpt lat="37.4545080" lon="127.0071230">
    <ele>32.0</ele>
    <time>2026-07-16T03:41:08Z</time>
   </trkpt>
   <trkpt lat="37.4544760" lon="127.0070670">
    <ele>32.0</ele>
    <time>2026-07-16T03:41:09Z</time>
   </trkpt>
   <trkpt lat="37.4544430" lon="127.0070070">
    <ele>32.0</ele>
    <time>2026-07-16T03:41:10Z</time>
   </trkpt>
   <trkpt lat="37.4544090" lon="127.0069500">
    <ele>31.9</ele>
    <time>2026-07-16T03:41:11Z</time>
   </trkpt>
   <trkpt lat="37.4543710" lon="127.0068920">
    <ele>31.9</ele>
    <time>2026-07-16T03:41:12Z</time>
   </trkpt>
   <trkpt lat="37.4543370" lon="127.0068330">
    <ele>31.8</ele>
    <time>2026-07-16T03:41:13Z</time>
   </trkpt>
   <trkpt lat="37.4542990" lon="127.0067750">
    <ele>31.8</ele>
    <time>2026-07-16T03:41:14Z</time>
   </trkpt>
   <trkpt lat="37.4542550" lon="127.0067270">
    <ele>31.8</ele>
    <time>2026-07-16T03:41:15Z</time>
   </trkpt>
   <trkpt lat="37.4542110" lon="127.0066840">
    <ele>31.8</ele>
    <time>2026-07-16T03:41:16Z</time>
   </trkpt>
   <trkpt lat="37.4541680" lon="127.0066290">
    <ele>31.8</ele>
    <time>2026-07-16T03:41:17Z</time>
   </trkpt>
   <trkpt lat="37.4541290" lon="127.0065830">
    <ele>31.8</ele>
    <time>2026-07-16T03:41:18Z</time>
   </trkpt>
   <trkpt lat="37.4540850" lon="127.0065380">
    <ele>31.8</ele>
    <time>2026-07-16T03:41:19Z</time>
   </trkpt>
   <trkpt lat="37.4540410" lon="127.0064970">
    <ele>31.8</ele>
    <time>2026-07-16T03:41:20Z</time>
   </trkpt>
   <trkpt lat="37.4540010" lon="127.0064520">
    <ele>31.8</ele>
    <time>2026-07-16T03:41:21Z</time>
   </trkpt>
   <trkpt lat="37.4539610" lon="127.0064060">
    <ele>31.8</ele>
    <time>2026-07-16T03:41:22Z</time>
   </trkpt>
   <trkpt lat="37.4539150" lon="127.0063610">
    <ele>31.9</ele>
    <time>2026-07-16T03:41:23Z</time>
   </trkpt>
   <trkpt lat="37.4538740" lon="127.0063140">
    <ele>31.9</ele>
    <time>2026-07-16T03:41:24Z</time>
   </trkpt>
   <trkpt lat="37.4538340" lon="127.0062630">
    <ele>31.9</ele>
    <time>2026-07-16T03:41:25Z</time>
   </trkpt>
   <trkpt lat="37.4538030" lon="127.0062040">
    <ele>31.9</ele>
    <time>2026-07-16T03:41:26Z</time>
   </trkpt>
   <trkpt lat="37.4537750" lon="127.0061440">
    <ele>31.9</ele>
    <time>2026-07-16T03:41:27Z</time>
   </trkpt>
   <trkpt lat="37.4537440" lon="127.0060870">
    <ele>31.9</ele>
    <time>2026-07-16T03:41:28Z</time>
   </trkpt>
   <trkpt lat="37.4537100" lon="127.0060300">
    <ele>31.9</ele>
    <time>2026-07-16T03:41:29Z</time>
   </trkpt>
   <trkpt lat="37.4536760" lon="127.0059750">
    <ele>31.9</ele>
    <time>2026-07-16T03:41:30Z</time>
   </trkpt>
   <trkpt lat="37.4536400" lon="127.0059180">
    <ele>31.9</ele>
    <time>2026-07-16T03:41:31Z</time>
   </trkpt>
   <trkpt lat="37.4536080" lon="127.0058590">
    <ele>32.0</ele>
    <time>2026-07-16T03:41:32Z</time>
   </trkpt>
   <trkpt lat="37.4535810" lon="127.0057990">
    <ele>32.0</ele>
    <time>2026-07-16T03:41:33Z</time>
   </trkpt>
   <trkpt lat="37.4535490" lon="127.0057400">
    <ele>32.0</ele>
    <time>2026-07-16T03:41:34Z</time>
   </trkpt>
   <trkpt lat="37.4535210" lon="127.0056790">
    <ele>32.0</ele>
    <time>2026-07-16T03:41:35Z</time>
   </trkpt>
   <trkpt lat="37.4534880" lon="127.0056220">
    <ele>32.0</ele>
    <time>2026-07-16T03:41:36Z</time>
   </trkpt>
   <trkpt lat="37.4534550" lon="127.0055650">
    <ele>32.0</ele>
    <time>2026-07-16T03:41:37Z</time>
   </trkpt>
   <trkpt lat="37.4534240" lon="127.0055060">
    <ele>32.1</ele>
    <time>2026-07-16T03:41:38Z</time>
   </trkpt>
   <trkpt lat="37.4533910" lon="127.0054500">
    <ele>32.1</ele>
    <time>2026-07-16T03:41:39Z</time>
   </trkpt>
   <trkpt lat="37.4533640" lon="127.0053910">
    <ele>32.1</ele>
    <time>2026-07-16T03:41:40Z</time>
   </trkpt>
   <trkpt lat="37.4533390" lon="127.0053280">
    <ele>32.2</ele>
    <time>2026-07-16T03:41:41Z</time>
   </trkpt>
   <trkpt lat="37.4533090" lon="127.0052710">
    <ele>32.2</ele>
    <time>2026-07-16T03:41:42Z</time>
   </trkpt>
   <trkpt lat="37.4532830" lon="127.0052100">
    <ele>32.2</ele>
    <time>2026-07-16T03:41:43Z</time>
   </trkpt>
   <trkpt lat="37.4532570" lon="127.0051500">
    <ele>32.2</ele>
    <time>2026-07-16T03:41:44Z</time>
   </trkpt>
   <trkpt lat="37.4532320" lon="127.0050880">
    <ele>32.3</ele>
    <time>2026-07-16T03:41:45Z</time>
   </trkpt>
   <trkpt lat="37.4532050" lon="127.0050290">
    <ele>32.3</ele>
    <time>2026-07-16T03:41:46Z</time>
   </trkpt>
   <trkpt lat="37.4531850" lon="127.0049640">
    <ele>32.3</ele>
    <time>2026-07-16T03:41:47Z</time>
   </trkpt>
   <trkpt lat="37.4531690" lon="127.0049010">
    <ele>32.4</ele>
    <time>2026-07-16T03:41:48Z</time>
   </trkpt>
   <trkpt lat="37.4531550" lon="127.0048340">
    <ele>32.4</ele>
    <time>2026-07-16T03:41:49Z</time>
   </trkpt>
   <trkpt lat="37.4531410" lon="127.0047710">
    <ele>32.5</ele>
    <time>2026-07-16T03:41:50Z</time>
   </trkpt>
   <trkpt lat="37.4531270" lon="127.0047130">
    <ele>32.5</ele>
    <time>2026-07-16T03:41:51Z</time>
   </trkpt>
   <trkpt lat="37.4531110" lon="127.0046540">
    <ele>32.6</ele>
    <time>2026-07-16T03:41:52Z</time>
   </trkpt>
   <trkpt lat="37.4531000" lon="127.0045900">
    <ele>32.7</ele>
    <time>2026-07-16T03:41:53Z</time>
   </trkpt>
   <trkpt lat="37.4530860" lon="127.0045290">
    <ele>32.7</ele>
    <time>2026-07-16T03:41:54Z</time>
   </trkpt>
   <trkpt lat="37.4530690" lon="127.0044680">
    <ele>32.8</ele>
    <time>2026-07-16T03:41:55Z</time>
   </trkpt>
   <trkpt lat="37.4530550" lon="127.0044060">
    <ele>32.9</ele>
    <time>2026-07-16T03:41:56Z</time>
   </trkpt>
   <trkpt lat="37.4530390" lon="127.0043420">
    <ele>33.0</ele>
    <time>2026-07-16T03:41:57Z</time>
   </trkpt>
   <trkpt lat="37.4530170" lon="127.0042820">
    <ele>33.1</ele>
    <time>2026-07-16T03:41:58Z</time>
   </trkpt>
   <trkpt lat="37.4529940" lon="127.0042260">
    <ele>33.2</ele>
    <time>2026-07-16T03:41:59Z</time>
   </trkpt>
   <trkpt lat="37.4529710" lon="127.0041680">
    <ele>33.3</ele>
    <time>2026-07-16T03:42:00Z</time>
   </trkpt>
   <trkpt lat="37.4529450" lon="127.0041050">
    <ele>33.4</ele>
    <time>2026-07-16T03:42:01Z</time>
   </trkpt>
   <trkpt lat="37.4529120" lon="127.0040420">
    <ele>33.5</ele>
    <time>2026-07-16T03:42:02Z</time>
   </trkpt>
   <trkpt lat="37.4528660" lon="127.0039940">
    <ele>33.6</ele>
    <time>2026-07-16T03:42:03Z</time>
   </trkpt>
   <trkpt lat="37.4528120" lon="127.0039660">
    <ele>33.6</ele>
    <time>2026-07-16T03:42:04Z</time>
   </trkpt>
   <trkpt lat="37.4527590" lon="127.0039510">
    <ele>33.7</ele>
    <time>2026-07-16T03:42:05Z</time>
   </trkpt>
   <trkpt lat="37.4527070" lon="127.0039390">
    <ele>33.7</ele>
    <time>2026-07-16T03:42:06Z</time>
   </trkpt>
   <trkpt lat="37.4526550" lon="127.0039240">
    <ele>33.7</ele>
    <time>2026-07-16T03:42:07Z</time>
   </trkpt>
   <trkpt lat="37.4526080" lon="127.0039010">
    <ele>33.7</ele>
    <time>2026-07-16T03:42:08Z</time>
   </trkpt>
   <trkpt lat="37.4525640" lon="127.0038640">
    <ele>33.8</ele>
    <time>2026-07-16T03:42:09Z</time>
   </trkpt>
   <trkpt lat="37.4525200" lon="127.0038230">
    <ele>33.8</ele>
    <time>2026-07-16T03:42:10Z</time>
   </trkpt>
   <trkpt lat="37.4524690" lon="127.0037910">
    <ele>33.9</ele>
    <time>2026-07-16T03:42:11Z</time>
   </trkpt>
   <trkpt lat="37.4524180" lon="127.0037690">
    <ele>33.9</ele>
    <time>2026-07-16T03:42:12Z</time>
   </trkpt>
   <trkpt lat="37.4523600" lon="127.0037590">
    <ele>33.9</ele>
    <time>2026-07-16T03:42:13Z</time>
   </trkpt>
   <trkpt lat="37.4523040" lon="127.0037570">
    <ele>34.0</ele>
    <time>2026-07-16T03:42:14Z</time>
   </trkpt>
   <trkpt lat="37.4522480" lon="127.0037530">
    <ele>34.0</ele>
    <time>2026-07-16T03:42:15Z</time>
   </trkpt>
   <trkpt lat="37.4521920" lon="127.0037440">
    <ele>34.0</ele>
    <time>2026-07-16T03:42:16Z</time>
   </trkpt>
   <trkpt lat="37.4521360" lon="127.0037340">
    <ele>34.1</ele>
    <time>2026-07-16T03:42:17Z</time>
   </trkpt>
   <trkpt lat="37.4520800" lon="127.0037250">
    <ele>34.1</ele>
    <time>2026-07-16T03:42:18Z</time>
   </trkpt>
   <trkpt lat="37.4520240" lon="127.0037190">
    <ele>34.1</ele>
    <time>2026-07-16T03:42:19Z</time>
   </trkpt>
   <trkpt lat="37.4519660" lon="127.0037120">
    <ele>34.1</ele>
    <time>2026-07-16T03:42:20Z</time>
   </trkpt>
   <trkpt lat="37.4519110" lon="127.0037070">
    <ele>34.2</ele>
    <time>2026-07-16T03:42:21Z</time>
   </trkpt>
   <trkpt lat="37.4518530" lon="127.0037030">
    <ele>34.2</ele>
    <time>2026-07-16T03:42:22Z</time>
   </trkpt>
   <trkpt lat="37.4517970" lon="127.0037020">
    <ele>34.2</ele>
    <time>2026-07-16T03:42:23Z</time>
   </trkpt>
   <trkpt lat="37.4517390" lon="127.0037040">
    <ele>34.2</ele>
    <time>2026-07-16T03:42:24Z</time>
   </trkpt>
   <trkpt lat="37.4516830" lon="127.0037060">
    <ele>34.2</ele>
    <time>2026-07-16T03:42:25Z</time>
   </trkpt>
   <trkpt lat="37.4516250" lon="127.0037120">
    <ele>34.2</ele>
    <time>2026-07-16T03:42:26Z</time>
   </trkpt>
   <trkpt lat="37.4515670" lon="127.0037200">
    <ele>34.2</ele>
    <time>2026-07-16T03:42:27Z</time>
   </trkpt>
   <trkpt lat="37.4515080" lon="127.0037230">
    <ele>34.2</ele>
    <time>2026-07-16T03:42:28Z</time>
   </trkpt>
   <trkpt lat="37.4514490" lon="127.0037260">
    <ele>34.2</ele>
    <time>2026-07-16T03:42:29Z</time>
   </trkpt>
   <trkpt lat="37.4513930" lon="127.0037330">
    <ele>34.2</ele>
    <time>2026-07-16T03:42:30Z</time>
   </trkpt>
   <trkpt lat="37.4513360" lon="127.0037370">
    <ele>34.2</ele>
    <time>2026-07-16T03:42:31Z</time>
   </trkpt>
   <trkpt lat="37.4512790" lon="127.0037440">
    <ele>34.2</ele>
    <time>2026-07-16T03:42:32Z</time>
   </trkpt>
   <trkpt lat="37.4512270" lon="127.0037510">
    <ele>34.2</ele>
    <time>2026-07-16T03:42:33Z</time>
   </trkpt>
   <trkpt lat="37.4511740" lon="127.0037610">
    <ele>34.2</ele>
    <time>2026-07-16T03:42:34Z</time>
   </trkpt>
   <trkpt lat="37.4511160" lon="127.0037680">
    <ele>34.3</ele>
    <time>2026-07-16T03:42:35Z</time>
   </trkpt>
   <trkpt lat="37.4510600" lon="127.0037730">
    <ele>34.3</ele>
    <time>2026-07-16T03:42:36Z</time>
   </trkpt>
   <trkpt lat="37.4510030" lon="127.0037780">
    <ele>34.3</ele>
    <time>2026-07-16T03:42:37Z</time>
   </trkpt>
   <trkpt lat="37.4509460" lon="127.0037830">
    <ele>34.4</ele>
    <time>2026-07-16T03:42:38Z</time>
   </trkpt>
   <trkpt lat="37.4508910" lon="127.0037920">
    <ele>34.4</ele>
    <time>2026-07-16T03:42:39Z</time>
   </trkpt>
   <trkpt lat="37.4508360" lon="127.0038030">
    <ele>34.4</ele>
    <time>2026-07-16T03:42:40Z</time>
   </trkpt>
   <trkpt lat="37.4507820" lon="127.0038140">
    <ele>34.4</ele>
    <time>2026-07-16T03:42:41Z</time>
   </trkpt>
   <trkpt lat="37.4507250" lon="127.0038260">
    <ele>34.5</ele>
    <time>2026-07-16T03:42:42Z</time>
   </trkpt>
   <trkpt lat="37.4506700" lon="127.0038310">
    <ele>34.5</ele>
    <time>2026-07-16T03:42:43Z</time>
   </trkpt>
   <trkpt lat="37.4506140" lon="127.0038370">
    <ele>34.4</ele>
    <time>2026-07-16T03:42:44Z</time>
   </trkpt>
   <trkpt lat="37.4505600" lon="127.0038510">
    <ele>34.4</ele>
    <time>2026-07-16T03:42:45Z</time>
   </trkpt>
   <trkpt lat="37.4505100" lon="127.0038660">
    <ele>34.3</ele>
    <time>2026-07-16T03:42:46Z</time>
   </trkpt>
   <trkpt lat="37.4504610" lon="127.0038580">
    <ele>34.3</ele>
    <time>2026-07-16T03:42:47Z</time>
   </trkpt>
   <trkpt lat="37.4504120" lon="127.0038270">
    <ele>34.2</ele>
    <time>2026-07-16T03:42:48Z</time>
   </trkpt>
   <trkpt lat="37.4503770" lon="127.0037780">
    <ele>34.2</ele>
    <time>2026-07-16T03:42:49Z</time>
   </trkpt>
   <trkpt lat="37.4503420" lon="127.0037430">
    <ele>34.3</ele>
    <time>2026-07-16T03:42:50Z</time>
   </trkpt>
   <trkpt lat="37.4502990" lon="127.0037160">
    <ele>34.3</ele>
    <time>2026-07-16T03:42:51Z</time>
   </trkpt>
   <trkpt lat="37.4502590" lon="127.0036910">
    <ele>34.3</ele>
    <time>2026-07-16T03:42:52Z</time>
   </trkpt>
   <trkpt lat="37.4502290" lon="127.0036620">
    <ele>34.3</ele>
    <time>2026-07-16T03:42:53Z</time>
   </trkpt>
   <trkpt lat="37.4501890" lon="127.0036370">
    <ele>34.3</ele>
    <time>2026-07-16T03:42:54Z</time>
   </trkpt>
   <trkpt lat="37.4501410" lon="127.0035960">
    <ele>34.3</ele>
    <time>2026-07-16T03:42:55Z</time>
   </trkpt>
   <trkpt lat="37.4501010" lon="127.0035530">
    <ele>34.3</ele>
    <time>2026-07-16T03:42:56Z</time>
   </trkpt>
   <trkpt lat="37.4500630" lon="127.0035070">
    <ele>34.3</ele>
    <time>2026-07-16T03:42:57Z</time>
   </trkpt>
   <trkpt lat="37.4500400" lon="127.0034810">
    <ele>34.3</ele>
    <time>2026-07-16T03:42:58Z</time>
   </trkpt>
   <trkpt lat="37.4500140" lon="127.0034810">
    <ele>34.3</ele>
    <time>2026-07-16T03:42:59Z</time>
   </trkpt>
   <trkpt lat="37.4499860" lon="127.0034570">
    <ele>34.3</ele>
    <time>2026-07-16T03:43:00Z</time>
   </trkpt>
   <trkpt lat="37.4499640" lon="127.0034250">
    <ele>34.3</ele>
    <time>2026-07-16T03:43:01Z</time>
   </trkpt>
   <trkpt lat="37.4499360" lon="127.0033910">
    <ele>34.3</ele>
    <time>2026-07-16T03:43:02Z</time>
   </trkpt>
   <trkpt lat="37.4499160" lon="127.0033590">
    <ele>34.3</ele>
    <time>2026-07-16T03:43:03Z</time>
   </trkpt>
   <trkpt lat="37.4498810" lon="127.0033340">
    <ele>34.4</ele>
    <time>2026-07-16T03:43:04Z</time>
   </trkpt>
   <trkpt lat="37.4499100" lon="127.0034190">
    <ele>34.4</ele>
    <time>2026-07-16T03:43:05Z</time>
   </trkpt>
   <trkpt lat="37.4498890" lon="127.0033960">
    <ele>34.4</ele>
    <time>2026-07-16T03:43:06Z</time>
   </trkpt>
   <trkpt lat="37.4498540" lon="127.0033660">
    <ele>34.4</ele>
    <time>2026-07-16T03:43:07Z</time>
   </trkpt>
   <trkpt lat="37.4497860" lon="127.0033210">
    <ele>34.4</ele>
    <time>2026-07-16T03:43:08Z</time>
   </trkpt>
   <trkpt lat="37.4497420" lon="127.0032540">
    <ele>34.4</ele>
    <time>2026-07-16T03:43:09Z</time>
   </trkpt>
   <trkpt lat="37.4497200" lon="127.0031980">
    <ele>34.4</ele>
    <time>2026-07-16T03:43:10Z</time>
   </trkpt>
   <trkpt lat="37.4496890" lon="127.0031480">
    <ele>34.5</ele>
    <time>2026-07-16T03:43:11Z</time>
   </trkpt>
   <trkpt lat="37.4496710" lon="127.0030940">
    <ele>34.5</ele>
    <time>2026-07-16T03:43:12Z</time>
   </trkpt>
   <trkpt lat="37.4496490" lon="127.0030280">
    <ele>34.6</ele>
    <time>2026-07-16T03:43:13Z</time>
   </trkpt>
   <trkpt lat="37.4496290" lon="127.0029690">
    <ele>34.6</ele>
    <time>2026-07-16T03:43:14Z</time>
   </trkpt>
   <trkpt lat="37.4496020" lon="127.0029110">
    <ele>34.7</ele>
    <time>2026-07-16T03:43:15Z</time>
   </trkpt>
   <trkpt lat="37.4495820" lon="127.0028500">
    <ele>34.8</ele>
    <time>2026-07-16T03:43:16Z</time>
   </trkpt>
   <trkpt lat="37.4495620" lon="127.0027890">
    <ele>34.8</ele>
    <time>2026-07-16T03:43:17Z</time>
   </trkpt>
   <trkpt lat="37.4495410" lon="127.0027310">
    <ele>34.8</ele>
    <time>2026-07-16T03:43:18Z</time>
   </trkpt>
   <trkpt lat="37.4495230" lon="127.0026670">
    <ele>34.8</ele>
    <time>2026-07-16T03:43:19Z</time>
   </trkpt>
   <trkpt lat="37.4495020" lon="127.0026010">
    <ele>34.8</ele>
    <time>2026-07-16T03:43:20Z</time>
   </trkpt>
   <trkpt lat="37.4494840" lon="127.0025330">
    <ele>34.8</ele>
    <time>2026-07-16T03:43:21Z</time>
   </trkpt>
   <trkpt lat="37.4494680" lon="127.0024690">
    <ele>34.8</ele>
    <time>2026-07-16T03:43:22Z</time>
   </trkpt>
   <trkpt lat="37.4494550" lon="127.0024030">
    <ele>34.8</ele>
    <time>2026-07-16T03:43:23Z</time>
   </trkpt>
   <trkpt lat="37.4494400" lon="127.0023420">
    <ele>34.8</ele>
    <time>2026-07-16T03:43:24Z</time>
   </trkpt>
   <trkpt lat="37.4494260" lon="127.0022820">
    <ele>34.8</ele>
    <time>2026-07-16T03:43:25Z</time>
   </trkpt>
   <trkpt lat="37.4494110" lon="127.0022170">
    <ele>34.8</ele>
    <time>2026-07-16T03:43:26Z</time>
   </trkpt>
   <trkpt lat="37.4493930" lon="127.0021490">
    <ele>34.8</ele>
    <time>2026-07-16T03:43:27Z</time>
   </trkpt>
   <trkpt lat="37.4493750" lon="127.0020850">
    <ele>34.8</ele>
    <time>2026-07-16T03:43:28Z</time>
   </trkpt>
   <trkpt lat="37.4493540" lon="127.0020180">
    <ele>34.8</ele>
    <time>2026-07-16T03:43:29Z</time>
   </trkpt>
   <trkpt lat="37.4493360" lon="127.0019600">
    <ele>34.8</ele>
    <time>2026-07-16T03:43:30Z</time>
   </trkpt>
   <trkpt lat="37.4493220" lon="127.0018980">
    <ele>34.8</ele>
    <time>2026-07-16T03:43:31Z</time>
   </trkpt>
   <trkpt lat="37.4493100" lon="127.0018320">
    <ele>34.8</ele>
    <time>2026-07-16T03:43:32Z</time>
   </trkpt>
   <trkpt lat="37.4492950" lon="127.0017650">
    <ele>34.8</ele>
    <time>2026-07-16T03:43:33Z</time>
   </trkpt>
   <trkpt lat="37.4492760" lon="127.0016960">
    <ele>34.8</ele>
    <time>2026-07-16T03:43:34Z</time>
   </trkpt>
   <trkpt lat="37.4492570" lon="127.0016300">
    <ele>34.8</ele>
    <time>2026-07-16T03:43:35Z</time>
   </trkpt>
   <trkpt lat="37.4492410" lon="127.0015630">
    <ele>34.8</ele>
    <time>2026-07-16T03:43:36Z</time>
   </trkpt>
   <trkpt lat="37.4492250" lon="127.0014970">
    <ele>34.8</ele>
    <time>2026-07-16T03:43:37Z</time>
   </trkpt>
   <trkpt lat="37.4492060" lon="127.0014320">
    <ele>34.8</ele>
    <time>2026-07-16T03:43:38Z</time>
   </trkpt>
   <trkpt lat="37.4491870" lon="127.0013740">
    <ele>34.9</ele>
    <time>2026-07-16T03:43:39Z</time>
   </trkpt>
   <trkpt lat="37.4491710" lon="127.0013190">
    <ele>34.9</ele>
    <time>2026-07-16T03:43:40Z</time>
   </trkpt>
   <trkpt lat="37.4491620" lon="127.0012600">
    <ele>34.9</ele>
    <time>2026-07-16T03:43:41Z</time>
   </trkpt>
   <trkpt lat="37.4491530" lon="127.0012010">
    <ele>35.0</ele>
    <time>2026-07-16T03:43:42Z</time>
   </trkpt>
   <trkpt lat="37.4491370" lon="127.0011440">
    <ele>35.0</ele>
    <time>2026-07-16T03:43:43Z</time>
   </trkpt>
   <trkpt lat="37.4491240" lon="127.0010860">
    <ele>35.1</ele>
    <time>2026-07-16T03:43:44Z</time>
   </trkpt>
   <trkpt lat="37.4491070" lon="127.0010250">
    <ele>35.2</ele>
    <time>2026-07-16T03:43:45Z</time>
   </trkpt>
   <trkpt lat="37.4490920" lon="127.0009590">
    <ele>35.2</ele>
    <time>2026-07-16T03:43:46Z</time>
   </trkpt>
   <trkpt lat="37.4490820" lon="127.0008820">
    <ele>35.3</ele>
    <time>2026-07-16T03:43:47Z</time>
   </trkpt>
   <trkpt lat="37.4490640" lon="127.0008260">
    <ele>35.4</ele>
    <time>2026-07-16T03:43:48Z</time>
   </trkpt>
   <trkpt lat="37.4490430" lon="127.0007620">
    <ele>35.5</ele>
    <time>2026-07-16T03:43:49Z</time>
   </trkpt>
   <trkpt lat="37.4490260" lon="127.0006980">
    <ele>35.5</ele>
    <time>2026-07-16T03:43:50Z</time>
   </trkpt>
   <trkpt lat="37.4490110" lon="127.0006310">
    <ele>35.6</ele>
    <time>2026-07-16T03:43:51Z</time>
   </trkpt>
   <trkpt lat="37.4489940" lon="127.0005710">
    <ele>35.6</ele>
    <time>2026-07-16T03:43:52Z</time>
   </trkpt>
   <trkpt lat="37.4489780" lon="127.0005130">
    <ele>35.7</ele>
    <time>2026-07-16T03:43:53Z</time>
   </trkpt>
   <trkpt lat="37.4489660" lon="127.0004510">
    <ele>35.7</ele>
    <time>2026-07-16T03:43:54Z</time>
   </trkpt>
   <trkpt lat="37.4489610" lon="127.0003770">
    <ele>35.7</ele>
    <time>2026-07-16T03:43:55Z</time>
   </trkpt>
   <trkpt lat="37.4489540" lon="127.0003120">
    <ele>35.8</ele>
    <time>2026-07-16T03:43:56Z</time>
   </trkpt>
   <trkpt lat="37.4489350" lon="127.0002420">
    <ele>35.8</ele>
    <time>2026-07-16T03:43:57Z</time>
   </trkpt>
   <trkpt lat="37.4489020" lon="127.0001800">
    <ele>35.8</ele>
    <time>2026-07-16T03:43:58Z</time>
   </trkpt>
   <trkpt lat="37.4488790" lon="127.0001170">
    <ele>35.8</ele>
    <time>2026-07-16T03:43:59Z</time>
   </trkpt>
   <trkpt lat="37.4488490" lon="127.0000540">
    <ele>35.8</ele>
    <time>2026-07-16T03:44:00Z</time>
   </trkpt>
   <trkpt lat="37.4488170" lon="126.9999960">
    <ele>35.8</ele>
    <time>2026-07-16T03:44:01Z</time>
   </trkpt>
   <trkpt lat="37.4487830" lon="126.9999400">
    <ele>35.9</ele>
    <time>2026-07-16T03:44:02Z</time>
   </trkpt>
   <trkpt lat="37.4487500" lon="126.9998810">
    <ele>35.9</ele>
    <time>2026-07-16T03:44:03Z</time>
   </trkpt>
   <trkpt lat="37.4487150" lon="126.9998280">
    <ele>35.9</ele>
    <time>2026-07-16T03:44:04Z</time>
   </trkpt>
   <trkpt lat="37.4486800" lon="126.9997720">
    <ele>35.9</ele>
    <time>2026-07-16T03:44:05Z</time>
   </trkpt>
   <trkpt lat="37.4486450" lon="126.9997150">
    <ele>35.9</ele>
    <time>2026-07-16T03:44:06Z</time>
   </trkpt>
   <trkpt lat="37.4486100" lon="126.9996610">
    <ele>36.0</ele>
    <time>2026-07-16T03:44:07Z</time>
   </trkpt>
   <trkpt lat="37.4485730" lon="126.9996030">
    <ele>36.0</ele>
    <time>2026-07-16T03:44:08Z</time>
   </trkpt>
   <trkpt lat="37.4485360" lon="126.9995480">
    <ele>36.0</ele>
    <time>2026-07-16T03:44:09Z</time>
   </trkpt>
   <trkpt lat="37.4484990" lon="126.9994950">
    <ele>36.0</ele>
    <time>2026-07-16T03:44:10Z</time>
   </trkpt>
   <trkpt lat="37.4484610" lon="126.9994430">
    <ele>36.0</ele>
    <time>2026-07-16T03:44:11Z</time>
   </trkpt>
   <trkpt lat="37.4484190" lon="126.9993930">
    <ele>36.0</ele>
    <time>2026-07-16T03:44:12Z</time>
   </trkpt>
   <trkpt lat="37.4483810" lon="126.9993460">
    <ele>36.0</ele>
    <time>2026-07-16T03:44:13Z</time>
   </trkpt>
   <trkpt lat="37.4483400" lon="126.9992990">
    <ele>36.0</ele>
    <time>2026-07-16T03:44:14Z</time>
   </trkpt>
   <trkpt lat="37.4482970" lon="126.9992520">
    <ele>36.0</ele>
    <time>2026-07-16T03:44:15Z</time>
   </trkpt>
   <trkpt lat="37.4482510" lon="126.9992070">
    <ele>36.1</ele>
    <time>2026-07-16T03:44:16Z</time>
   </trkpt>
   <trkpt lat="37.4482000" lon="126.9991750">
    <ele>36.1</ele>
    <time>2026-07-16T03:44:17Z</time>
   </trkpt>
   <trkpt lat="37.4481500" lon="126.9991460">
    <ele>36.1</ele>
    <time>2026-07-16T03:44:18Z</time>
   </trkpt>
   <trkpt lat="37.4480990" lon="126.9991170">
    <ele>36.1</ele>
    <time>2026-07-16T03:44:19Z</time>
   </trkpt>
   <trkpt lat="37.4480450" lon="126.9990930">
    <ele>36.1</ele>
    <time>2026-07-16T03:44:20Z</time>
   </trkpt>
   <trkpt lat="37.4479940" lon="126.9990650">
    <ele>36.1</ele>
    <time>2026-07-16T03:44:21Z</time>
   </trkpt>
   <trkpt lat="37.4479420" lon="126.9990390">
    <ele>36.2</ele>
    <time>2026-07-16T03:44:22Z</time>
   </trkpt>
   <trkpt lat="37.4478900" lon="126.9990110">
    <ele>36.2</ele>
    <time>2026-07-16T03:44:23Z</time>
   </trkpt>
   <trkpt lat="37.4478410" lon="126.9989800">
    <ele>36.2</ele>
    <time>2026-07-16T03:44:24Z</time>
   </trkpt>
   <trkpt lat="37.4477900" lon="126.9989530">
    <ele>36.2</ele>
    <time>2026-07-16T03:44:25Z</time>
   </trkpt>
   <trkpt lat="37.4477380" lon="126.9989230">
    <ele>36.2</ele>
    <time>2026-07-16T03:44:26Z</time>
   </trkpt>
   <trkpt lat="37.4476910" lon="126.9988970">
    <ele>36.2</ele>
    <time>2026-07-16T03:44:27Z</time>
   </trkpt>
   <trkpt lat="37.4476460" lon="126.9988690">
    <ele>36.2</ele>
    <time>2026-07-16T03:44:28Z</time>
   </trkpt>
   <trkpt lat="37.4475960" lon="126.9988510">
    <ele>36.2</ele>
    <time>2026-07-16T03:44:29Z</time>
   </trkpt>
   <trkpt lat="37.4475520" lon="126.9988270">
    <ele>36.2</ele>
    <time>2026-07-16T03:44:30Z</time>
   </trkpt>
   <trkpt lat="37.4475080" lon="126.9988000">
    <ele>36.3</ele>
    <time>2026-07-16T03:44:31Z</time>
   </trkpt>
   <trkpt lat="37.4474620" lon="126.9987660">
    <ele>36.3</ele>
    <time>2026-07-16T03:44:32Z</time>
   </trkpt>
   <trkpt lat="37.4474130" lon="126.9987330">
    <ele>36.3</ele>
    <time>2026-07-16T03:44:33Z</time>
   </trkpt>
   <trkpt lat="37.4473620" lon="126.9987030">
    <ele>36.4</ele>
    <time>2026-07-16T03:44:34Z</time>
   </trkpt>
   <trkpt lat="37.4473130" lon="126.9986710">
    <ele>36.4</ele>
    <time>2026-07-16T03:44:35Z</time>
   </trkpt>
   <trkpt lat="37.4472630" lon="126.9986400">
    <ele>36.4</ele>
    <time>2026-07-16T03:44:36Z</time>
   </trkpt>
   <trkpt lat="37.4472140" lon="126.9986100">
    <ele>36.5</ele>
    <time>2026-07-16T03:44:37Z</time>
   </trkpt>
   <trkpt lat="37.4471650" lon="126.9985810">
    <ele>36.5</ele>
    <time>2026-07-16T03:44:38Z</time>
   </trkpt>
   <trkpt lat="37.4471150" lon="126.9985500">
    <ele>36.6</ele>
    <time>2026-07-16T03:44:39Z</time>
   </trkpt>
   <trkpt lat="37.4470760" lon="126.9985180">
    <ele>36.7</ele>
    <time>2026-07-16T03:44:40Z</time>
   </trkpt>
   <trkpt lat="37.4470350" lon="126.9984890">
    <ele>36.7</ele>
    <time>2026-07-16T03:44:41Z</time>
   </trkpt>
   <trkpt lat="37.4469970" lon="126.9984540">
    <ele>36.8</ele>
    <time>2026-07-16T03:44:42Z</time>
   </trkpt>
   <trkpt lat="37.4469570" lon="126.9984190">
    <ele>36.9</ele>
    <time>2026-07-16T03:44:43Z</time>
   </trkpt>
   <trkpt lat="37.4469150" lon="126.9983850">
    <ele>36.9</ele>
    <time>2026-07-16T03:44:44Z</time>
   </trkpt>
   <trkpt lat="37.4468750" lon="126.9983500">
    <ele>37.0</ele>
    <time>2026-07-16T03:44:45Z</time>
   </trkpt>
   <trkpt lat="37.4468320" lon="126.9983180">
    <ele>37.1</ele>
    <time>2026-07-16T03:44:46Z</time>
   </trkpt>
   <trkpt lat="37.4467920" lon="126.9982820">
    <ele>37.1</ele>
    <time>2026-07-16T03:44:47Z</time>
   </trkpt>
   <trkpt lat="37.4467570" lon="126.9982400">
    <ele>37.1</ele>
    <time>2026-07-16T03:44:48Z</time>
   </trkpt>
   <trkpt lat="37.4467370" lon="126.9981790">
    <ele>37.2</ele>
    <time>2026-07-16T03:44:49Z</time>
   </trkpt>
   <trkpt lat="37.4467350" lon="126.9981090">
    <ele>37.2</ele>
    <time>2026-07-16T03:44:50Z</time>
   </trkpt>
   <trkpt lat="37.4467410" lon="126.9980440">
    <ele>37.2</ele>
    <time>2026-07-16T03:44:51Z</time>
   </trkpt>
   <trkpt lat="37.4467440" lon="126.9979900">
    <ele>37.2</ele>
    <time>2026-07-16T03:44:52Z</time>
   </trkpt>
   <trkpt lat="37.4467330" lon="126.9979350">
    <ele>37.2</ele>
    <time>2026-07-16T03:44:53Z</time>
   </trkpt>
   <trkpt lat="37.4466880" lon="126.9979020">
    <ele>37.2</ele>
    <time>2026-07-16T03:44:54Z</time>
   </trkpt>
   <trkpt lat="37.4466440" lon="126.9978740">
    <ele>37.2</ele>
    <time>2026-07-16T03:44:55Z</time>
   </trkpt>
   <trkpt lat="37.4465990" lon="126.9978350">
    <ele>37.2</ele>
    <time>2026-07-16T03:44:56Z</time>
   </trkpt>
   <trkpt lat="37.4465610" lon="126.9977900">
    <ele>37.2</ele>
    <time>2026-07-16T03:44:57Z</time>
   </trkpt>
   <trkpt lat="37.4465210" lon="126.9977410">
    <ele>37.2</ele>
    <time>2026-07-16T03:44:58Z</time>
   </trkpt>
   <trkpt lat="37.4464780" lon="126.9976990">
    <ele>37.2</ele>
    <time>2026-07-16T03:44:59Z</time>
   </trkpt>
   <trkpt lat="37.4464380" lon="126.9976530">
    <ele>37.3</ele>
    <time>2026-07-16T03:45:00Z</time>
   </trkpt>
   <trkpt lat="37.4464000" lon="126.9976070">
    <ele>37.3</ele>
    <time>2026-07-16T03:45:01Z</time>
   </trkpt>
   <trkpt lat="37.4463570" lon="126.9975670">
    <ele>37.4</ele>
    <time>2026-07-16T03:45:02Z</time>
   </trkpt>
   <trkpt lat="37.4463150" lon="126.9975260">
    <ele>37.4</ele>
    <time>2026-07-16T03:45:03Z</time>
   </trkpt>
   <trkpt lat="37.4462750" lon="126.9974820">
    <ele>37.5</ele>
    <time>2026-07-16T03:45:04Z</time>
   </trkpt>
   <trkpt lat="37.4462330" lon="126.9974390">
    <ele>37.5</ele>
    <time>2026-07-16T03:45:05Z</time>
   </trkpt>
   <trkpt lat="37.4461930" lon="126.9973930">
    <ele>37.5</ele>
    <time>2026-07-16T03:45:06Z</time>
   </trkpt>
   <trkpt lat="37.4461520" lon="126.9973450">
    <ele>37.5</ele>
    <time>2026-07-16T03:45:07Z</time>
   </trkpt>
   <trkpt lat="37.4461110" lon="126.9973000">
    <ele>37.6</ele>
    <time>2026-07-16T03:45:08Z</time>
   </trkpt>
   <trkpt lat="37.4460690" lon="126.9972540">
    <ele>37.6</ele>
    <time>2026-07-16T03:45:09Z</time>
   </trkpt>
   <trkpt lat="37.4460250" lon="126.9972080">
    <ele>37.6</ele>
    <time>2026-07-16T03:45:10Z</time>
   </trkpt>
   <trkpt lat="37.4459840" lon="126.9971610">
    <ele>37.6</ele>
    <time>2026-07-16T03:45:11Z</time>
   </trkpt>
   <trkpt lat="37.4459400" lon="126.9971110">
    <ele>37.6</ele>
    <time>2026-07-16T03:45:12Z</time>
   </trkpt>
   <trkpt lat="37.4458980" lon="126.9970620">
    <ele>37.7</ele>
    <time>2026-07-16T03:45:13Z</time>
   </trkpt>
   <trkpt lat="37.4458560" lon="126.9970180">
    <ele>37.7</ele>
    <time>2026-07-16T03:45:14Z</time>
   </trkpt>
   <trkpt lat="37.4458140" lon="126.9969680">
    <ele>37.7</ele>
    <time>2026-07-16T03:45:15Z</time>
   </trkpt>
   <trkpt lat="37.4457750" lon="126.9969210">
    <ele>37.7</ele>
    <time>2026-07-16T03:45:16Z</time>
   </trkpt>
   <trkpt lat="37.4457370" lon="126.9968720">
    <ele>37.8</ele>
    <time>2026-07-16T03:45:17Z</time>
   </trkpt>
   <trkpt lat="37.4456990" lon="126.9968230">
    <ele>37.8</ele>
    <time>2026-07-16T03:45:18Z</time>
   </trkpt>
   <trkpt lat="37.4456630" lon="126.9967710">
    <ele>37.8</ele>
    <time>2026-07-16T03:45:19Z</time>
   </trkpt>
   <trkpt lat="37.4456240" lon="126.9967220">
    <ele>37.7</ele>
    <time>2026-07-16T03:45:20Z</time>
   </trkpt>
   <trkpt lat="37.4455790" lon="126.9966730">
    <ele>37.7</ele>
    <time>2026-07-16T03:45:21Z</time>
   </trkpt>
   <trkpt lat="37.4455340" lon="126.9966270">
    <ele>37.6</ele>
    <time>2026-07-16T03:45:22Z</time>
   </trkpt>
   <trkpt lat="37.4454850" lon="126.9965880">
    <ele>37.5</ele>
    <time>2026-07-16T03:45:23Z</time>
   </trkpt>
   <trkpt lat="37.4454320" lon="126.9965490">
    <ele>37.4</ele>
    <time>2026-07-16T03:45:24Z</time>
   </trkpt>
   <trkpt lat="37.4453790" lon="126.9965240">
    <ele>37.4</ele>
    <time>2026-07-16T03:45:25Z</time>
   </trkpt>
   <trkpt lat="37.4453260" lon="126.9965060">
    <ele>37.4</ele>
    <time>2026-07-16T03:45:26Z</time>
   </trkpt>
   <trkpt lat="37.4452780" lon="126.9964890">
    <ele>37.4</ele>
    <time>2026-07-16T03:45:27Z</time>
   </trkpt>
   <trkpt lat="37.4452260" lon="126.9964740">
    <ele>37.5</ele>
    <time>2026-07-16T03:45:28Z</time>
   </trkpt>
   <trkpt lat="37.4451710" lon="126.9964530">
    <ele>37.5</ele>
    <time>2026-07-16T03:45:29Z</time>
   </trkpt>
   <trkpt lat="37.4451180" lon="126.9964260">
    <ele>37.5</ele>
    <time>2026-07-16T03:45:30Z</time>
   </trkpt>
   <trkpt lat="37.4450630" lon="126.9963990">
    <ele>37.5</ele>
    <time>2026-07-16T03:45:31Z</time>
   </trkpt>
   <trkpt lat="37.4450110" lon="126.9963740">
    <ele>37.5</ele>
    <time>2026-07-16T03:45:32Z</time>
   </trkpt>
   <trkpt lat="37.4449550" lon="126.9963510">
    <ele>37.5</ele>
    <time>2026-07-16T03:45:33Z</time>
   </trkpt>
   <trkpt lat="37.4449070" lon="126.9963130">
    <ele>37.6</ele>
    <time>2026-07-16T03:45:34Z</time>
   </trkpt>
   <trkpt lat="37.4448530" lon="126.9962940">
    <ele>37.6</ele>
    <time>2026-07-16T03:45:35Z</time>
   </trkpt>
   <trkpt lat="37.4447790" lon="126.9963310">
    <ele>37.6</ele>
    <time>2026-07-16T03:45:36Z</time>
   </trkpt>
   <trkpt lat="37.4446610" lon="126.9962110">
    <ele>37.8</ele>
    <time>2026-07-16T03:45:38Z</time>
   </trkpt>
   <trkpt lat="37.4446090" lon="126.9962020">
    <ele>37.9</ele>
    <time>2026-07-16T03:45:39Z</time>
   </trkpt>
   <trkpt lat="37.4445550" lon="126.9962160">
    <ele>37.9</ele>
    <time>2026-07-16T03:45:40Z</time>
   </trkpt>
   <trkpt lat="37.4444980" lon="126.9962210">
    <ele>37.9</ele>
    <time>2026-07-16T03:45:41Z</time>
   </trkpt>
   <trkpt lat="37.4444450" lon="126.9962230">
    <ele>37.9</ele>
    <time>2026-07-16T03:45:42Z</time>
   </trkpt>
   <trkpt lat="37.4443980" lon="126.9962270">
    <ele>37.9</ele>
    <time>2026-07-16T03:45:43Z</time>
   </trkpt>
   <trkpt lat="37.4443530" lon="126.9962280">
    <ele>37.9</ele>
    <time>2026-07-16T03:45:44Z</time>
   </trkpt>
   <trkpt lat="37.4443040" lon="126.9962280">
    <ele>37.9</ele>
    <time>2026-07-16T03:45:45Z</time>
   </trkpt>
   <trkpt lat="37.4442500" lon="126.9962370">
    <ele>37.9</ele>
    <time>2026-07-16T03:45:46Z</time>
   </trkpt>
   <trkpt lat="37.4441970" lon="126.9962420">
    <ele>37.9</ele>
    <time>2026-07-16T03:45:47Z</time>
   </trkpt>
   <trkpt lat="37.4441400" lon="126.9962470">
    <ele>37.9</ele>
    <time>2026-07-16T03:45:48Z</time>
   </trkpt>
   <trkpt lat="37.4440840" lon="126.9962530">
    <ele>37.8</ele>
    <time>2026-07-16T03:45:49Z</time>
   </trkpt>
   <trkpt lat="37.4440300" lon="126.9962550">
    <ele>37.8</ele>
    <time>2026-07-16T03:45:50Z</time>
   </trkpt>
   <trkpt lat="37.4439770" lon="126.9962540">
    <ele>37.8</ele>
    <time>2026-07-16T03:45:51Z</time>
   </trkpt>
   <trkpt lat="37.4439230" lon="126.9962560">
    <ele>37.8</ele>
    <time>2026-07-16T03:45:52Z</time>
   </trkpt>
   <trkpt lat="37.4438650" lon="126.9962590">
    <ele>37.8</ele>
    <time>2026-07-16T03:45:53Z</time>
   </trkpt>
   <trkpt lat="37.4438110" lon="126.9962650">
    <ele>37.8</ele>
    <time>2026-07-16T03:45:54Z</time>
   </trkpt>
   <trkpt lat="37.4437560" lon="126.9962640">
    <ele>37.8</ele>
    <time>2026-07-16T03:45:55Z</time>
   </trkpt>
   <trkpt lat="37.4437040" lon="126.9962500">
    <ele>37.9</ele>
    <time>2026-07-16T03:45:56Z</time>
   </trkpt>
   <trkpt lat="37.4436520" lon="126.9962320">
    <ele>37.9</ele>
    <time>2026-07-16T03:45:57Z</time>
   </trkpt>
   <trkpt lat="37.4435980" lon="126.9962170">
    <ele>37.9</ele>
    <time>2026-07-16T03:45:58Z</time>
   </trkpt>
   <trkpt lat="37.4435500" lon="126.9962080">
    <ele>37.9</ele>
    <time>2026-07-16T03:45:59Z</time>
   </trkpt>
   <trkpt lat="37.4435050" lon="126.9961980">
    <ele>38.4</ele>
    <time>2026-07-16T03:46:00Z</time>
   </trkpt>
   <trkpt lat="37.4434700" lon="126.9961860">
    <ele>38.8</ele>
    <time>2026-07-16T03:46:01Z</time>
   </trkpt>
   <trkpt lat="37.4434380" lon="126.9961760">
    <ele>39.2</ele>
    <time>2026-07-16T03:46:02Z</time>
   </trkpt>
   <trkpt lat="37.4434100" lon="126.9961660">
    <ele>39.4</ele>
    <time>2026-07-16T03:46:03Z</time>
   </trkpt>
   <trkpt lat="37.4433830" lon="126.9961560">
    <ele>39.7</ele>
    <time>2026-07-16T03:46:04Z</time>
   </trkpt>
   <trkpt lat="37.4433520" lon="126.9961510">
    <ele>39.9</ele>
    <time>2026-07-16T03:46:05Z</time>
   </trkpt>
   <trkpt lat="37.4433230" lon="126.9961490">
    <ele>40.0</ele>
    <time>2026-07-16T03:46:06Z</time>
   </trkpt>
   <trkpt lat="37.4432930" lon="126.9961310">
    <ele>40.1</ele>
    <time>2026-07-16T03:46:07Z</time>
   </trkpt>
   <trkpt lat="37.4432530" lon="126.9961100">
    <ele>40.2</ele>
    <time>2026-07-16T03:46:08Z</time>
   </trkpt>
   <trkpt lat="37.4432110" lon="126.9960930">
    <ele>40.2</ele>
    <time>2026-07-16T03:46:09Z</time>
   </trkpt>
   <trkpt lat="37.4431680" lon="126.9960670">
    <ele>40.2</ele>
    <time>2026-07-16T03:46:10Z</time>
   </trkpt>
   <trkpt lat="37.4431210" lon="126.9960420">
    <ele>40.1</ele>
    <time>2026-07-16T03:46:11Z</time>
   </trkpt>
   <trkpt lat="37.4430670" lon="126.9960330">
    <ele>40.1</ele>
    <time>2026-07-16T03:46:12Z</time>
   </trkpt>
   <trkpt lat="37.4430060" lon="126.9960350">
    <ele>40.1</ele>
    <time>2026-07-16T03:46:13Z</time>
   </trkpt>
   <trkpt lat="37.4429540" lon="126.9960420">
    <ele>40.1</ele>
    <time>2026-07-16T03:46:14Z</time>
   </trkpt>
   <trkpt lat="37.4429030" lon="126.9960340">
    <ele>40.1</ele>
    <time>2026-07-16T03:46:15Z</time>
   </trkpt>
   <trkpt lat="37.4428610" lon="126.9960160">
    <ele>40.1</ele>
    <time>2026-07-16T03:46:16Z</time>
   </trkpt>
   <trkpt lat="37.4428190" lon="126.9959900">
    <ele>40.1</ele>
    <time>2026-07-16T03:46:17Z</time>
   </trkpt>
   <trkpt lat="37.4427680" lon="126.9959770">
    <ele>40.2</ele>
    <time>2026-07-16T03:46:18Z</time>
   </trkpt>
   <trkpt lat="37.4427150" lon="126.9959670">
    <ele>40.2</ele>
    <time>2026-07-16T03:46:19Z</time>
   </trkpt>
   <trkpt lat="37.4426670" lon="126.9959530">
    <ele>40.3</ele>
    <time>2026-07-16T03:46:20Z</time>
   </trkpt>
   <trkpt lat="37.4426190" lon="126.9959300">
    <ele>40.3</ele>
    <time>2026-07-16T03:46:21Z</time>
   </trkpt>
   <trkpt lat="37.4425660" lon="126.9959030">
    <ele>40.4</ele>
    <time>2026-07-16T03:46:22Z</time>
   </trkpt>
   <trkpt lat="37.4425190" lon="126.9958740">
    <ele>40.5</ele>
    <time>2026-07-16T03:46:23Z</time>
   </trkpt>
   <trkpt lat="37.4424700" lon="126.9958480">
    <ele>40.6</ele>
    <time>2026-07-16T03:46:24Z</time>
   </trkpt>
   <trkpt lat="37.4424260" lon="126.9958460">
    <ele>40.8</ele>
    <time>2026-07-16T03:46:25Z</time>
   </trkpt>
   <trkpt lat="37.4423840" lon="126.9958760">
    <ele>40.8</ele>
    <time>2026-07-16T03:46:26Z</time>
   </trkpt>
   <trkpt lat="37.4423620" lon="126.9959290">
    <ele>40.8</ele>
    <time>2026-07-16T03:46:27Z</time>
   </trkpt>
   <trkpt lat="37.4423520" lon="126.9959910">
    <ele>40.8</ele>
    <time>2026-07-16T03:46:28Z</time>
   </trkpt>
   <trkpt lat="37.4423410" lon="126.9960530">
    <ele>40.8</ele>
    <time>2026-07-16T03:46:29Z</time>
   </trkpt>
   <trkpt lat="37.4423240" lon="126.9961120">
    <ele>40.8</ele>
    <time>2026-07-16T03:46:30Z</time>
   </trkpt>
   <trkpt lat="37.4423070" lon="126.9961700">
    <ele>40.8</ele>
    <time>2026-07-16T03:46:31Z</time>
   </trkpt>
   <trkpt lat="37.4422910" lon="126.9962300">
    <ele>40.7</ele>
    <time>2026-07-16T03:46:32Z</time>
   </trkpt>
   <trkpt lat="37.4422760" lon="126.9963050">
    <ele>40.6</ele>
    <time>2026-07-16T03:46:33Z</time>
   </trkpt>
   <trkpt lat="37.4422720" lon="126.9963710">
    <ele>40.5</ele>
    <time>2026-07-16T03:46:34Z</time>
   </trkpt>
   <trkpt lat="37.4422710" lon="126.9964290">
    <ele>40.5</ele>
    <time>2026-07-16T03:46:35Z</time>
   </trkpt>
   <trkpt lat="37.4422630" lon="126.9964680">
    <ele>40.4</ele>
    <time>2026-07-16T03:46:36Z</time>
   </trkpt>
   <trkpt lat="37.4422520" lon="126.9964930">
    <ele>40.4</ele>
    <time>2026-07-16T03:46:37Z</time>
   </trkpt>
   <trkpt lat="37.4422320" lon="126.9965110">
    <ele>40.4</ele>
    <time>2026-07-16T03:46:38Z</time>
   </trkpt>
   <trkpt lat="37.4422080" lon="126.9965200">
    <ele>40.4</ele>
    <time>2026-07-16T03:46:39Z</time>
   </trkpt>
   <trkpt lat="37.4421680" lon="126.9965120">
    <ele>40.3</ele>
    <time>2026-07-16T03:46:40Z</time>
   </trkpt>
   <trkpt lat="37.4421220" lon="126.9964980">
    <ele>40.3</ele>
    <time>2026-07-16T03:46:41Z</time>
   </trkpt>
   <trkpt lat="37.4420680" lon="126.9964870">
    <ele>40.3</ele>
    <time>2026-07-16T03:46:42Z</time>
   </trkpt>
   <trkpt lat="37.4420240" lon="126.9964780">
    <ele>40.2</ele>
    <time>2026-07-16T03:46:43Z</time>
   </trkpt>
   <trkpt lat="37.4419710" lon="126.9964760">
    <ele>40.2</ele>
    <time>2026-07-16T03:46:44Z</time>
   </trkpt>
   <trkpt lat="37.4419170" lon="126.9964740">
    <ele>40.2</ele>
    <time>2026-07-16T03:46:45Z</time>
   </trkpt>
   <trkpt lat="37.4418610" lon="126.9964770">
    <ele>40.1</ele>
    <time>2026-07-16T03:46:46Z</time>
   </trkpt>
   <trkpt lat="37.4418060" lon="126.9964760">
    <ele>40.1</ele>
    <time>2026-07-16T03:46:47Z</time>
   </trkpt>
   <trkpt lat="37.4417470" lon="126.9964740">
    <ele>40.1</ele>
    <time>2026-07-16T03:46:48Z</time>
   </trkpt>
   <trkpt lat="37.4416900" lon="126.9964750">
    <ele>40.0</ele>
    <time>2026-07-16T03:46:49Z</time>
   </trkpt>
   <trkpt lat="37.4416330" lon="126.9964750">
    <ele>40.0</ele>
    <time>2026-07-16T03:46:50Z</time>
   </trkpt>
   <trkpt lat="37.4415750" lon="126.9964750">
    <ele>40.0</ele>
    <time>2026-07-16T03:46:51Z</time>
   </trkpt>
   <trkpt lat="37.4415180" lon="126.9964730">
    <ele>38.4</ele>
    <time>2026-07-16T03:46:52Z</time>
   </trkpt>
   <trkpt lat="37.4415180" lon="126.9964730">
    <ele>38.4</ele>
    <time>2026-07-16T03:46:53Z</time>
   </trkpt>
  </trkseg>
 </trk>
</gpx>
